date,discharge_cumecs,is_spike,is_interpolated
1971-08-30,745.0,False,False
1971-08-31,650.0,False,False
1971-09-01,500.0,False,False
1971-09-02,495.0,False,False
1971-09-03,444.9,False,False
1971-09-04,395.5,False,False
1971-09-05,363.9,False,False
1971-09-06,406.9,False,False
1971-09-07,445.0,False,False
1971-09-08,430.0,False,False
1971-09-09,425.0,False,False
1971-09-10,412.0,False,False
1971-09-11,424.4,False,False
1971-09-12,386.4,False,False
1971-09-13,391.6,False,False
1971-09-14,285.0,False,False
1971-09-15,326.0,False,False
1971-09-16,660.0,False,False
1971-09-17,515.0,False,False
1971-09-18,880.0,False,False
1971-09-19,797.8,False,False
1971-09-20,535.0,False,False
1971-09-21,755.0,False,False
1971-09-22,1011.2,False,False
1971-09-23,934.8,False,False
1971-09-24,700.0,False,False
1971-09-25,785.0,False,False
1971-09-26,595.0,False,False
1971-09-27,565.0,False,False
1971-09-28,500.0,False,False
1971-09-29,497.9,False,False
1971-09-30,483.0,False,False
1971-10-01,453.6,False,False
1971-10-02,416.8,False,False
1971-10-03,467.9,False,False
1971-10-04,326.0,False,False
1971-10-05,474.6,False,False
1971-10-06,431.6,False,False
1971-10-07,403.4,False,False
1971-10-08,386.6,False,False
1971-10-09,347.4,False,False
1971-10-10,305.3,False,False
1971-10-11,1235.0,False,False
1971-10-12,1070.0,False,False
1971-10-13,908.1,False,False
1971-10-14,863.0,False,False
1971-10-15,601.3,False,False
1971-10-16,525.0,False,False
1971-10-17,259.8,False,False
1971-10-18,254.9,False,False
1971-10-19,235.8,False,False
1971-10-20,424.0,False,False
1971-10-21,543.4,False,False
1971-10-22,665.0,False,False
1971-10-23,700.0,False,False
1971-10-24,580.0,False,False
1971-10-25,525.0,False,False
1971-10-26,425.0,False,False
1971-10-27,244.0,False,False
1971-10-28,350.7,False,False
1971-10-29,390.0,False,False
1971-10-30,302.5,False,False
1971-10-31,263.2,False,False
1971-11-01,280.0,False,False
1971-11-02,244.2,False,False
1971-11-03,228.9,False,False
1971-11-04,287.5,False,False
1971-11-05,270.9,False,False
1971-11-06,253.7,False,False
1971-11-07,258.7,False,False
1971-11-08,248.3,False,False
1971-11-09,233.4,False,False
1971-11-10,215.6,False,False
1971-11-11,184.4,False,False
1971-11-12,175.0,False,False
1971-11-13,216.6,False,False
1971-11-14,305.0,False,False
1971-11-15,300.0,False,False
1971-11-16,250.0,False,False
1971-11-17,155.9,False,False
1971-11-18,154.9,False,False
1971-11-19,161.6,False,False
1971-11-20,205.0,False,False
1971-11-21,156.8,False,False
1971-11-22,156.7,False,False
1971-11-23,150.5,False,False
1971-11-24,150.4,False,False
1971-11-25,165.6,False,False
1971-11-26,144.8,False,False
1971-11-27,161.3,False,False
1971-11-28,193.4,False,False
1971-11-29,186.0,False,False
1971-11-30,187.6,False,False
1971-12-01,163.2,False,False
1971-12-02,137.6,False,False
1971-12-03,136.4,False,False
1971-12-04,133.6,False,False
1971-12-05,137.0,False,False
1971-12-06,146.8,False,False
1971-12-07,159.1,False,False
1971-12-08,155.6,False,False
1971-12-09,144.8,False,False
1971-12-10,157.3,False,False
1971-12-11,147.3,False,False
1971-12-12,146.6,False,False
1971-12-13,142.8,False,False
1971-12-14,142.7,False,False
1971-12-15,143.1,False,False
1971-12-16,137.1,False,False
1971-12-17,157.8,False,False
1971-12-18,220.0,False,False
1971-12-19,169.3,False,False
1971-12-20,190.0,False,False
1971-12-21,185.0,False,False
1971-12-22,160.0,False,False
1971-12-23,107.2,False,False
1971-12-24,136.6,False,False
1971-12-25,106.3,False,False
1971-12-26,97.6,False,False
1971-12-27,120.6,False,False
1971-12-28,131.8,False,False
1971-12-29,105.3,False,False
1971-12-30,102.3,False,False
1971-12-31,101.5,False,False
1972-01-01,106.1,False,False
1972-01-02,105.3,False,False
1972-01-03,110.5,False,False
1972-01-04,103.6,False,False
1972-01-05,104.3,False,False
1972-01-06,103.8,False,False
1972-01-07,101.7,False,False
1972-01-08,100.7,False,False
1972-01-09,97.3,False,False
1972-01-10,96.4,False,False
1972-01-11,89.7,False,False
1972-01-12,88.6,False,False
1972-01-13,107.6,False,False
1972-01-14,83.8,False,False
1972-01-15,81.0,False,False
1972-01-16,79.2,False,False
1972-01-17,77.3,False,False
1972-01-18,74.7,False,False
1972-01-19,76.7,False,False
1972-01-20,73.9,False,False
1972-01-21,50.8,False,False
1972-01-22,40.3,False,False
1972-01-23,49.0,False,False
1972-01-24,39.4,False,False
1972-01-25,45.4,False,False
1972-01-26,38.9,False,False
1972-01-27,50.9,False,False
1972-01-28,36.4,False,False
1972-01-29,66.3,False,False
1972-01-30,55.4,False,False
1972-01-31,47.6,False,False
1972-02-01,38.0,False,False
1972-02-02,31.7,False,False
1972-02-03,33.3,False,False
1972-02-04,37.8,False,False
1972-02-05,25.2,False,False
1972-02-06,20.9,False,False
1972-02-07,21.2,False,False
1972-02-08,20.0,False,False
1972-02-09,19.8,False,False
1972-02-10,19.6,False,False
1972-02-11,32.3,False,False
1972-02-12,35.2,False,False
1972-02-13,30.1,False,False
1972-02-14,32.1,False,False
1972-02-15,48.4,False,False
1972-02-16,29.8,False,False
1972-02-17,28.8,False,False
1972-02-18,26.2,False,False
1972-02-19,39.2,False,False
1972-02-20,37.0,False,False
1972-02-21,20.2,False,False
1972-02-22,33.4,False,False
1972-02-23,46.3,False,False
1972-02-24,41.3,False,False
1972-02-25,53.8,False,False
1972-02-26,36.8,False,False
1972-02-27,34.8,False,False
1972-02-28,34.3,False,False
1972-02-29,36.3,False,False
1972-03-01,27.5,False,False
1972-03-02,27.1,False,False
1972-03-03,31.0,False,False
1972-03-04,28.6,False,False
1972-03-05,38.4,False,False
1972-03-06,44.0,False,False
1972-03-07,36.4,False,False
1972-03-08,23.3,False,False
1972-03-09,24.8,False,False
1972-03-10,24.4,False,False
1972-03-11,31.7,False,False
1972-03-12,31.4,False,False
1972-03-13,31.2,False,False
1972-03-14,29.1,False,False
1972-03-15,49.2,False,False
1972-03-16,48.7,False,False
1972-03-17,53.7,False,False
1972-03-18,53.1,False,False
1972-03-19,49.4,False,False
1972-03-20,40.4,False,False
1972-03-21,42.3,False,False
1972-03-22,47.6,False,False
1972-03-23,50.9,False,False
1972-03-24,51.4,False,False
1972-03-25,43.8,False,False
1972-03-26,44.6,False,False
1972-03-27,43.8,False,False
1972-03-28,35.9,False,False
1972-03-29,35.1,False,False
1972-03-30,36.8,False,False
1972-03-31,37.2,False,False
1972-04-01,27.2,False,False
1972-04-02,25.5,False,False
1972-04-03,45.2,False,False
1972-04-04,37.0,False,False
1972-04-05,45.2,False,False
1972-04-06,31.7,False,False
1972-04-07,25.2,False,False
1972-04-08,22.6,False,False
1972-04-09,26.9,False,False
1972-04-10,20.5,False,False
1972-04-11,26.0,False,False
1972-04-12,21.7,False,False
1972-04-13,46.0,False,False
1972-04-14,47.2,False,False
1972-04-15,41.6,False,False
1972-04-16,45.0,False,False
1972-04-17,44.2,False,False
1972-04-18,29.8,False,False
1972-04-19,38.2,False,False
1972-04-20,28.9,False,False
1972-04-21,26.6,False,False
1972-04-22,25.7,False,False
1972-04-23,39.4,False,False
1972-04-24,39.7,False,False
1972-04-25,18.8,False,False
1972-04-26,22.9,False,False
1972-04-27,20.9,False,False
1972-04-28,22.5,False,False
1972-04-29,24.8,False,False
1972-04-30,23.1,False,False
1972-05-01,25.8,False,False
1972-05-02,33.6,False,False
1972-05-03,51.6,False,False
1972-05-04,43.1,False,False
1972-05-05,49.8,False,False
1972-05-06,42.9,False,False
1972-05-07,44.1,False,False
1972-05-08,43.3,False,False
1972-05-09,56.2,False,False
1972-05-10,40.3,False,False
1972-05-11,37.1,False,False
1972-05-12,73.1,False,False
1972-05-13,146.8,False,False
1972-05-14,1188.8,False,False
1972-05-15,920.0,False,False
1972-05-16,615.0,False,False
1972-05-17,385.0,False,False
1972-05-18,260.0,False,False
1972-05-19,246.3,False,False
1972-05-20,215.9,False,False
1972-05-21,90.0,False,False
1972-05-22,97.0,False,False
1972-05-23,102.0,False,False
1972-05-24,100.0,False,False
1972-05-25,71.1,False,False
1972-05-26,97.0,False,False
1972-05-27,90.0,False,False
1972-05-28,74.8,False,False
1972-05-29,127.6,False,False
1972-05-30,95.6,False,False
1972-05-31,85.0,False,False
1972-06-01,119.4,False,False
1972-06-02,99.6,False,False
1972-06-03,103.0,False,False
1972-06-04,183.8,False,False
1972-06-05,203.0,False,False
1972-06-06,189.5,False,False
1972-06-07,210.6,False,False
1972-06-08,115.0,False,False
1972-06-09,122.2,False,False
1972-06-10,99.2,False,False
1972-06-11,97.6,False,False
1972-06-12,89.4,False,False
1972-06-13,81.6,False,False
1972-06-14,70.7,False,False
1972-06-15,97.7,False,False
1972-06-16,75.8,False,False
1972-06-17,151.3,False,False
1972-06-18,576.2,False,False
1972-06-19,394.4,False,False
1972-06-20,230.5,False,False
1972-06-21,174.5,False,False
1972-06-22,114.0,False,False
1972-06-23,95.4,False,False
1972-06-24,93.8,False,False
1972-06-25,96.0,False,False
1972-06-26,104.7,False,False
1972-06-27,142.8,False,False
1972-06-28,78.6,False,False
1972-06-29,107.9,False,False
1972-06-30,250.0,False,False
1972-07-01,771.7,False,False
1972-07-02,1260.0,False,False
1972-07-03,1175.0,False,False
1972-07-04,932.4,False,False
1972-07-05,962.6,False,False
1972-07-06,688.8,False,False
1972-07-07,1030.0,False,False
1972-07-08,1120.0,False,False
1972-07-09,1008.8,False,False
1972-07-10,1013.0,False,False
1972-07-11,910.7,False,False
1972-07-12,1247.4,False,False
1972-07-13,1179.7,False,False
1972-07-14,1177.5,False,False
1972-07-15,1165.8,False,False
1972-07-16,1118.9,False,False
1972-07-17,1207.8,False,False
1972-07-18,1368.9,False,False
1972-07-19,1790.5,False,False
1972-07-20,1745.1,False,False
1972-07-21,1340.0,False,False
1972-07-22,860.0,False,False
1972-07-23,1012.5,False,False
1972-07-24,625.5,False,False
1972-07-25,459.3,False,False
1972-07-26,397.6,False,False
1972-07-27,393.2,False,False
1972-07-28,374.6,False,False
1972-07-29,404.4,False,False
1972-07-30,742.0,False,False
1972-07-31,582.1,False,False
1972-08-01,489.8,False,False
1972-08-02,502.0,False,False
1972-08-03,492.3,False,False
1972-08-04,643.3,False,False
1972-08-05,704.1,False,False
1972-08-06,553.6,False,False
1972-08-07,746.4,False,False
1972-08-08,540.3,False,False
1972-08-09,551.8,False,False
1972-08-10,636.3,False,False
1972-08-11,588.2,False,False
1972-08-12,586.0,False,False
1972-08-13,453.1,False,False
1972-08-14,442.3,False,False
1972-08-15,422.6,False,False
1972-08-16,420.5,False,False
1972-08-17,352.8,False,False
1972-08-18,372.8,False,False
1972-08-19,336.8,False,False
1972-08-20,528.3,False,False
1972-08-21,913.7,False,False
1972-08-22,1175.6,False,False
1972-08-23,1226.8,False,False
1972-08-24,1052.0,False,False
1972-08-25,751.2,False,False
1972-08-26,636.5,False,False
1972-08-27,514.6,False,False
1972-08-28,434.9,False,False
1972-08-29,323.0,False,False
1972-08-30,441.6,False,False
1972-08-31,331.3,False,False
1972-09-01,339.8,False,False
1972-09-02,316.2,False,False
1972-09-03,357.8,False,False
1972-09-04,282.6,False,False
1972-09-05,241.2,False,False
1972-09-06,236.3,False,False
1972-09-07,191.8,False,False
1972-09-08,270.8,False,False
1972-09-09,225.8,False,False
1972-09-10,231.4,False,False
1972-09-11,237.4,False,False
1972-09-12,239.1,False,False
1972-09-13,221.9,False,False
1972-09-14,211.0,False,False
1972-09-15,211.3,False,False
1972-09-16,208.3,False,False
1972-09-17,238.5,False,False
1972-09-18,280.2,False,False
1972-09-19,259.0,False,False
1972-09-20,332.6,False,False
1972-09-21,381.1,False,False
1972-09-22,640.0,False,False
1972-09-23,895.0,False,False
1972-09-24,865.2,False,False
1972-09-25,1485.0,False,False
1972-09-26,1051.5,False,False
1972-09-27,703.7,False,False
1972-09-28,369.0,False,False
1972-09-29,1175.0,False,False
1972-09-30,726.6,False,False
1972-10-01,710.2,False,False
1972-10-02,940.4,False,False
1972-10-03,851.8,False,False
1972-10-04,701.5,False,False
1972-10-05,398.4,False,False
1972-10-06,509.0,False,False
1972-10-07,633.6,False,False
1972-10-08,654.7,False,False
1972-10-09,810.4,False,False
1972-10-10,1361.5,False,False
1972-10-11,832.3,False,False
1972-10-12,790.4,False,False
1972-10-13,536.6,False,False
1972-10-14,412.0,False,False
1972-10-15,505.0,False,False
1972-10-16,522.1,False,False
1972-10-17,436.1,False,False
1972-10-18,489.6,False,False
1972-10-19,363.7,False,False
1972-10-20,306.5,False,False
1972-10-21,248.6,False,False
1972-10-22,173.2,False,False
1972-10-23,194.0,False,False
1972-10-24,265.3,False,False
1972-10-25,180.0,False,False
1972-10-26,203.1,False,False
1972-10-27,205.0,False,False
1972-10-28,240.3,False,False
1972-10-29,200.5,False,False
1972-10-30,497.0,False,False
1972-10-31,519.9,False,False
1972-11-01,490.0,False,False
1972-11-02,517.4,False,False
1972-11-03,436.5,False,False
1972-11-04,318.5,False,False
1972-11-05,354.1,False,False
1972-11-06,316.3,False,False
1972-11-07,325.1,False,False
1972-11-08,272.6,False,False
1972-11-09,232.5,False,False
1972-11-10,203.4,False,False
1972-11-11,215.2,False,False
1972-11-12,174.8,False,False
1972-11-13,175.0,False,False
1972-11-14,172.2,False,False
1972-11-15,178.7,False,False
1972-11-16,164.1,False,False
1972-11-17,131.1,False,False
1972-11-18,132.2,False,False
1972-11-19,183.7,False,False
1972-11-20,175.3,False,False
1972-11-21,197.2,False,False
1972-11-22,183.7,False,False
1972-11-23,150.6,False,False
1972-11-24,146.6,False,False
1972-11-25,200.6,False,False
1972-11-26,201.7,False,False
1972-11-27,166.8,False,False
1972-11-28,150.7,False,False
1972-11-29,153.7,False,False
1972-11-30,150.4,False,False
1972-12-01,150.8,False,False
1972-12-02,128.4,False,False
1972-12-03,136.4,False,False
1972-12-04,152.1,False,False
1972-12-05,139.3,False,False
1972-12-06,160.2,False,False
1972-12-07,141.6,False,False
1972-12-08,583.7,False,False
1972-12-09,2648.6,False,False
1972-12-10,2162.0,False,False
1972-12-11,1597.2,False,False
1972-12-12,1195.0,False,False
1972-12-13,1005.0,False,False
1972-12-14,710.0,False,False
1972-12-15,580.0,False,False
1972-12-16,192.7,False,False
1972-12-17,181.9,False,False
1972-12-18,189.9,False,False
1972-12-19,174.6,False,False
1972-12-20,183.1,False,False
1972-12-21,189.2,False,False
1972-12-22,126.1,False,False
1972-12-23,123.2,False,False
1972-12-24,142.3,False,False
1972-12-25,168.3,False,False
1972-12-26,154.8,False,False
1972-12-27,150.0,False,False
1972-12-28,101.8,False,False
1972-12-29,126.1,False,False
1972-12-30,103.7,False,False
1972-12-31,97.4,False,False
1973-01-01,78.7,False,False
1973-01-02,96.0,False,False
1973-01-03,105.7,False,False
1973-01-04,95.8,False,False
1973-01-05,97.3,False,False
1973-01-06,99.6,False,False
1973-01-07,85.4,False,False
1973-01-08,67.4,False,False
1973-01-09,70.6,False,False
1973-01-10,80.5,False,False
1973-01-11,88.9,False,False
1973-01-12,72.4,False,False
1973-01-13,76.7,False,False
1973-01-14,75.7,False,False
1973-01-15,95.1,False,False
1973-01-16,86.8,False,False
1973-01-17,68.8,False,False
1973-01-18,77.8,False,False
1973-01-19,77.4,False,False
1973-01-20,83.4,False,False
1973-01-21,74.4,False,False
1973-01-22,69.8,False,False
1973-01-23,66.6,False,False
1973-01-24,39.4,False,False
1973-01-25,76.4,False,False
1973-01-26,91.5,False,False
1973-01-27,72.2,False,False
1973-01-28,77.0,False,False
1973-01-29,58.0,False,False
1973-01-30,60.4,False,False
1973-01-31,61.8,False,False
1973-02-01,52.0,False,False
1973-02-02,59.8,False,False
1973-02-03,66.7,False,False
1973-02-04,41.6,False,False
1973-02-05,33.7,False,False
1973-02-06,47.0,False,False
1973-02-07,56.6,False,False
1973-02-08,37.3,False,False
1973-02-09,29.9,False,False
1973-02-10,38.1,False,False
1973-02-11,36.7,False,False
1973-02-12,39.7,False,False
1973-02-13,49.5,False,False
1973-02-14,49.1,False,False
1973-02-15,27.4,False,False
1973-02-16,34.1,False,False
1973-02-17,34.8,False,False
1973-02-18,34.1,False,False
1973-02-19,34.4,False,False
1973-02-20,19.8,False,False
1973-02-21,27.6,False,False
1973-02-22,22.9,False,False
1973-02-23,25.1,False,False
1973-02-24,42.5,False,False
1973-02-25,54.8,False,False
1973-02-26,34.9,False,False
1973-02-27,77.4,False,False
1973-02-28,70.7,False,False
1973-03-01,58.7,False,False
1973-03-02,31.2,False,False
1973-03-03,25.6,False,False
1973-03-04,18.1,False,False
1973-03-05,19.5,False,False
1973-03-06,20.3,False,False
1973-03-07,41.1,False,False
1973-03-08,15.7,False,False
1973-03-09,22.3,False,False
1973-03-10,20.2,False,False
1973-03-11,61.7,False,False
1973-03-12,51.1,False,False
1973-03-13,60.9,False,False
1973-03-14,63.8,False,False
1973-03-15,72.2,False,False
1973-03-16,67.3,False,False
1973-03-17,26.1,False,False
1973-03-18,47.2,False,False
1973-03-19,36.0,False,False
1973-03-20,45.7,False,False
1973-03-21,33.8,False,False
1973-03-22,21.0,False,False
1973-03-23,38.3,False,False
1973-03-24,44.1,False,False
1973-03-25,35.6,False,False
1973-03-26,36.1,False,False
1973-03-27,48.2,False,False
1973-03-28,20.9,False,False
1973-03-29,25.0,False,False
1973-03-30,25.3,False,False
1973-03-31,22.9,False,False
1973-04-01,20.8,False,False
1973-04-02,22.7,False,False
1973-04-03,16.6,False,False
1973-04-04,37.8,False,False
1973-04-05,75.0,False,False
1973-04-06,107.5,False,False
1973-04-07,78.1,False,False
1973-04-08,60.3,False,False
1973-04-09,39.6,False,False
1973-04-10,35.7,False,False
1973-04-11,22.0,False,False
1973-04-12,22.1,False,False
1973-04-13,24.3,False,False
1973-04-14,66.7,False,False
1973-04-15,56.2,False,False
1973-04-16,14.1,False,False
1973-04-17,21.0,False,False
1973-04-18,30.9,False,False
1973-04-19,27.9,False,False
1973-04-20,19.8,False,False
1973-04-21,12.6,False,False
1973-04-22,23.0,False,False
1973-04-23,48.8,False,False
1973-04-24,41.6,False,False
1973-04-25,38.1,False,False
1973-04-26,56.2,False,False
1973-04-27,65.7,False,False
1973-04-28,63.9,False,False
1973-04-29,60.1,False,False
1973-04-30,80.5,False,False
1973-05-01,60.0,False,False
1973-05-02,50.9,False,False
1973-05-03,57.1,False,False
1973-05-04,44.2,False,False
1973-05-05,46.6,False,False
1973-05-06,51.5,False,False
1973-05-07,108.2,False,False
1973-05-08,122.2,False,False
1973-05-09,189.8,False,False
1973-05-10,124.8,False,False
1973-05-11,110.2,False,False
1973-05-12,71.6,False,False
1973-05-13,77.1,False,False
1973-05-14,42.0,False,False
1973-05-15,42.0,False,False
1973-05-16,43.0,False,False
1973-05-17,46.6,False,False
1973-05-18,120.5,False,False
1973-05-19,75.1,False,False
1973-05-20,75.9,False,False
1973-05-21,77.1,False,False
1973-05-22,106.9,False,False
1973-05-23,415.0,False,False
1973-05-24,860.6,False,False
1973-05-25,573.0,False,False
1973-05-26,237.1,False,False
1973-05-27,345.0,False,False
1973-05-28,218.1,False,False
1973-05-29,193.2,False,False
1973-05-30,395.0,False,False
1973-05-31,215.0,False,False
1973-06-01,140.0,False,False
1973-06-02,133.9,False,False
1973-06-03,120.0,False,False
1973-06-04,95.0,False,False
1973-06-05,189.8,False,False
1973-06-06,138.6,False,False
1973-06-07,133.9,False,False
1973-06-08,160.0,False,False
1973-06-09,119.9,False,False
1973-06-10,91.9,False,False
1973-06-11,63.6,False,False
1973-06-12,125.3,False,False
1973-06-13,116.8,False,False
1973-06-14,660.9,False,False
1973-06-15,624.2,False,False
1973-06-16,330.0,False,False
1973-06-17,769.7,False,False
1973-06-18,850.4,False,False
1973-06-19,1200.0,False,False
1973-06-20,768.0,False,False
1973-06-21,870.0,False,False
1973-06-22,1085.0,False,False
1973-06-23,1075.0,False,False
1973-06-24,797.6,False,False
1973-06-25,626.4,False,False
1973-06-26,527.8,False,False
1973-06-27,413.0,False,False
1973-06-28,331.2,False,False
1973-06-29,303.3,False,False
1973-06-30,257.0,False,False
1973-07-01,268.4,False,False
1973-07-02,269.9,False,False
1973-07-03,223.2,False,False
1973-07-04,274.0,False,False
1973-07-05,422.3,False,False
1973-07-06,525.1,False,False
1973-07-07,1095.4,False,False
1973-07-08,974.4,False,False
1973-07-09,833.4,False,False
1973-07-10,888.8,False,False
1973-07-11,2558.0,False,False
1973-07-12,3825.0,False,False
1973-07-13,1797.8,False,False
1973-07-14,1390.6,False,False
1973-07-15,1367.1,False,False
1973-07-16,1370.9,False,False
1973-07-17,1598.1,False,False
1973-07-18,1351.6,False,False
1973-07-19,1185.0,False,False
1973-07-20,1092.0,False,False
1973-07-21,1140.0,False,False
1973-07-22,1170.0,False,False
1973-07-23,878.0,False,False
1973-07-24,876.5,False,False
1973-07-25,665.5,False,False
1973-07-26,816.4,False,False
1973-07-27,471.9,False,False
1973-07-28,473.6,False,False
1973-07-29,474.2,False,False
1973-07-30,386.5,False,False
1973-07-31,411.0,False,False
1973-08-01,369.6,False,False
1973-08-02,473.5,False,False
1973-08-03,380.2,False,False
1973-08-04,547.5,False,False
1973-08-05,870.0,False,False
1973-08-06,760.0,False,False
1973-08-07,587.4,False,False
1973-08-08,851.1,False,False
1973-08-09,1073.6,False,False
1973-08-10,738.7,False,False
1973-08-11,1077.4,False,False
1973-08-12,876.1,False,False
1973-08-13,1133.9,False,False
1973-08-14,735.0,False,False
1973-08-15,680.0,False,False
1973-08-16,941.1,False,False
1973-08-17,1198.9,False,False
1973-08-18,1115.0,False,False
1973-08-19,900.4,False,False
1973-08-20,1224.9,False,False
1973-08-21,1217.5,False,False
1973-08-22,1107.0,False,False
1973-08-23,1085.8,False,False
1973-08-24,1245.6,False,False
1973-08-25,1210.5,False,False
1973-08-26,1142.0,False,False
1973-08-27,1192.9,False,False
1973-08-28,904.6,False,False
1973-08-29,978.5,False,False
1973-08-30,1032.2,False,False
1973-08-31,1091.3,False,False
1973-09-01,949.0,False,False
1973-09-02,768.8,False,False
1973-09-03,765.3,False,False
1973-09-04,596.7,False,False
1973-09-05,585.9,False,False
1973-09-06,469.6,False,False
1973-09-07,443.5,False,False
1973-09-08,482.1,False,False
1973-09-09,461.4,False,False
1973-09-10,427.0,False,False
1973-09-11,388.1,False,False
1973-09-12,411.8,False,False
1973-09-13,334.0,False,False
1973-09-14,405.4,False,False
1973-09-15,341.9,False,False
1973-09-16,342.2,False,False
1973-09-17,1518.4,False,False
1973-09-18,1040.0,False,False
1973-09-19,1090.0,False,False
1973-09-20,857.8,False,False
1973-09-21,540.0,False,False
1973-09-22,497.9,False,False
1973-09-23,446.1,False,False
1973-09-24,419.6,False,False
1973-09-25,421.2,False,False
1973-09-26,306.7,False,False
1973-09-27,408.6,False,False
1973-09-28,1220.0,False,False
1973-09-29,488.7,False,False
1973-09-30,291.0,False,False
1973-10-01,443.4,False,False
1973-10-02,293.4,False,False
1973-10-03,271.7,False,False
1973-10-04,216.9,False,False
1973-10-05,226.5,False,False
1973-10-06,203.6,False,False
1973-10-07,203.1,False,False
1973-10-08,201.0,False,False
1973-10-09,171.5,False,False
1973-10-10,145.9,False,False
1973-10-11,138.2,False,False
1973-10-12,215.1,False,False
1973-10-13,254.1,False,False
1973-10-14,214.0,False,False
1973-10-15,196.5,False,False
1973-10-16,152.5,False,False
1973-10-17,194.5,False,False
1973-10-18,166.2,False,False
1973-10-19,143.1,False,False
1973-10-20,144.8,False,False
1973-10-21,175.3,False,False
1973-10-22,183.7,False,False
1973-10-23,339.1,False,False
1973-10-24,479.1,False,False
1973-10-25,610.5,False,False
1973-10-26,793.9,False,False
1973-10-27,1270.5,False,False
1973-10-28,869.2,False,False
1973-10-29,927.6,False,False
1973-10-30,674.9,False,False
1973-10-31,645.7,False,False
1973-11-01,698.1,False,False
1973-11-02,621.0,False,False
1973-11-03,540.2,False,False
1973-11-04,489.5,False,False
1973-11-05,506.5,False,False
1973-11-06,366.6,False,False
1973-11-07,297.2,False,False
1973-11-08,275.2,False,False
1973-11-09,258.7,False,False
1973-11-10,225.7,False,False
1973-11-11,214.3,False,False
1973-11-12,143.0,False,False
1973-11-13,140.2,False,False
1973-11-14,230.6,False,False
1973-11-15,305.6,False,False
1973-11-16,300.3,False,False
1973-11-17,239.5,False,False
1973-11-18,240.8,False,False
1973-11-19,243.6,False,False
1973-11-20,246.3,False,False
1973-11-21,233.2,False,False
1973-11-22,184.0,False,False
1973-11-23,178.2,False,False
1973-11-24,168.2,False,False
1973-11-25,140.1,False,False
1973-11-26,139.0,False,False
1973-11-27,129.6,False,False
1973-11-28,115.7,False,False
1973-11-29,106.9,False,False
1973-11-30,103.3,False,False
1973-12-01,119.7,False,False
1973-12-02,120.6,False,False
1973-12-03,128.7,False,False
1973-12-04,98.1,False,False
1973-12-05,94.6,False,False
1973-12-06,93.4,False,False
1973-12-07,100.3,False,False
1973-12-08,92.9,False,False
1973-12-09,89.2,False,False
1973-12-10,89.1,False,False
1973-12-11,93.0,False,False
1973-12-12,92.7,False,False
1973-12-13,87.9,False,False
1973-12-14,85.9,False,False
1973-12-15,86.1,False,False
1973-12-16,89.6,False,False
1973-12-17,129.8,False,False
1973-12-18,121.1,False,False
1973-12-19,123.3,False,False
1973-12-20,118.3,False,False
1973-12-21,107.5,False,False
1973-12-22,86.5,False,False
1973-12-23,79.6,False,False
1973-12-24,72.8,False,False
1973-12-25,70.7,False,False
1973-12-26,54.0,False,False
1973-12-27,72.5,False,False
1973-12-28,54.0,False,False
1973-12-29,54.0,False,False
1973-12-30,56.0,False,False
1973-12-31,48.6,False,False
1974-01-01,58.3,False,False
1974-01-02,49.3,False,False
1974-01-03,47.6,False,False
1974-01-04,48.8,False,False
1974-01-05,50.0,False,False
1974-01-06,49.9,False,False
1974-01-07,49.1,False,False
1974-01-08,48.3,False,False
1974-01-09,41.0,False,False
1974-01-10,40.8,False,False
1974-01-11,29.5,False,False
1974-01-12,31.6,False,False
1974-01-13,29.5,False,False
1974-01-14,28.1,False,False
1974-01-15,27.0,False,False
1974-01-16,28.9,False,False
1974-01-17,30.1,False,False
1974-01-18,29.7,False,False
1974-01-19,30.3,False,False
1974-01-20,29.2,False,False
1974-01-21,26.5,False,False
1974-01-22,28.6,False,False
1974-01-23,28.4,False,False
1974-01-24,28.8,False,False
1974-01-25,28.6,False,False
1974-01-26,28.1,False,False
1974-01-27,26.3,False,False
1974-01-28,23.8,False,False
1974-01-29,24.7,False,False
1974-01-30,26.2,False,False
1974-01-31,26.6,False,False
1974-02-01,28.2,False,False
1974-02-02,24.8,False,False
1974-02-03,24.4,False,False
1974-02-04,24.1,False,False
1974-02-05,23.3,False,False
1974-02-06,23.7,False,False
1974-02-07,24.0,False,False
1974-02-08,24.0,False,False
1974-02-09,24.2,False,False
1974-02-10,24.4,False,False
1974-02-11,24.1,False,False
1974-02-12,23.3,False,False
1974-02-13,24.1,False,False
1974-02-14,24.4,False,False
1974-02-15,24.4,False,False
1974-02-16,23.8,False,False
1974-02-17,24.1,False,False
1974-02-18,23.8,False,False
1974-02-19,24.1,False,False
1974-02-20,23.8,False,False
1974-02-21,24.5,False,False
1974-02-22,24.0,False,False
1974-02-23,23.1,False,False
1974-02-24,30.2,False,False
1974-02-25,24.0,False,False
1974-02-26,23.3,False,False
1974-02-27,23.4,False,False
1974-02-28,22.8,False,False
1974-03-01,24.0,False,False
1974-03-02,24.0,False,False
1974-03-03,19.4,False,False
1974-03-04,20.8,False,False
1974-03-05,16.0,False,False
1974-03-06,23.0,False,False
1974-03-07,24.0,False,False
1974-03-08,23.1,False,False
1974-03-09,24.0,False,False
1974-03-10,20.8,False,False
1974-03-11,22.9,False,False
1974-03-12,15.7,False,False
1974-03-13,17.9,False,False
1974-03-14,17.9,False,False
1974-03-15,17.2,False,False
1974-03-16,16.0,False,False
1974-03-17,13.3,False,False
1974-03-18,13.7,False,False
1974-03-19,12.3,False,False
1974-03-20,14.0,False,False
1974-03-21,16.2,False,False
1974-03-22,17.8,False,False
1974-03-23,15.5,False,False
1974-03-24,14.5,False,False
1974-03-25,13.2,False,False
1974-03-26,14.9,False,False
1974-03-27,14.2,False,False
1974-03-28,18.6,False,False
1974-03-29,22.2,False,False
1974-03-30,20.7,False,False
1974-03-31,22.2,False,False
1974-04-01,22.2,False,False
1974-04-02,15.7,False,False
1974-04-03,22.1,False,False
1974-04-04,22.1,False,False
1974-04-05,23.4,False,False
1974-04-06,17.8,False,False
1974-04-07,17.1,False,False
1974-04-08,17.8,False,False
1974-04-09,16.3,False,False
1974-04-10,17.1,False,False
1974-04-11,17.9,False,False
1974-04-12,16.6,False,False
1974-04-13,15.9,False,False
1974-04-14,18.6,False,False
1974-04-15,16.8,False,False
1974-04-16,17.1,False,False
1974-04-17,16.8,False,False
1974-04-18,15.8,False,False
1974-04-19,21.8,False,False
1974-04-20,35.7,False,False
1974-04-21,24.6,False,False
1974-04-22,24.6,False,False
1974-04-23,22.5,False,False
1974-04-24,23.6,False,False
1974-04-25,25.2,False,False
1974-04-26,20.7,False,False
1974-04-27,20.8,False,False
1974-04-28,16.4,False,False
1974-04-29,48.2,False,False
1974-04-30,29.5,False,False
1974-05-01,16.0,False,False
1974-05-02,17.3,False,False
1974-05-03,20.8,False,False
1974-05-04,18.1,False,False
1974-05-05,18.1,False,False
1974-05-06,12.3,False,False
1974-05-07,11.9,False,False
1974-05-08,25.1,False,False
1974-05-09,20.9,False,False
1974-05-10,40.0,False,False
1974-05-11,36.4,False,False
1974-05-12,32.5,False,False
1974-05-13,32.0,False,False
1974-05-14,75.0,False,False
1974-05-15,31.7,False,False
1974-05-16,30.36,False,False
1974-05-17,33.6,False,False
1974-05-18,23.2,False,False
1974-05-19,49.8,False,False
1974-05-20,77.5,False,False
1974-05-21,41.1,False,False
1974-05-22,42.9,False,False
1974-05-23,33.9,False,False
1974-05-24,31.8,False,False
1974-05-25,27.2,False,False
1974-05-26,32.3,False,False
1974-05-27,27.1,False,False
1974-05-28,32.3,False,False
1974-05-29,13.2,False,False
1974-05-30,12.7,False,False
1974-05-31,11.4,False,False
1974-06-01,11.7,False,False
1974-06-02,12.6,False,False
1974-06-03,15.8,False,False
1974-06-04,11.6,False,False
1974-06-05,15.9,False,False
1974-06-06,15.1,False,False
1974-06-07,16.3,False,False
1974-06-08,13.7,False,False
1974-06-09,10.9,False,False
1974-06-10,10.9,False,False
1974-06-11,9.8,False,False
1974-06-12,11.0,False,False
1974-06-13,11.0,False,False
1974-06-14,28.3,False,False
1974-06-15,19.5,False,False
1974-06-16,25.8,False,False
1974-06-17,26.9,False,False
1974-06-18,25.1,False,False
1974-06-19,19.9,False,False
1974-06-20,11.8,False,False
1974-06-21,11.2,False,False
1974-06-22,10.7,False,False
1974-06-23,10.9,False,False
1974-06-24,9.8,False,False
1974-06-25,8.9,False,False
1974-06-26,13.0,False,False
1974-06-27,16.2,False,False
1974-06-28,19.1,False,False
1974-06-29,24.0,False,False
1974-06-30,25.5,False,False
1974-07-01,24.8,False,False
1974-07-02,23.2,False,False
1974-07-03,29.7,False,False
1974-07-04,28.6,False,False
1974-07-05,31.7,False,False
1974-07-06,33.0,False,False
1974-07-07,31.4,False,False
1974-07-08,713.1,False,False
1974-07-09,429.9,False,False
1974-07-10,868.0,False,False
1974-07-11,746.5,False,False
1974-07-12,334.8,False,False
1974-07-13,314.0,False,False
1974-07-14,505.2,False,False
1974-07-15,649.0,False,False
1974-07-16,571.5,False,False
1974-07-17,509.8,False,False
1974-07-18,1070.0,False,False
1974-07-19,800.4,False,False
1974-07-20,661.0,False,False
1974-07-21,595.1,False,False
1974-07-22,464.9,False,False
1974-07-23,348.6,False,False
1974-07-24,291.2,False,False
1974-07-25,254.3,False,False
1974-07-26,220.6,False,False
1974-07-27,208.8,False,False
1974-07-28,868.8,False,False
1974-07-29,1376.8,False,False
1974-07-30,1551.6,False,False
1974-07-31,1468.4,False,False
1974-08-01,1401.0,False,False
1974-08-02,1410.1,False,False
1974-08-03,1564.8,False,False
1974-08-04,1727.3,False,False
1974-08-05,1710.8,False,False
1974-08-06,1288.4,False,False
1974-08-07,1172.9,False,False
1974-08-08,722.2,False,False
1974-08-09,663.7,False,False
1974-08-10,746.8,False,False
1974-08-11,590.2,False,False
1974-08-12,1252.2,False,False
1974-08-13,1368.8,False,False
1974-08-14,1860.1,False,False
1974-08-15,1980.8,False,False
1974-08-16,1760.1,False,False
1974-08-17,1785.7,False,False
1974-08-18,1107.3,False,False
1974-08-19,2010.6,False,False
1974-08-20,2510.0,False,False
1974-08-21,2325.0,False,False
1974-08-22,1634.8,False,False
1974-08-23,1279.9,False,False
1974-08-24,1086.7,False,False
1974-08-25,1068.4,False,False
1974-08-26,675.7,False,False
1974-08-27,615.4,False,False
1974-08-28,631.3,False,False
1974-08-29,523.0,False,False
1974-08-30,507.0,False,False
1974-08-31,493.4,False,False
1974-09-01,331.5,False,False
1974-09-02,318.7,False,False
1974-09-03,273.8,False,False
1974-09-04,344.2,False,False
1974-09-05,295.5,False,False
1974-09-06,356.3,False,False
1974-09-07,282.6,False,False
1974-09-08,250.6,False,False
1974-09-09,365.4,False,False
1974-09-10,392.7,False,False
1974-09-11,332.3,False,False
1974-09-12,248.5,False,False
1974-09-13,152.3,False,False
1974-09-14,422.9,False,False
1974-09-15,1105.0,False,False
1974-09-16,1052.5,False,False
1974-09-17,720.8,False,False
1974-09-18,622.8,False,False
1974-09-19,765.3,False,False
1974-09-20,630.0,False,False
1974-09-21,515.9,False,False
1974-09-22,626.5,False,False
1974-09-23,1316.0,False,False
1974-09-24,809.7,False,False
1974-09-25,799.0,False,False
1974-09-26,1028.7,False,False
1974-09-27,1349.9,False,False
1974-09-28,1442.7,False,False
1974-09-29,717.3,False,False
1974-09-30,441.9,False,False
1974-10-01,426.9,False,False
1974-10-02,729.5,False,False
1974-10-03,958.1,False,False
1974-10-04,786.6,False,False
1974-10-05,598.4,False,False
1974-10-06,585.3,False,False
1974-10-07,425.5,False,False
1974-10-08,568.9,False,False
1974-10-09,583.1,False,False
1974-10-10,561.0,False,False
1974-10-11,513.4,False,False
1974-10-12,367.1,False,False
1974-10-13,405.1,False,False
1974-10-14,471.2,False,False
1974-10-15,460.6,False,False
1974-10-16,557.2,False,False
1974-10-17,408.6,False,False
1974-10-18,279.2,False,False
1974-10-19,247.2,False,False
1974-10-20,287.0,False,False
1974-10-21,354.9,False,False
1974-10-22,345.2,False,False
1974-10-23,449.1,False,False
1974-10-24,337.4,False,False
1974-10-25,243.4,False,False
1974-10-26,226.7,False,False
1974-10-27,203.3,False,False
1974-10-28,674.8,False,False
1974-10-29,560.9,False,False
1974-10-30,327.3,False,False
1974-10-31,278.9,False,False
1974-11-01,274.6,False,False
1974-11-02,233.7,False,False
1974-11-03,190.2,False,False
1974-11-04,174.1,False,False
1974-11-05,165.6,False,False
1974-11-06,196.2,False,False
1974-11-07,196.8,False,False
1974-11-08,187.4,False,False
1974-11-09,167.8,False,False
1974-11-10,174.5,False,False
1974-11-11,159.3,False,False
1974-11-12,159.8,False,False
1974-11-13,153.7,False,False
1974-11-14,159.1,False,False
1974-11-15,152.4,False,False
1974-11-16,134.9,False,False
1974-11-17,129.6,False,False
1974-11-18,127.8,False,False
1974-11-19,131.8,False,False
1974-11-20,128.4,False,False
1974-11-21,133.8,False,False
1974-11-22,142.7,False,False
1974-11-23,142.3,False,False
1974-11-24,160.7,False,False
1974-11-25,189.9,False,False
1974-11-26,157.7,False,False
1974-11-27,150.9,False,False
1974-11-28,146.2,False,False
1974-11-29,159.7,False,False
1974-11-30,155.5,False,False
1974-12-01,108.0,False,False
1974-12-02,108.5,False,False
1974-12-03,104.4,False,False
1974-12-04,81.6,False,False
1974-12-05,85.5,False,False
1974-12-06,96.5,False,False
1974-12-07,91.4,False,False
1974-12-08,92.3,False,False
1974-12-09,87.6,False,False
1974-12-10,92.9,False,False
1974-12-11,301.9,False,False
1974-12-12,304.4,False,False
1974-12-13,302.3,False,False
1974-12-14,306.2,False,False
1974-12-15,293.2,False,False
1974-12-16,182.9,False,False
1974-12-17,188.0,False,False
1974-12-18,89.0,False,False
1974-12-19,81.9,False,False
1974-12-20,81.8,False,False
1974-12-21,83.7,False,False
1974-12-22,78.0,False,False
1974-12-23,63.9,False,False
1974-12-24,80.8,False,False
1974-12-25,73.4,False,False
1974-12-26,63.5,False,False
1974-12-27,86.6,False,False
1974-12-28,73.8,False,False
1974-12-29,76.9,False,False
1974-12-30,56.3,False,False
1974-12-31,65.0,False,False
1975-01-01,55.7,False,False
1975-01-02,50.9,False,False
1975-01-03,49.4,False,False
1975-01-04,50.3,False,False
1975-01-05,57.9,False,False
1975-01-06,50.3,False,False
1975-01-07,54.9,False,False
1975-01-08,50.4,False,False
1975-01-09,40.6,False,False
1975-01-10,38.7,False,False
1975-01-11,37.9,False,False
1975-01-12,36.4,False,False
1975-01-13,33.5,False,False
1975-01-14,33.3,False,False
1975-01-15,29.2,False,False
1975-01-16,35.4,False,False
1975-01-17,29.0,False,False
1975-01-18,30.1,False,False
1975-01-19,26.7,False,False
1975-01-20,27.0,False,False
1975-01-21,50.4,False,False
1975-01-22,40.5,False,False
1975-01-23,32.3,False,False
1975-01-24,36.0,False,False
1975-01-25,34.7,False,False
1975-01-26,29.6,False,False
1975-01-27,26.6,False,False
1975-01-28,29.6,False,False
1975-01-29,40.4,False,False
1975-01-30,35.9,False,False
1975-01-31,29.8,False,False
1975-02-01,45.6,False,False
1975-02-02,43.9,False,False
1975-02-03,35.6,False,False
1975-02-04,46.1,False,False
1975-02-05,36.1,False,False
1975-02-06,35.2,False,False
1975-02-07,34.6,False,False
1975-02-08,34.4,False,False
1975-02-09,29.2,False,False
1975-02-10,29.1,False,False
1975-02-11,25.2,False,False
1975-02-12,25.4,False,False
1975-02-13,24.7,False,False
1975-02-14,24.9,False,False
1975-02-15,29.5,False,False
1975-02-16,34.9,False,False
1975-02-17,35.1,False,False
1975-02-18,42.1,False,False
1975-02-19,40.9,False,False
1975-02-20,40.3,False,False
1975-02-21,33.9,False,False
1975-02-22,35.7,False,False
1975-02-23,25.7,False,False
1975-02-24,26.0,False,False
1975-02-25,25.8,False,False
1975-02-26,24.4,False,False
1975-02-27,24.3,False,False
1975-02-28,21.6,False,False
1975-03-01,22.5,False,False
1975-03-02,22.2,False,False
1975-03-03,22.6,False,False
1975-03-04,23.2,False,False
1975-03-05,22.5,False,False
1975-03-06,22.4,False,False
1975-03-07,22.2,False,False
1975-03-08,23.3,False,False
1975-03-09,25.7,False,False
1975-03-10,21.9,False,False
1975-03-11,22.0,False,False
1975-03-12,40.8,False,False
1975-03-13,37.2,False,False
1975-03-14,25.6,False,False
1975-03-15,19.9,False,False
1975-03-16,20.1,False,False
1975-03-17,19.2,False,False
1975-03-18,19.1,False,False
1975-03-19,19.4,False,False
1975-03-20,19.5,False,False
1975-03-21,17.0,False,False
1975-03-22,16.8,False,False
1975-03-23,15.8,False,False
1975-03-24,16.7,False,False
1975-03-25,15.4,False,False
1975-03-26,17.1,False,False
1975-03-27,17.2,False,False
1975-03-28,18.3,False,False
1975-03-29,17.9,False,False
1975-03-30,17.1,False,False
1975-03-31,21.6,False,False
1975-04-01,23.5,False,False
1975-04-02,22.0,False,False
1975-04-03,21.0,False,False
1975-04-04,28.4,False,False
1975-04-05,48.7,False,False
1975-04-06,45.0,False,False
1975-04-07,20.6,False,False
1975-04-08,19.3,False,False
1975-04-09,18.6,False,False
1975-04-10,18.4,False,False
1975-04-11,18.4,False,False
1975-04-12,18.0,False,False
1975-04-13,18.0,False,False
1975-04-14,16.6,False,False
1975-04-15,16.7,False,False
1975-04-16,18.4,False,False
1975-04-17,18.3,False,False
1975-04-18,18.4,False,False
1975-04-19,18.9,False,False
1975-04-20,24.4,False,False
1975-04-21,24.6,False,False
1975-04-22,24.7,False,False
1975-04-23,48.2,False,False
1975-04-24,60.9,False,False
1975-04-25,60.3,False,False
1975-04-26,58.1,False,False
1975-04-27,69.3,False,False
1975-04-28,69.4,False,False
1975-04-29,69.1,False,False
1975-04-30,68.7,False,False
1975-05-01,76.3,False,False
1975-05-02,168.2,False,False
1975-05-03,132.3,False,False
1975-05-04,97.0,False,False
1975-05-05,67.3,False,False
1975-05-06,60.5,False,False
1975-05-07,98.5,False,False
1975-05-08,100.2,False,False
1975-05-09,97.1,False,False
1975-05-10,100.0,False,False
1975-05-11,106.0,False,False
1975-05-12,247.8,False,False
1975-05-13,161.9,False,False
1975-05-14,123.4,False,False
1975-05-15,102.5,False,False
1975-05-16,102.4,False,False
1975-05-17,79.2,False,False
1975-05-18,140.4,False,False
1975-05-19,83.7,False,False
1975-05-20,73.9,False,False
1975-05-21,75.5,False,False
1975-05-22,60.2,False,False
1975-05-23,59.0,False,False
1975-05-24,25.0,False,False
1975-05-25,70.4,False,False
1975-05-26,55.9,False,False
1975-05-27,24.0,False,False
1975-05-28,25.5,False,False
1975-05-29,25.3,False,False
1975-05-30,22.2,False,False
1975-05-31,21.8,False,False
1975-06-01,22.0,False,False
1975-06-02,19.5,False,False
1975-06-03,19.3,False,False
1975-06-04,52.0,False,False
1975-06-05,51.5,False,False
1975-06-06,46.9,False,False
1975-06-07,166.4,False,False
1975-06-08,115.0,False,False
1975-06-09,96.8,False,False
1975-06-10,74.4,False,False
1975-06-11,57.0,False,False
1975-06-12,55.3,False,False
1975-06-13,52.5,False,False
1975-06-14,47.37,False,False
1975-06-15,35.0,False,False
1975-06-16,27.7,False,False
1975-06-17,31.1,False,False
1975-06-18,28.6,False,False
1975-06-19,32.7,False,False
1975-06-20,29.4,False,False
1975-06-21,17.4,False,False
1975-06-22,19.7,False,False
1975-06-23,22.5,False,False
1975-06-24,240.6,False,False
1975-06-25,125.2,False,False
1975-06-26,66.0,False,False
1975-06-27,486.8,False,False
1975-06-28,766.9,False,False
1975-06-29,875.1,False,False
1975-06-30,869.5,False,False
1975-07-01,1215.1,False,False
1975-07-02,1259.4,False,False
1975-07-03,1046.8,False,False
1975-07-04,615.3,False,False
1975-07-05,543.6,False,False
1975-07-06,555.2,False,False
1975-07-07,352.1,False,False
1975-07-08,442.8,False,False
1975-07-09,288.6,False,False
1975-07-10,407.5,False,False
1975-07-11,619.9,False,False
1975-07-12,947.1,False,False
1975-07-13,2210.0,False,False
1975-07-14,2523.8,False,False
1975-07-15,1400.0,False,False
1975-07-16,580.7,False,False
1975-07-17,308.2,False,False
1975-07-18,286.4,False,False
1975-07-19,258.6,False,False
1975-07-20,246.0,False,False
1975-07-21,346.1,False,False
1975-07-22,495.6,False,False
1975-07-23,854.2,False,False
1975-07-24,843.6,False,False
1975-07-25,844.0,False,False
1975-07-26,1326.0,False,False
1975-07-27,816.6,False,False
1975-07-28,523.5,False,False
1975-07-29,539.4,False,False
1975-07-30,353.0,False,False
1975-07-31,477.0,False,False
1975-08-01,310.3,False,False
1975-08-02,358.0,False,False
1975-08-03,328.5,False,False
1975-08-04,490.7,False,False
1975-08-05,514.2,False,False
1975-08-06,1203.5,False,False
1975-08-07,1272.2,False,False
1975-08-08,1467.7,False,False
1975-08-09,1175.6,False,False
1975-08-10,963.9,False,False
1975-08-11,1199.1,False,False
1975-08-12,1369.0,False,False
1975-08-13,2596.2,False,False
1975-08-14,3584.0,False,False
1975-08-15,3935.5,False,False
1975-08-16,4426.9,False,False
1975-08-17,3812.4,False,False
1975-08-18,3048.4,False,False
1975-08-19,2098.6,False,False
1975-08-20,1644.9,False,False
1975-08-21,1325.9,False,False
1975-08-22,493.6,False,False
1975-08-23,802.3,False,False
1975-08-24,603.3,False,False
1975-08-25,795.8,False,False
1975-08-26,530.9,False,False
1975-08-27,658.2,False,False
1975-08-28,581.1,False,False
1975-08-29,603.5,False,False
1975-08-30,1130.0,False,False
1975-08-31,1292.0,False,False
1975-09-01,1210.4,False,False
1975-09-02,1042.5,False,False
1975-09-03,679.9,False,False
1975-09-04,695.8,False,False
1975-09-05,515.3,False,False
1975-09-06,514.7,False,False
1975-09-07,525.7,False,False
1975-09-08,580.6,False,False
1975-09-09,532.8,False,False
1975-09-10,521.8,False,False
1975-09-11,419.6,False,False
1975-09-12,480.5,False,False
1975-09-13,676.4,False,False
1975-09-14,514.5,False,False
1975-09-15,540.8,False,False
1975-09-16,1723.8,False,False
1975-09-17,1566.6,False,False
1975-09-18,1494.5,False,False
1975-09-19,1826.1,False,False
1975-09-20,1172.7,False,False
1975-09-21,2163.3,False,False
1975-09-22,1303.7,False,False
1975-09-23,1152.7,False,False
1975-09-24,1318.6,False,False
1975-09-25,960.9,False,False
1975-09-26,968.2,False,False
1975-09-27,536.2,False,False
1975-09-28,528.6,False,False
1975-09-29,663.7,False,False
1975-09-30,641.7,False,False
1975-10-01,372.2,False,False
1975-10-02,633.0,False,False
1975-10-03,750.9,False,False
1975-10-04,699.3,False,False
1975-10-05,803.0,False,False
1975-10-06,546.7,False,False
1975-10-07,487.8,False,False
1975-10-08,401.6,False,False
1975-10-09,332.5,False,False
1975-10-10,399.9,False,False
1975-10-11,520.2,False,False
1975-10-12,443.5,False,False
1975-10-13,353.6,False,False
1975-10-14,352.7,False,False
1975-10-15,400.2,False,False
1975-10-16,350.1,False,False
1975-10-17,283.8,False,False
1975-10-18,313.7,False,False
1975-10-19,414.5,False,False
1975-10-20,376.4,False,False
1975-10-21,319.0,False,False
1975-10-22,281.1,False,False
1975-10-23,842.6,False,False
1975-10-24,1176.3,False,False
1975-10-25,1327.0,False,False
1975-10-26,1144.3,False,False
1975-10-27,1061.4,False,False
1975-10-28,1041.6,False,False
1975-10-29,697.9,False,False
1975-10-30,639.5,False,False
1975-10-31,637.4,False,False
1975-11-01,513.0,False,False
1975-11-02,650.4,False,False
1975-11-03,1742.2,False,False
1975-11-04,1658.6,False,False
1975-11-05,1342.1,False,False
1975-11-06,835.5,False,False
1975-11-07,1074.7,False,False
1975-11-08,1342.4,False,False
1975-11-09,1145.0,False,False
1975-11-10,648.6,False,False
1975-11-11,507.1,False,False
1975-11-12,335.9,False,False
1975-11-13,250.6,False,False
1975-11-14,246.1,False,False
1975-11-15,244.8,False,False
1975-11-16,239.5,False,False
1975-11-17,197.6,False,False
1975-11-18,208.5,False,False
1975-11-19,231.0,False,False
1975-11-20,230.0,False,False
1975-11-21,233.9,False,False
1975-11-22,233.8,False,False
1975-11-23,226.6,False,False
1975-11-24,230.2,False,False
1975-11-25,226.2,False,False
1975-11-26,216.5,False,False
1975-11-27,220.6,False,False
1975-11-28,214.6,False,False
1975-11-29,214.7,False,False
1975-11-30,209.0,False,False
1975-12-01,150.0,False,False
1975-12-02,147.6,False,False
1975-12-03,144.1,False,False
1975-12-04,154.7,False,False
1975-12-05,183.8,False,False
1975-12-06,196.3,False,False
1975-12-07,190.9,False,False
1975-12-08,187.5,False,False
1975-12-09,154.0,False,False
1975-12-10,144.7,False,False
1975-12-11,136.4,False,False
1975-12-12,134.8,False,False
1975-12-13,134.2,False,False
1975-12-14,146.5,False,False
1975-12-15,144.3,False,False
1975-12-16,137.3,False,False
1975-12-17,144.8,False,False
1975-12-18,141.8,False,False
1975-12-19,129.9,False,False
1975-12-20,119.1,False,False
1975-12-21,117.3,False,False
1975-12-22,115.1,False,False
1975-12-23,117.4,False,False
1975-12-24,116.1,False,False
1975-12-25,110.5,False,False
1975-12-26,92.8,False,False
1975-12-27,92.0,False,False
1975-12-28,93.2,False,False
1975-12-29,84.7,False,False
1975-12-30,106.8,False,False
1975-12-31,98.7,False,False
1976-01-01,94.2,False,False
1976-01-02,97.2,False,False
1976-01-03,86.5,False,False
1976-01-04,82.8,False,False
1976-01-05,81.8,False,False
1976-01-06,85.0,False,False
1976-01-07,84.9,False,False
1976-01-08,81.3,False,False
1976-01-09,79.5,False,False
1976-01-10,80.9,False,False
1976-01-11,86.6,False,False
1976-01-12,83.3,False,False
1976-01-13,76.7,False,False
1976-01-14,67.8,False,False
1976-01-15,78.5,False,False
1976-01-16,58.4,False,False
1976-01-17,57.1,False,False
1976-01-18,64.5,False,False
1976-01-19,55.0,False,False
1976-01-20,55.7,False,False
1976-01-21,53.0,False,False
1976-01-22,66.0,False,False
1976-01-23,55.7,False,False
1976-01-24,51.0,False,False
1976-01-25,39.4,False,False
1976-01-26,45.0,False,False
1976-01-27,45.5,False,False
1976-01-28,50.9,False,False
1976-01-29,47.4,False,False
1976-01-30,49.5,False,False
1976-01-31,52.8,False,False
1976-02-01,51.9,False,False
1976-02-02,45.8,False,False
1976-02-03,50.3,False,False
1976-02-04,45.9,False,False
1976-02-05,43.7,False,False
1976-02-06,47.1,False,False
1976-02-07,44.7,False,False
1976-02-08,42.2,False,False
1976-02-09,43.0,False,False
1976-02-10,43.5,False,False
1976-02-11,50.9,False,False
1976-02-12,45.6,False,False
1976-02-13,46.2,False,False
1976-02-14,47.7,False,False
1976-02-15,45.1,False,False
1976-02-16,41.8,False,False
1976-02-17,49.9,False,False
1976-02-18,47.6,False,False
1976-02-19,49.5,False,False
1976-02-20,49.4,False,False
1976-02-21,44.5,False,False
1976-02-22,41.7,False,False
1976-02-23,41.5,False,False
1976-02-24,40.1,False,False
1976-02-25,38.1,False,False
1976-02-26,47.4,False,False
1976-02-27,52.1,False,False
1976-02-28,52.2,False,False
1976-02-29,55.6,False,False
1976-03-01,52.8,False,False
1976-03-02,61.5,False,False
1976-03-03,62.7,False,False
1976-03-04,61.5,False,False
1976-03-05,54.9,False,False
1976-03-06,53.7,False,False
1976-03-07,46.6,False,False
1976-03-08,45.4,False,False
1976-03-09,55.8,False,False
1976-03-10,65.0,False,False
1976-03-11,59.5,False,False
1976-03-12,61.8,False,False
1976-03-13,63.9,False,False
1976-03-14,60.9,False,False
1976-03-15,57.1,False,False
1976-03-16,59.5,False,False
1976-03-17,42.7,False,False
1976-03-18,62.8,False,False
1976-03-19,57.0,False,False
1976-03-20,70.0,False,False
1976-03-21,82.8,False,False
1976-03-22,74.5,False,False
1976-03-23,81.9,False,False
1976-03-24,73.7,False,False
1976-03-25,70.0,False,False
1976-03-26,71.3,False,False
1976-03-27,56.4,False,False
1976-03-28,63.5,False,False
1976-03-29,60.0,False,False
1976-03-30,61.1,False,False
1976-03-31,61.8,False,False
1976-04-01,71.6,False,False
1976-04-02,81.7,False,False
1976-04-03,90.6,False,False
1976-04-04,91.7,False,False
1976-04-05,88.6,False,False
1976-04-06,91.8,False,False
1976-04-07,82.2,False,False
1976-04-08,77.8,False,False
1976-04-09,75.3,False,False
1976-04-10,77.8,False,False
1976-04-11,84.7,False,False
1976-04-12,77.5,False,False
1976-04-13,76.3,False,False
1976-04-14,81.4,False,False
1976-04-15,68.8,False,False
1976-04-16,75.4,False,False
1976-04-17,64.5,False,False
1976-04-18,89.7,False,False
1976-04-19,86.7,False,False
1976-04-20,83.6,False,False
1976-04-21,83.4,False,False
1976-04-22,81.5,False,False
1976-04-23,79.8,False,False
1976-04-24,82.5,False,False
1976-04-25,96.9,False,False
1976-04-26,95.1,False,False
1976-04-27,104.2,False,False
1976-04-28,104.3,False,False
1976-04-29,102.5,False,False
1976-04-30,89.9,False,False
1976-05-01,85.0,False,False
1976-05-02,78.6,False,False
1976-05-03,83.3,False,False
1976-05-04,77.4,False,False
1976-05-05,76.1,False,False
1976-05-06,70.0,False,False
1976-05-07,77.5,False,False
1976-05-08,62.7,False,False
1976-05-09,52.7,False,False
1976-05-10,50.8,False,False
1976-05-11,64.3,False,False
1976-05-12,74.2,False,False
1976-05-13,89.2,False,False
1976-05-14,93.9,False,False
1976-05-15,157.8,False,False
1976-05-16,145.1,False,False
1976-05-17,134.1,False,False
1976-05-18,127.7,False,False
1976-05-19,116.2,False,False
1976-05-20,103.5,False,False
1976-05-21,97.5,False,False
1976-05-22,96.3,False,False
1976-05-23,96.4,False,False
1976-05-24,104.6,False,False
1976-05-25,102.4,False,False
1976-05-26,100.3,False,False
1976-05-27,90.2,False,False
1976-05-28,81.0,False,False
1976-05-29,60.3,False,False
1976-05-30,57.1,False,False
1976-05-31,55.3,False,False
1976-06-01,58.4,False,False
1976-06-02,53.2,False,False
1976-06-03,53.4,False,False
1976-06-04,83.5,False,False
1976-06-05,87.2,False,False
1976-06-06,53.2,False,False
1976-06-07,41.9,False,False
1976-06-08,42.9,False,False
1976-06-09,35.2,False,False
1976-06-10,31.1,False,False
1976-06-11,28.6,False,False
1976-06-12,34.5,False,False
1976-06-13,45.6,False,False
1976-06-14,41.2,False,False
1976-06-15,53.1,False,False
1976-06-16,38.7,False,False
1976-06-17,34.9,False,False
1976-06-18,33.1,False,False
1976-06-19,172.7,False,False
1976-06-20,95.7,False,False
1976-06-21,51.3,False,False
1976-06-22,39.6,False,False
1976-06-23,30.8,False,False
1976-06-24,35.4,False,False
1976-06-25,29.3,False,False
1976-06-26,29.3,False,False
1976-06-27,25.4,False,False
1976-06-28,30.8,False,False
1976-06-29,23.0,False,False
1976-06-30,25.2,False,False
1976-07-01,26.8,False,False
1976-07-02,23.1,False,False
1976-07-03,23.0,False,False
1976-07-04,25.1,False,False
1976-07-05,23.1,False,False
1976-07-06,21.6,False,False
1976-07-07,38.9,False,False
1976-07-08,26.9,False,False
1976-07-09,26.6,False,False
1976-07-10,26.7,False,False
1976-07-11,28.3,False,False
1976-07-12,30.5,False,False
1976-07-13,34.0,False,False
1976-07-14,33.2,False,False
1976-07-15,29.0,False,False
1976-07-16,30.0,False,False
1976-07-17,31.7,False,False
1976-07-18,33.9,False,False
1976-07-19,31.9,False,False
1976-07-20,30.4,False,False
1976-07-21,33.4,False,False
1976-07-22,34.7,False,False
1976-07-23,31.8,False,False
1976-07-24,42.2,False,False
1976-07-25,53.9,False,False
1976-07-26,60.4,False,False
1976-07-27,497.4,False,False
1976-07-28,252.0,False,False
1976-07-29,111.9,False,False
1976-07-30,68.3,False,False
1976-07-31,59.0,False,False
1976-08-01,47.3,False,False
1976-08-02,378.8,False,False
1976-08-03,256.4,False,False
1976-08-04,279.8,False,False
1976-08-05,789.3,False,False
1976-08-06,979.4,False,False
1976-08-07,686.0,False,False
1976-08-08,635.0,False,False
1976-08-09,314.4,False,False
1976-08-10,282.5,False,False
1976-08-11,235.8,False,False
1976-08-12,199.5,False,False
1976-08-13,192.1,False,False
1976-08-14,155.8,False,False
1976-08-15,152.7,False,False
1976-08-16,827.4,False,False
1976-08-17,505.1,False,False
1976-08-18,200.2,False,False
1976-08-19,121.7,False,False
1976-08-20,97.0,False,False
1976-08-21,90.1,False,False
1976-08-22,93.0,False,False
1976-08-23,85.8,False,False
1976-08-24,91.5,False,False
1976-08-25,97.2,False,False
1976-08-26,102.6,False,False
1976-08-27,431.4,False,False
1976-08-28,449.2,False,False
1976-08-29,334.8,False,False
1976-08-30,172.6,False,False
1976-08-31,122.2,False,False
1976-09-01,118.0,False,False
1976-09-02,114.9,False,False
1976-09-03,462.4,False,False
1976-09-04,456.9,False,False
1976-09-05,418.7,False,False
1976-09-06,480.4,False,False
1976-09-07,675.6,False,False
1976-09-08,674.5,False,False
1976-09-09,450.8,False,False
1976-09-10,328.4,False,False
1976-09-11,347.1,False,False
1976-09-12,436.0,False,False
1976-09-13,459.7,False,False
1976-09-14,343.3,False,False
1976-09-15,197.2,False,False
1976-09-16,139.8,False,False
1976-09-17,115.5,False,False
1976-09-18,191.2,False,False
1976-09-19,139.1,False,False
1976-09-20,117.5,False,False
1976-09-21,113.1,False,False
1976-09-22,160.1,False,False
1976-09-23,220.5,False,False
1976-09-24,169.3,False,False
1976-09-25,145.8,False,False
1976-09-26,337.8,False,False
1976-09-27,348.4,False,False
1976-09-28,333.3,False,False
1976-09-29,385.0,False,False
1976-09-30,364.5,False,False
1976-10-01,358.9,False,False
1976-10-02,481.0,False,False
1976-10-03,393.8,False,False
1976-10-04,351.9,False,False
1976-10-05,159.8,False,False
1976-10-06,117.0,False,False
1976-10-07,85.9,False,False
1976-10-08,90.8,False,False
1976-10-09,85.3,False,False
1976-10-10,80.7,False,False
1976-10-11,148.0,False,False
1976-10-12,150.8,False,False
1976-10-13,128.1,False,False
1976-10-14,115.4,False,False
1976-10-15,81.0,False,False
1976-10-16,77.9,False,False
1976-10-17,354.5,False,False
1976-10-18,389.4,False,False
1976-10-19,508.5,False,False
1976-10-20,280.2,False,False
1976-10-21,159.1,False,False
1976-10-22,118.7,False,False
1976-10-23,82.3,False,False
1976-10-24,78.0,False,False
1976-10-25,70.7,False,False
1976-10-26,80.5,False,False
1976-10-27,71.6,False,False
1976-10-28,79.9,False,False
1976-10-29,84.3,False,False
1976-10-30,87.3,False,False
1976-10-31,87.2,False,False
1976-11-01,74.4,False,False
1976-11-02,77.8,False,False
1976-11-03,68.9,False,False
1976-11-04,72.4,False,False
1976-11-05,77.9,False,False
1976-11-06,78.5,False,False
1976-11-07,95.3,False,False
1976-11-08,114.2,False,False
1976-11-09,110.8,False,False
1976-11-10,104.1,False,False
1976-11-11,106.2,False,False
1976-11-12,110.1,False,False
1976-11-13,101.14,False,False
1976-11-14,111.5,False,False
1976-11-15,109.6,False,False
1976-11-16,109.9,False,False
1976-11-17,93.5,False,False
1976-11-18,92.4,False,False
1976-11-19,85.6,False,False
1976-11-20,87.0,False,False
1976-11-21,208.0,False,False
1976-11-22,392.7,False,False
1976-11-23,258.1,False,False
1976-11-24,171.0,False,False
1976-11-25,126.5,False,False
1976-11-26,102.1,False,False
1976-11-27,110.8,False,False
1976-11-28,109.9,False,False
1976-11-29,103.4,False,False
1976-11-30,89.2,False,False
1976-12-01,83.9,False,False
1976-12-02,80.6,False,False
1976-12-03,80.2,False,False
1976-12-04,75.9,False,False
1976-12-05,77.7,False,False
1976-12-06,73.1,False,False
1976-12-07,73.8,False,False
1976-12-08,73.1,False,False
1976-12-09,70.8,False,False
1976-12-10,65.7,False,False
1976-12-11,63.5,False,False
1976-12-12,65.5,False,False
1976-12-13,62.5,False,False
1976-12-14,65.0,False,False
1976-12-15,67.9,False,False
1976-12-16,61.0,False,False
1976-12-17,60.3,False,False
1976-12-18,60.1,False,False
1976-12-19,51.2,False,False
1976-12-20,53.4,False,False
1976-12-21,45.4,False,False
1976-12-22,42.2,False,False
1976-12-23,40.3,False,False
1976-12-24,43.7,False,False
1976-12-25,39.8,False,False
1976-12-26,35.7,False,False
1976-12-27,37.7,False,False
1976-12-28,37.8,False,False
1976-12-29,34.8,False,False
1976-12-30,32.9,False,False
1976-12-31,29.6,False,False
1977-01-01,36.7,False,False
1977-01-02,36.6,False,False
1977-01-03,30.8,False,False
1977-01-04,36.7,False,False
1977-01-05,34.7,False,False
1977-01-06,35.6,False,False
1977-01-07,42.7,False,False
1977-01-08,45.0,False,False
1977-01-09,41.6,False,False
1977-01-10,42.7,False,False
1977-01-11,41.7,False,False
1977-01-12,38.3,False,False
1977-01-13,36.6,False,False
1977-01-14,37.1,False,False
1977-01-15,31.1,False,False
1977-01-16,32.2,False,False
1977-01-17,35.6,False,False
1977-01-18,40.8,False,False
1977-01-19,32.3,False,False
1977-01-20,33.7,False,False
1977-01-21,36.5,False,False
1977-01-22,35.3,False,False
1977-01-23,31.4,False,False
1977-01-24,33.6,False,False
1977-01-25,31.9,False,False
1977-01-26,32.1,False,False
1977-01-27,31.14,False,False
1977-01-28,26.2,False,False
1977-01-29,28.7,False,False
1977-01-30,26.0,False,False
1977-01-31,27.4,False,False
1977-02-01,26.9,False,False
1977-02-02,26.8,False,False
1977-02-03,27.1,False,False
1977-02-04,28.8,False,False
1977-02-05,29.7,False,False
1977-02-06,30.0,False,False
1977-02-07,27.7,False,False
1977-02-08,27.8,False,False
1977-02-09,33.4,False,False
1977-02-10,31.2,False,False
1977-02-11,27.7,False,False
1977-02-12,33.5,False,False
1977-02-13,30.0,False,False
1977-02-14,26.0,False,False
1977-02-15,29.9,False,False
1977-02-16,30.6,False,False
1977-02-17,29.5,False,False
1977-02-18,28.9,False,False
1977-02-19,32.2,False,False
1977-02-20,40.0,False,False
1977-02-21,27.8,False,False
1977-02-22,39.7,False,False
1977-02-23,30.2,False,False
1977-02-24,31.7,False,False
1977-02-25,30.8,False,False
1977-02-26,35.1,False,False
1977-02-27,45.0,False,False
1977-02-28,34.5,False,False
1977-03-01,33.6,False,False
1977-03-02,30.1,False,False
1977-03-03,29.8,False,False
1977-03-04,29.1,False,False
1977-03-05,33.0,False,False
1977-03-06,40.0,False,False
1977-03-07,24.5,False,False
1977-03-08,22.5,False,False
1977-03-09,20.1,False,False
1977-03-10,18.1,False,False
1977-03-11,19.0,False,False
1977-03-12,23.8,False,False
1977-03-13,21.0,False,False
1977-03-14,22.9,False,False
1977-03-15,30.7,False,False
1977-03-16,31.2,False,False
1977-03-17,33.9,False,False
1977-03-18,63.0,False,False
1977-03-19,56.0,False,False
1977-03-20,40.0,False,False
1977-03-21,30.5,False,False
1977-03-22,33.3,False,False
1977-03-23,30.8,False,False
1977-03-24,29.6,False,False
1977-03-25,30.0,False,False
1977-03-26,30.8,False,False
1977-03-27,38.0,False,False
1977-03-28,28.8,False,False
1977-03-29,27.4,False,False
1977-03-30,39.3,False,False
1977-03-31,67.2,False,False
1977-04-01,62.7,False,False
1977-04-02,39.9,False,False
1977-04-03,63.0,False,False
1977-04-04,47.8,False,False
1977-04-05,46.1,False,False
1977-04-06,39.6,False,False
1977-04-07,41.7,False,False
1977-04-08,43.0,False,False
1977-04-09,49.2,False,False
1977-04-10,58.0,False,False
1977-04-11,53.8,False,False
1977-04-12,54.7,False,False
1977-04-13,57.5,False,False
1977-04-14,39.9,False,False
1977-04-15,47.1,False,False
1977-04-16,64.1,False,False
1977-04-17,62.7,False,False
1977-04-18,48.3,False,False
1977-04-19,59.9,False,False
1977-04-20,69.0,False,False
1977-04-21,56.7,False,False
1977-04-22,46.3,False,False
1977-04-23,53.1,False,False
1977-04-24,89.6,False,False
1977-04-25,88.4,False,False
1977-04-26,130.1,False,False
1977-04-27,107.0,False,False
1977-04-28,87.4,False,False
1977-04-29,127.0,False,False
1977-04-30,113.9,False,False
1977-05-01,94.0,False,False
1977-05-02,67.3,False,False
1977-05-03,84.7,False,False
1977-05-04,36.3,False,False
1977-05-05,101.4,False,False
1977-05-06,122.1,False,False
1977-05-07,185.4,False,False
1977-05-08,172.7,False,False
1977-05-09,199.0,False,False
1977-05-10,267.6,False,False
1977-05-11,228.3,False,False
1977-05-12,222.1,False,False
1977-05-13,214.5,False,False
1977-05-14,153.2,False,False
1977-05-15,175.4,False,False
1977-05-16,151.3,False,False
1977-05-17,208.8,False,False
1977-05-18,197.3,False,False
1977-05-19,178.8,False,False
1977-05-20,173.3,False,False
1977-05-21,142.4,False,False
1977-05-22,100.2,False,False
1977-05-23,89.8,False,False
1977-05-24,103.7,False,False
1977-05-25,71.1,False,False
1977-05-26,191.5,False,False
1977-05-27,72.3,False,False
1977-05-28,88.8,False,False
1977-05-29,147.3,False,False
1977-05-30,87.0,False,False
1977-05-31,84.0,False,False
1977-06-01,82.9,False,False
1977-06-02,75.6,False,False
1977-06-03,75.0,False,False
1977-06-04,75.4,False,False
1977-06-05,122.8,False,False
1977-06-06,86.9,False,False
1977-06-07,116.0,False,False
1977-06-08,146.9,False,False
1977-06-09,76.5,False,False
1977-06-10,55.1,False,False
1977-06-11,57.2,False,False
1977-06-12,50.3,False,False
1977-06-13,45.0,False,False
1977-06-14,48.4,False,False
1977-06-15,45.0,False,False
1977-06-16,42.6,False,False
1977-06-17,68.7,False,False
1977-06-18,68.1,False,False
1977-06-19,69.3,False,False
1977-06-20,57.3,False,False
1977-06-21,72.0,False,False
1977-06-22,72.1,False,False
1977-06-23,67.0,False,False
1977-06-24,63.0,False,False
1977-06-25,51.6,False,False
1977-06-26,52.0,False,False
1977-06-27,50.6,False,False
1977-06-28,49.1,False,False
1977-06-29,53.9,False,False
1977-06-30,46.0,False,False
1977-07-01,46.5,False,False
1977-07-02,45.5,False,False
1977-07-03,41.5,False,False
1977-07-04,38.2,False,False
1977-07-05,33.0,False,False
1977-07-06,40.6,False,False
1977-07-07,43.6,False,False
1977-07-08,39.1,False,False
1977-07-09,40.0,False,False
1977-07-10,250.1,False,False
1977-07-11,288.8,False,False
1977-07-12,243.3,False,False
1977-07-13,175.5,False,False
1977-07-14,182.9,False,False
1977-07-15,125.7,False,False
1977-07-16,190.0,False,False
1977-07-17,241.9,False,False
1977-07-18,239.7,False,False
1977-07-19,303.9,False,False
1977-07-20,302.0,False,False
1977-07-21,295.8,False,False
1977-07-22,313.3,False,False
1977-07-23,524.7,False,False
1977-07-24,602.2,False,False
1977-07-25,601.4,False,False
1977-07-26,762.1,False,False
1977-07-27,986.0,False,False
1977-07-28,2006.2,False,False
1977-07-29,1798.5,False,False
1977-07-30,1533.6,False,False
1977-07-31,1288.6,False,False
1977-08-01,1112.1,False,False
1977-08-02,945.9,False,False
1977-08-03,995.8,False,False
1977-08-04,620.2,False,False
1977-08-05,635.1,False,False
1977-08-06,622.6,False,False
1977-08-07,598.9,False,False
1977-08-08,560.9,False,False
1977-08-09,447.1,False,False
1977-08-10,589.9,False,False
1977-08-11,637.3,False,False
1977-08-12,571.5,False,False
1977-08-13,641.2,False,False
1977-08-14,389.8,False,False
1977-08-15,352.2,False,False
1977-08-16,555.7,False,False
1977-08-17,653.7,False,False
1977-08-18,581.2,False,False
1977-08-19,345.1,False,False
1977-08-20,284.4,False,False
1977-08-21,302.8,False,False
1977-08-22,253.6,False,False
1977-08-23,195.1,False,False
1977-08-24,173.0,False,False
1977-08-25,200.1,False,False
1977-08-26,176.4,False,False
1977-08-27,641.6,False,False
1977-08-28,588.3,False,False
1977-08-29,494.0,False,False
1977-08-30,414.2,False,False
1977-08-31,315.6,False,False
1977-09-01,221.6,False,False
1977-09-02,250.8,False,False
1977-09-03,277.2,False,False
1977-09-04,799.5,False,False
1977-09-05,1109.5,False,False
1977-09-06,1135.7,False,False
1977-09-07,1072.3,False,False
1977-09-08,591.3,False,False
1977-09-09,289.8,False,False
1977-09-10,307.2,False,False
1977-09-11,363.1,False,False
1977-09-12,288.5,False,False
1977-09-13,420.5,False,False
1977-09-14,351.2,False,False
1977-09-15,283.3,False,False
1977-09-16,255.8,False,False
1977-09-17,249.2,False,False
1977-09-18,389.5,False,False
1977-09-19,429.6,False,False
1977-09-20,586.4,False,False
1977-09-21,600.8,False,False
1977-09-22,598.2,False,False
1977-09-23,618.9,False,False
1977-09-24,591.8,False,False
1977-09-25,346.0,False,False
1977-09-26,497.2,False,False
1977-09-27,969.5,False,False
1977-09-28,1001.7,False,False
1977-09-29,730.6,False,False
1977-09-30,649.8,False,False
1977-10-01,1052.9,False,False
1977-10-02,1008.0,False,False
1977-10-03,729.9,False,False
1977-10-04,396.6,False,False
1977-10-05,750.0,False,False
1977-10-06,738.7,False,False
1977-10-07,629.6,False,False
1977-10-08,539.8,False,False
1977-10-09,738.9,False,False
1977-10-10,1609.6,False,False
1977-10-11,1523.6,False,False
1977-10-12,956.6,False,False
1977-10-13,773.3,False,False
1977-10-14,686.5,False,False
1977-10-15,872.1,False,False
1977-10-16,679.5,False,False
1977-10-17,537.0,False,False
1977-10-18,623.5,False,False
1977-10-19,638.2,False,False
1977-10-20,885.1,False,False
1977-10-21,1215.7,False,False
1977-10-22,1097.7,False,False
1977-10-23,696.4,False,False
1977-10-24,604.1,False,False
1977-10-25,707.4,False,False
1977-10-26,1517.7,False,False
1977-10-27,2362.0,False,False
1977-10-28,1586.4,False,False
1977-10-29,995.0,False,False
1977-10-30,700.5,False,False
1977-10-31,563.2,False,False
1977-11-01,400.7,False,False
1977-11-02,332.0,False,False
1977-11-03,285.0,False,False
1977-11-04,281.3,False,False
1977-11-05,279.8,False,False
1977-11-06,251.9,False,False
1977-11-07,236.4,False,False
1977-11-08,374.1,False,False
1977-11-09,1062.8,False,False
1977-11-10,883.0,False,False
1977-11-11,562.3,False,False
1977-11-12,536.5,False,False
1977-11-13,440.5,False,False
1977-11-14,387.8,False,False
1977-11-15,410.5,False,False
1977-11-16,439.4,False,False
1977-11-17,392.2,False,False
1977-11-18,341.3,False,False
1977-11-19,267.4,False,False
1977-11-20,253.1,False,False
1977-11-21,273.3,False,False
1977-11-22,278.9,False,False
1977-11-23,240.1,False,False
1977-11-24,343.5,False,False
1977-11-25,392.5,False,False
1977-11-26,375.8,False,False
1977-11-27,359.7,False,False
1977-11-28,330.9,False,False
1977-11-29,348.4,False,False
1977-11-30,280.9,False,False
1977-12-01,245.0,False,False
1977-12-02,245.3,False,False
1977-12-03,233.2,False,False
1977-12-04,226.8,False,False
1977-12-05,186.4,False,False
1977-12-06,205.2,False,False
1977-12-07,191.1,False,False
1977-12-08,185.2,False,False
1977-12-09,186.0,False,False
1977-12-10,168.9,False,False
1977-12-11,179.0,False,False
1977-12-12,168.9,False,False
1977-12-13,164.6,False,False
1977-12-14,140.3,False,False
1977-12-15,148.2,False,False
1977-12-16,149.7,False,False
1977-12-17,134.2,False,False
1977-12-18,143.0,False,False
1977-12-19,139.8,False,False
1977-12-20,133.8,False,False
1977-12-21,129.1,False,False
1977-12-22,127.5,False,False
1977-12-23,124.9,False,False
1977-12-24,130.9,False,False
1977-12-25,115.0,False,False
1977-12-26,126.0,False,False
1977-12-27,119.9,False,False
1977-12-28,121.5,False,False
1977-12-29,124.4,False,False
1977-12-30,121.6,False,False
1977-12-31,123.9,False,False
1978-01-01,122.7,False,False
1978-01-02,118.9,False,False
1978-01-03,114.4,False,False
1978-01-04,111.0,False,False
1978-01-05,104.9,False,False
1978-01-06,106.1,False,False
1978-01-07,106.3,False,False
1978-01-08,113.0,False,False
1978-01-09,113.2,False,False
1978-01-10,111.6,False,False
1978-01-11,107.8,False,False
1978-01-12,104.9,False,False
1978-01-13,92.5,False,False
1978-01-14,91.7,False,False
1978-01-15,93.0,False,False
1978-01-16,96.5,False,False
1978-01-17,97.6,False,False
1978-01-18,95.6,False,False
1978-01-19,93.7,False,False
1978-01-20,94.7,False,False
1978-01-21,74.5,False,False
1978-01-22,75.0,False,False
1978-01-23,65.7,False,False
1978-01-24,70.5,False,False
1978-01-25,68.5,False,False
1978-01-26,70.0,False,False
1978-01-27,71.1,False,False
1978-01-28,73.4,False,False
1978-01-29,70.0,False,False
1978-01-30,70.0,False,False
1978-01-31,66.3,False,False
1978-02-01,58.7,False,False
1978-02-02,56.6,False,False
1978-02-03,61.4,False,False
1978-02-04,57.8,False,False
1978-02-05,57.0,False,False
1978-02-06,48.0,False,False
1978-02-07,77.7,False,False
1978-02-08,58.0,False,False
1978-02-09,54.1,False,False
1978-02-10,33.5,False,False
1978-02-11,35.8,False,False
1978-02-12,35.7,False,False
1978-02-13,33.2,False,False
1978-02-14,40.7,False,False
1978-02-15,43.1,False,False
1978-02-16,40.6,False,False
1978-02-17,38.1,False,False
1978-02-18,42.9,False,False
1978-02-19,41.7,False,False
1978-02-20,41.8,False,False
1978-02-21,57.1,False,False
1978-02-22,43.6,False,False
1978-02-23,78.5,False,False
1978-02-24,45.5,False,False
1978-02-25,41.2,False,False
1978-02-26,46.3,False,False
1978-02-27,45.4,False,False
1978-02-28,45.4,False,False
1978-03-01,39.9,False,False
1978-03-02,38.6,False,False
1978-03-03,34.4,False,False
1978-03-04,32.8,False,False
1978-03-05,33.9,False,False
1978-03-06,33.4,False,False
1978-03-07,38.5,False,False
1978-03-08,36.6,False,False
1978-03-09,31.7,False,False
1978-03-10,36.2,False,False
1978-03-11,32.1,False,False
1978-03-12,35.0,False,False
1978-03-13,33.2,False,False
1978-03-14,28.8,False,False
1978-03-15,33.1,False,False
1978-03-16,27.5,False,False
1978-03-17,42.9,False,False
1978-03-18,44.0,False,False
1978-03-19,47.8,False,False
1978-03-20,46.4,False,False
1978-03-21,58.8,False,False
1978-03-22,52.4,False,False
1978-03-23,54.7,False,False
1978-03-24,56.0,False,False
1978-03-25,72.7,False,False
1978-03-26,81.5,False,False
1978-03-27,69.2,False,False
1978-03-28,68.6,False,False
1978-03-29,65.3,False,False
1978-03-30,68.3,False,False
1978-03-31,67.2,False,False
1978-04-01,67.6,False,False
1978-04-02,66.8,False,False
1978-04-03,67.4,False,False
1978-04-04,66.4,False,False
1978-04-05,64.9,False,False
1978-04-06,66.2,False,False
1978-04-07,65.8,False,False
1978-04-08,80.8,False,False
1978-04-09,98.4,False,False
1978-04-10,98.2,False,False
1978-04-11,70.9,False,False
1978-04-12,43.6,False,False
1978-04-13,43.9,False,False
1978-04-14,82.5,False,False
1978-04-15,102.0,False,False
1978-04-16,102.3,False,False
1978-04-17,118.3,False,False
1978-04-18,117.1,False,False
1978-04-19,126.9,False,False
1978-04-20,105.7,False,False
1978-04-21,94.9,False,False
1978-04-22,97.2,False,False
1978-04-23,103.7,False,False
1978-04-24,118.0,False,False
1978-04-25,121.7,False,False
1978-04-26,132.1,False,False
1978-04-27,117.3,False,False
1978-04-28,118.2,False,False
1978-04-29,116.9,False,False
1978-04-30,115.5,False,False
1978-05-01,82.3,False,False
1978-05-02,80.9,False,False
1978-05-03,66.1,False,False
1978-05-04,66.5,False,False
1978-05-05,41.7,False,False
1978-05-06,39.1,False,False
1978-05-07,39.3,False,False
1978-05-08,42.1,False,False
1978-05-09,47.3,False,False
1978-05-10,48.8,False,False
1978-05-11,50.1,False,False
1978-05-12,77.3,False,False
1978-05-13,101.2,False,False
1978-05-14,107.1,False,False
1978-05-15,132.5,False,False
1978-05-16,116.0,False,False
1978-05-17,97.4,False,False
1978-05-18,93.2,False,False
1978-05-19,64.8,False,False
1978-05-20,54.4,False,False
1978-05-21,43.2,False,False
1978-05-22,42.9,False,False
1978-05-23,100.3,False,False
1978-05-24,135.3,False,False
1978-05-25,131.3,False,False
1978-05-26,180.0,False,False
1978-05-27,256.3,False,False
1978-05-28,179.0,False,False
1978-05-29,108.2,False,False
1978-05-30,107.5,False,False
1978-05-31,84.7,False,False
1978-06-01,65.4,False,False
1978-06-02,64.4,False,False
1978-06-03,64.9,False,False
1978-06-04,57.0,False,False
1978-06-05,41.5,False,False
1978-06-06,56.9,False,False
1978-06-07,49.4,False,False
1978-06-08,45.5,False,False
1978-06-09,46.1,False,False
1978-06-10,43.7,False,False
1978-06-11,39.9,False,False
1978-06-12,40.2,False,False
1978-06-13,70.1,False,False
1978-06-14,67.2,False,False
1978-06-15,63.9,False,False
1978-06-16,65.5,False,False
1978-06-17,64.2,False,False
1978-06-18,65.0,False,False
1978-06-19,67.8,False,False
1978-06-20,793.5,False,False
1978-06-21,524.5,False,False
1978-06-22,344.9,False,False
1978-06-23,292.7,False,False
1978-06-24,240.0,False,False
1978-06-25,179.8,False,False
1978-06-26,619.9,False,False
1978-06-27,876.7,False,False
1978-06-28,613.2,False,False
1978-06-29,507.4,False,False
1978-06-30,320.6,False,False
1978-07-01,289.2,False,False
1978-07-02,258.4,False,False
1978-07-03,235.9,False,False
1978-07-04,239.9,False,False
1978-07-05,672.7,False,False
1978-07-06,532.9,False,False
1978-07-07,287.2,False,False
1978-07-08,463.7,False,False
1978-07-09,380.5,False,False
1978-07-10,314.3,False,False
1978-07-11,442.5,False,False
1978-07-12,715.1,False,False
1978-07-13,1346.7,False,False
1978-07-14,1679.8,False,False
1978-07-15,1670.7,False,False
1978-07-16,1400.9,False,False
1978-07-17,951.3,False,False
1978-07-18,850.9,False,False
1978-07-19,899.4,False,False
1978-07-20,977.5,False,False
1978-07-21,642.1,False,False
1978-07-22,329.0,False,False
1978-07-23,298.0,False,False
1978-07-24,215.8,False,False
1978-07-25,666.1,False,False
1978-07-26,923.3,False,False
1978-07-27,1487.0,False,False
1978-07-28,1501.6,False,False
1978-07-29,1420.6,False,False
1978-07-30,1361.9,False,False
1978-07-31,1255.8,False,False
1978-08-01,1431.0,False,False
1978-08-02,2373.2,False,False
1978-08-03,1718.7,False,False
1978-08-04,1425.8,False,False
1978-08-05,1212.5,False,False
1978-08-06,800.1,False,False
1978-08-07,775.1,False,False
1978-08-08,766.7,False,False
1978-08-09,958.0,False,False
1978-08-10,1233.0,False,False
1978-08-11,972.1,False,False
1978-08-12,1005.4,False,False
1978-08-13,1334.4,False,False
1978-08-14,1187.2,False,False
1978-08-15,940.0,False,False
1978-08-16,989.2,False,False
1978-08-17,1211.2,False,False
1978-08-18,1970.7,False,False
1978-08-19,2328.5,False,False
1978-08-20,1854.6,False,False
1978-08-21,1999.1,False,False
1978-08-22,2198.6,False,False
1978-08-23,1722.4,False,False
1978-08-24,1735.0,False,False
1978-08-25,1416.5,False,False
1978-08-26,1511.0,False,False
1978-08-27,1555.0,False,False
1978-08-28,1486.8,False,False
1978-08-29,1486.1,False,False
1978-08-30,1918.7,False,False
1978-08-31,1644.1,False,False
1978-09-01,1578.6,False,False
1978-09-02,1510.9,False,False
1978-09-03,795.7,False,False
1978-09-04,750.7,False,False
1978-09-05,708.0,False,False
1978-09-06,634.0,False,False
1978-09-07,619.6,False,False
1978-09-08,469.9,False,False
1978-09-09,497.6,False,False
1978-09-10,509.0,False,False
1978-09-11,440.3,False,False
1978-09-12,444.5,False,False
1978-09-13,410.7,False,False
1978-09-14,308.8,False,False
1978-09-15,321.0,False,False
1978-09-16,266.6,False,False
1978-09-17,237.4,False,False
1978-09-18,274.4,False,False
1978-09-19,272.9,False,False
1978-09-20,243.4,False,False
1978-09-21,234.8,False,False
1978-09-22,242.4,False,False
1978-09-23,395.5,False,False
1978-09-24,459.3,False,False
1978-09-25,432.8,False,False
1978-09-26,528.5,False,False
1978-09-27,2258.1,False,False
1978-09-28,1514.1,False,False
1978-09-29,1185.3,False,False
1978-09-30,644.0,False,False
1978-10-01,490.3,False,False
1978-10-02,415.2,False,False
1978-10-03,365.5,False,False
1978-10-04,328.0,False,False
1978-10-05,333.1,False,False
1978-10-06,217.8,False,False
1978-10-07,275.0,False,False
1978-10-08,304.8,False,False
1978-10-09,228.5,False,False
1978-10-10,270.0,False,False
1978-10-11,297.0,False,False
1978-10-12,229.6,False,False
1978-10-13,313.9,False,False
1978-10-14,304.1,False,False
1978-10-15,628.2,False,False
1978-10-16,347.4,False,False
1978-10-17,208.0,False,False
1978-10-18,410.6,False,False
1978-10-19,698.5,False,False
1978-10-20,691.2,False,False
1978-10-21,483.1,False,False
1978-10-22,267.0,False,False
1978-10-23,234.0,False,False
1978-10-24,234.7,False,False
1978-10-25,227.2,False,False
1978-10-26,236.2,False,False
1978-10-27,244.8,False,False
1978-10-28,246.1,False,False
1978-10-29,239.5,False,False
1978-10-30,238.3,False,False
1978-10-31,182.1,False,False
1978-11-01,229.3,False,False
1978-11-02,218.7,False,False
1978-11-03,184.5,False,False
1978-11-04,231.1,False,False
1978-11-05,590.0,False,False
1978-11-06,700.6,False,False
1978-11-07,658.2,False,False
1978-11-08,973.3,False,False
1978-11-09,775.3,False,False
1978-11-10,454.3,False,False
1978-11-11,411.3,False,False
1978-11-12,415.8,False,False
1978-11-13,298.1,False,False
1978-11-14,242.6,False,False
1978-11-15,367.9,False,False
1978-11-16,306.2,False,False
1978-11-17,233.2,False,False
1978-11-18,210.5,False,False
1978-11-19,186.9,False,False
1978-11-20,181.8,False,False
1978-11-21,179.5,False,False
1978-11-22,183.3,False,False
1978-11-23,163.9,False,False
1978-11-24,141.9,False,False
1978-11-25,133.2,False,False
1978-11-26,141.7,False,False
1978-11-27,164.8,False,False
1978-11-28,148.6,False,False
1978-11-29,146.1,False,False
1978-11-30,144.7,False,False
1978-12-01,132.7,False,False
1978-12-02,139.4,False,False
1978-12-03,136.3,False,False
1978-12-04,131.5,False,False
1978-12-05,131.8,False,False
1978-12-06,128.9,False,False
1978-12-07,129.3,False,False
1978-12-08,130.8,False,False
1978-12-09,123.1,False,False
1978-12-10,126.7,False,False
1978-12-11,124.8,False,False
1978-12-12,122.1,False,False
1978-12-13,121.8,False,False
1978-12-14,118.8,False,False
1978-12-15,115.5,False,False
1978-12-16,112.1,False,False
1978-12-17,108.8,False,False
1978-12-18,108.6,False,False
1978-12-19,108.1,False,False
1978-12-20,107.8,False,False
1978-12-21,105.7,False,False
1978-12-22,105.2,False,False
1978-12-23,101.8,False,False
1978-12-24,100.1,False,False
1978-12-25,99.0,False,False
1978-12-26,101.8,False,False
1978-12-27,111.2,False,False
1978-12-28,127.7,False,False
1978-12-29,166.6,False,False
1978-12-30,168.1,False,False
1978-12-31,255.5,False,False
1979-01-01,208.9,False,False
1979-01-02,168.0,False,False
1979-01-03,116.0,False,False
1979-01-04,106.4,False,False
1979-01-05,103.0,False,False
1979-01-06,100.0,False,False
1979-01-07,99.2,False,False
1979-01-08,91.0,False,False
1979-01-09,87.4,False,False
1979-01-10,75.0,False,False
1979-01-11,72.8,False,False
1979-01-12,70.2,False,False
1979-01-13,69.5,False,False
1979-01-14,66.4,False,False
1979-01-15,65.8,False,False
1979-01-16,70.1,False,False
1979-01-17,71.8,False,False
1979-01-18,69.0,False,False
1979-01-19,71.7,False,False
1979-01-20,69.2,False,False
1979-01-21,65.9,False,False
1979-01-22,61.8,False,False
1979-01-23,64.1,False,False
1979-01-24,61.0,False,False
1979-01-25,64.0,False,False
1979-01-26,63.2,False,False
1979-01-27,53.2,False,False
1979-01-28,62.7,False,False
1979-01-29,48.9,False,False
1979-01-30,56.6,False,False
1979-01-31,65.0,False,False
1979-02-01,74.2,False,False
1979-02-02,66.0,False,False
1979-02-03,57.5,False,False
1979-02-04,53.2,False,False
1979-02-05,45.0,False,False
1979-02-06,55.1,False,False
1979-02-07,50.6,False,False
1979-02-08,50.3,False,False
1979-02-09,49.9,False,False
1979-02-10,51.8,False,False
1979-02-11,51.8,False,False
1979-02-12,38.3,False,False
1979-02-13,56.3,False,False
1979-02-14,52.1,False,False
1979-02-15,62.9,False,False
1979-02-16,56.8,False,False
1979-02-17,56.4,False,False
1979-02-18,55.7,False,False
1979-02-19,50.4,False,False
1979-02-20,63.4,False,False
1979-02-21,177.0,False,False
1979-02-22,180.0,False,False
1979-02-23,125.0,False,False
1979-02-24,104.4,False,False
1979-02-25,92.5,False,False
1979-02-26,114.8,False,False
1979-02-27,75.4,False,False
1979-02-28,71.4,False,False
1979-03-01,69.2,False,False
1979-03-02,66.8,False,False
1979-03-03,68.4,False,False
1979-03-04,56.2,False,False
1979-03-05,53.9,False,False
1979-03-06,52.3,False,False
1979-03-07,40.0,False,False
1979-03-08,36.3,False,False
1979-03-09,36.7,False,False
1979-03-10,36.7,False,False
1979-03-11,39.5,False,False
1979-03-12,36.6,False,False
1979-03-13,40.0,False,False
1979-03-14,38.2,False,False
1979-03-15,36.1,False,False
1979-03-16,36.5,False,False
1979-03-17,52.8,False,False
1979-03-18,43.8,False,False
1979-03-19,51.6,False,False
1979-03-20,64.4,False,False
1979-03-21,64.7,False,False
1979-03-22,65.0,False,False
1979-03-23,55.3,False,False
1979-03-24,55.8,False,False
1979-03-25,51.0,False,False
1979-03-26,51.0,False,False
1979-03-27,48.3,False,False
1979-03-28,43.1,False,False
1979-03-29,42.9,False,False
1979-03-30,43.1,False,False
1979-03-31,47.1,False,False
1979-04-01,43.3,False,False
1979-04-02,28.8,False,False
1979-04-03,28.9,False,False
1979-04-04,48.1,False,False
1979-04-05,64.7,False,False
1979-04-06,64.9,False,False
1979-04-07,69.1,False,False
1979-04-08,73.9,False,False
1979-04-09,76.9,False,False
1979-04-10,80.0,False,False
1979-04-11,79.4,False,False
1979-04-12,79.3,False,False
1979-04-13,94.9,False,False
1979-04-14,100.6,False,False
1979-04-15,105.8,False,False
1979-04-16,75.1,False,False
1979-04-17,72.1,False,False
1979-04-18,74.3,False,False
1979-04-19,100.7,False,False
1979-04-20,102.2,False,False
1979-04-21,82.2,False,False
1979-04-22,69.4,False,False
1979-04-23,68.7,False,False
1979-04-24,125.8,False,False
1979-04-25,125.7,False,False
1979-04-26,119.1,False,False
1979-04-27,122.1,False,False
1979-04-28,118.2,False,False
1979-04-29,118.3,False,False
1979-04-30,117.8,False,False
1979-05-01,148.9,False,False
1979-05-02,183.2,False,False
1979-05-03,215.4,False,False
1979-05-04,175.7,False,False
1979-05-05,150.5,False,False
1979-05-06,179.5,False,False
1979-05-07,179.7,False,False
1979-05-08,216.3,False,False
1979-05-09,194.1,False,False
1979-05-10,188.9,False,False
1979-05-11,182.5,False,False
1979-05-12,180.6,False,False
1979-05-13,173.7,False,False
1979-05-14,149.7,False,False
1979-05-15,135.9,False,False
1979-05-16,90.9,False,False
1979-05-17,80.0,False,False
1979-05-18,75.5,False,False
1979-05-19,72.9,False,False
1979-05-20,58.6,False,False
1979-05-21,48.5,False,False
1979-05-22,47.8,False,False
1979-05-23,48.6,False,False
1979-05-24,50.5,False,False
1979-05-25,83.2,False,False
1979-05-26,118.3,False,False
1979-05-27,58.8,False,False
1979-05-28,57.3,False,False
1979-05-29,62.0,False,False
1979-05-30,55.9,False,False
1979-05-31,56.0,False,False
1979-06-01,59.3,False,False
1979-06-02,84.1,False,False
1979-06-03,81.8,False,False
1979-06-04,62.7,False,False
1979-06-05,60.6,False,False
1979-06-06,64.5,False,False
1979-06-07,74.3,False,False
1979-06-08,83.8,False,False
1979-06-09,115.8,False,False
1979-06-10,212.8,False,False
1979-06-11,152.5,False,False
1979-06-12,105.0,False,False
1979-06-13,114.5,False,False
1979-06-14,151.1,False,False
1979-06-15,124.6,False,False
1979-06-16,115.5,False,False
1979-06-17,93.2,False,False
1979-06-18,69.3,False,False
1979-06-19,70.7,False,False
1979-06-20,70.9,False,False
1979-06-21,130.1,False,False
1979-06-22,205.2,False,False
1979-06-23,199.8,False,False
1979-06-24,190.0,False,False
1979-06-25,173.3,False,False
1979-06-26,118.5,False,False
1979-06-27,70.8,False,False
1979-06-28,55.4,False,False
1979-06-29,47.3,False,False
1979-06-30,61.1,False,False
1979-07-01,61.4,False,False
1979-07-02,50.6,False,False
1979-07-03,56.7,False,False
1979-07-04,44.8,False,False
1979-07-05,855.0,False,False
1979-07-06,725.0,False,False
1979-07-07,489.1,False,False
1979-07-08,385.4,False,False
1979-07-09,347.0,False,False
1979-07-10,509.3,False,False
1979-07-11,694.0,False,False
1979-07-12,712.8,False,False
1979-07-13,690.9,False,False
1979-07-14,491.9,False,False
1979-07-15,648.1,False,False
1979-07-16,539.6,False,False
1979-07-17,575.2,False,False
1979-07-18,452.6,False,False
1979-07-19,210.2,False,False
1979-07-20,164.5,False,False
1979-07-21,119.8,False,False
1979-07-22,92.1,False,False
1979-07-23,120.2,False,False
1979-07-24,217.6,False,False
1979-07-25,214.5,False,False
1979-07-26,196.1,False,False
1979-07-27,130.9,False,False
1979-07-28,120.6,False,False
1979-07-29,147.2,False,False
1979-07-30,227.8,False,False
1979-07-31,232.7,False,False
1979-08-01,299.5,False,False
1979-08-02,1541.2,False,False
1979-08-03,2475.4,False,False
1979-08-04,2950.5,False,False
1979-08-05,2874.8,False,False
1979-08-06,2776.8,False,False
1979-08-07,2160.0,False,False
1979-08-08,2546.5,False,False
1979-08-09,2844.4,False,False
1979-08-10,2921.7,False,False
1979-08-11,2981.7,False,False
1979-08-12,2869.4,False,False
1979-08-13,2905.3,False,False
1979-08-14,2580.8,False,False
1979-08-15,1409.4,False,False
1979-08-16,1550.0,False,False
1979-08-17,540.9,False,False
1979-08-18,749.5,False,False
1979-08-19,540.5,False,False
1979-08-20,521.6,False,False
1979-08-21,530.9,False,False
1979-08-22,532.0,False,False
1979-08-23,544.0,False,False
1979-08-24,510.2,False,False
1979-08-25,309.2,False,False
1979-08-26,309.2,False,False
1979-08-27,310.4,False,False
1979-08-28,246.1,False,False
1979-08-29,334.9,False,False
1979-08-30,697.2,False,False
1979-08-31,552.3,False,False
1979-09-01,460.0,False,False
1979-09-02,324.9,False,False
1979-09-03,476.5,False,False
1979-09-04,474.6,False,False
1979-09-05,393.2,False,False
1979-09-06,402.7,False,False
1979-09-07,296.5,False,False
1979-09-08,231.4,False,False
1979-09-09,683.4,False,False
1979-09-10,688.0,False,False
1979-09-11,1003.8,False,False
1979-09-12,698.9,False,False
1979-09-13,1107.5,False,False
1979-09-14,1121.5,False,False
1979-09-15,730.5,False,False
1979-09-16,708.9,False,False
1979-09-17,624.2,False,False
1979-09-18,744.2,False,False
1979-09-19,794.1,False,False
1979-09-20,1104.7,False,False
1979-09-21,677.2,False,False
1979-09-22,462.9,False,False
1979-09-23,440.2,False,False
1979-09-24,448.8,False,False
1979-09-25,493.9,False,False
1979-09-26,418.0,False,False
1979-09-27,257.7,False,False
1979-09-28,259.2,False,False
1979-09-29,339.0,False,False
1979-09-30,490.7,False,False
1979-10-01,440.2,False,False
1979-10-02,374.7,False,False
1979-10-03,331.2,False,False
1979-10-04,354.2,False,False
1979-10-05,306.5,False,False
1979-10-06,271.9,False,False
1979-10-07,259.1,False,False
1979-10-08,301.2,False,False
1979-10-09,554.2,False,False
1979-10-10,517.3,False,False
1979-10-11,610.1,False,False
1979-10-12,468.3,False,False
1979-10-13,325.2,False,False
1979-10-14,244.0,False,False
1979-10-15,250.6,False,False
1979-10-16,215.4,False,False
1979-10-17,242.4,False,False
1979-10-18,246.2,False,False
1979-10-19,219.4,False,False
1979-10-20,216.0,False,False
1979-10-21,172.8,False,False
1979-10-22,157.0,False,False
1979-10-23,166.4,False,False
1979-10-24,155.4,False,False
1979-10-25,160.2,False,False
1979-10-26,200.2,False,False
1979-10-27,191.1,False,False
1979-10-28,205.8,False,False
1979-10-29,375.5,False,False
1979-10-30,498.5,False,False
1979-10-31,459.0,False,False
1979-11-01,330.2,False,False
1979-11-02,240.7,False,False
1979-11-03,236.3,False,False
1979-11-04,229.6,False,False
1979-11-05,219.4,False,False
1979-11-06,203.3,False,False
1979-11-07,244.0,False,False
1979-11-08,242.8,False,False
1979-11-09,222.9,False,False
1979-11-10,205.2,False,False
1979-11-11,164.5,False,False
1979-11-12,170.0,False,False
1979-11-13,191.4,False,False
1979-11-14,226.4,False,False
1979-11-15,212.3,False,False
1979-11-16,227.4,False,False
1979-11-17,270.2,False,False
1979-11-18,371.7,False,False
1979-11-19,529.4,False,False
1979-11-20,610.7,False,False
1979-11-21,547.0,False,False
1979-11-22,506.0,False,False
1979-11-23,501.7,False,False
1979-11-24,500.9,False,False
1979-11-25,350.5,False,False
1979-11-26,297.7,False,False
1979-11-27,296.0,False,False
1979-11-28,299.6,False,False
1979-11-29,268.6,False,False
1979-11-30,226.1,False,False
1979-12-01,233.3,False,False
1979-12-02,236.4,False,False
1979-12-03,227.5,False,False
1979-12-04,188.2,False,False
1979-12-05,188.9,False,False
1979-12-06,187.6,False,False
1979-12-07,169.5,False,False
1979-12-08,173.7,False,False
1979-12-09,176.8,False,False
1979-12-10,174.0,False,False
1979-12-11,164.6,False,False
1979-12-12,150.8,False,False
1979-12-13,149.0,False,False
1979-12-14,160.0,False,False
1979-12-15,159.0,False,False
1979-12-16,148.7,False,False
1979-12-17,139.1,False,False
1979-12-18,135.7,False,False
1979-12-19,129.2,False,False
1979-12-20,132.1,False,False
1979-12-21,132.7,False,False
1979-12-22,128.6,False,False
1979-12-23,126.9,False,False
1979-12-24,120.5,False,False
1979-12-25,111.4,False,False
1979-12-26,105.5,False,False
1979-12-27,111.3,False,False
1979-12-28,104.9,False,False
1979-12-29,103.6,False,False
1979-12-30,100.5,False,False
1979-12-31,101.5,False,False
1980-01-01,111.1,False,False
1980-01-02,113.4,False,False
1980-01-03,104.3,False,False
1980-01-04,104.1,False,False
1980-01-05,103.7,False,False
1980-01-06,102.9,False,False
1980-01-07,100.4,False,False
1980-01-08,95.4,False,False
1980-01-09,94.5,False,False
1980-01-10,86.9,False,False
1980-01-11,86.9,False,False
1980-01-12,80.9,False,False
1980-01-13,79.3,False,False
1980-01-14,78.5,False,False
1980-01-15,75.7,False,False
1980-01-16,70.2,False,False
1980-01-17,66.6,False,False
1980-01-18,67.5,False,False
1980-01-19,66.8,False,False
1980-01-20,64.2,False,False
1980-01-21,57.2,False,False
1980-01-22,57.7,False,False
1980-01-23,56.7,False,False
1980-01-24,54.7,False,False
1980-01-25,51.5,False,False
1980-01-26,53.5,False,False
1980-01-27,54.9,False,False
1980-01-28,59.0,False,False
1980-01-29,58.1,False,False
1980-01-30,56.5,False,False
1980-01-31,53.1,False,False
1980-02-01,45.9,False,False
1980-02-02,55.2,False,False
1980-02-03,56.7,False,False
1980-02-04,49.7,False,False
1980-02-05,71.3,False,False
1980-02-06,68.6,False,False
1980-02-07,67.3,False,False
1980-02-08,68.4,False,False
1980-02-09,68.6,False,False
1980-02-10,70.0,False,False
1980-02-11,63.9,False,False
1980-02-12,69.8,False,False
1980-02-13,58.5,False,False
1980-02-14,62.7,False,False
1980-02-15,61.8,False,False
1980-02-16,58.5,False,False
1980-02-17,59.7,False,False
1980-02-18,53.4,False,False
1980-02-19,60.2,False,False
1980-02-20,53.3,False,False
1980-02-21,40.9,False,False
1980-02-22,40.5,False,False
1980-02-23,42.2,False,False
1980-02-24,51.6,False,False
1980-02-25,36.8,False,False
1980-02-26,47.3,False,False
1980-02-27,34.4,False,False
1980-02-28,33.5,False,False
1980-02-29,31.7,False,False
1980-03-01,31.1,False,False
1980-03-02,34.9,False,False
1980-03-03,38.4,False,False
1980-03-04,52.1,False,False
1980-03-05,45.8,False,False
1980-03-06,50.5,False,False
1980-03-07,47.3,False,False
1980-03-08,41.1,False,False
1980-03-09,42.0,False,False
1980-03-10,40.8,False,False
1980-03-11,47.9,False,False
1980-03-12,48.4,False,False
1980-03-13,49.0,False,False
1980-03-14,51.8,False,False
1980-03-15,49.3,False,False
1980-03-16,41.8,False,False
1980-03-17,32.0,False,False
1980-03-18,31.5,False,False
1980-03-19,36.3,False,False
1980-03-20,32.4,False,False
1980-03-21,32.0,False,False
1980-03-22,31.3,False,False
1980-03-23,31.0,False,False
1980-03-24,27.4,False,False
1980-03-25,30.3,False,False
1980-03-26,31.0,False,False
1980-03-27,27.1,False,False
1980-03-28,35.2,False,False
1980-03-29,35.0,False,False
1980-03-30,35.1,False,False
1980-03-31,30.0,False,False
1980-04-01,46.1,False,False
1980-04-02,50.2,False,False
1980-04-03,74.2,False,False
1980-04-04,65.2,False,False
1980-04-05,49.0,False,False
1980-04-06,62.8,False,False
1980-04-07,52.4,False,False
1980-04-08,61.1,False,False
1980-04-09,54.5,False,False
1980-04-10,64.8,False,False
1980-04-11,51.6,False,False
1980-04-12,43.9,False,False
1980-04-13,41.1,False,False
1980-04-14,42.1,False,False
1980-04-15,49.1,False,False
1980-04-16,52.0,False,False
1980-04-17,44.9,False,False
1980-04-18,50.7,False,False
1980-04-19,33.3,False,False
1980-04-20,33.1,False,False
1980-04-21,31.9,False,False
1980-04-22,52.4,False,False
1980-04-23,63.2,False,False
1980-04-24,79.5,False,False
1980-04-25,74.0,False,False
1980-04-26,67.5,False,False
1980-04-27,73.0,False,False
1980-04-28,74.6,False,False
1980-04-29,110.6,False,False
1980-04-30,126.4,False,False
1980-05-01,102.3,False,False
1980-05-02,94.9,False,False
1980-05-03,86.5,False,False
1980-05-04,90.3,False,False
1980-05-05,75.5,False,False
1980-05-06,86.3,False,False
1980-05-07,75.7,False,False
1980-05-08,77.8,False,False
1980-05-09,78.2,False,False
1980-05-10,72.2,False,False
1980-05-11,66.4,False,False
1980-05-12,46.6,False,False
1980-05-13,43.9,False,False
1980-05-14,64.8,False,False
1980-05-15,72.0,False,False
1980-05-16,65.3,False,False
1980-05-17,55.5,False,False
1980-05-18,65.6,False,False
1980-05-19,55.6,False,False
1980-05-20,66.8,False,False
1980-05-21,66.0,False,False
1980-05-22,73.6,False,False
1980-05-23,62.3,False,False
1980-05-24,49.8,False,False
1980-05-25,48.5,False,False
1980-05-26,42.3,False,False
1980-05-27,46.0,False,False
1980-05-28,50.0,False,False
1980-05-29,131.3,False,False
1980-05-30,157.5,False,False
1980-05-31,235.7,False,False
1980-06-01,371.7,False,False
1980-06-02,246.2,False,False
1980-06-03,222.6,False,False
1980-06-04,145.3,False,False
1980-06-05,129.5,False,False
1980-06-06,109.8,False,False
1980-06-07,99.6,False,False
1980-06-08,99.5,False,False
1980-06-09,97.5,False,False
1980-06-10,87.5,False,False
1980-06-11,95.0,False,False
1980-06-12,84.8,False,False
1980-06-13,76.8,False,False
1980-06-14,76.1,False,False
1980-06-15,81.2,False,False
1980-06-16,89.6,False,False
1980-06-17,100.4,False,False
1980-06-18,92.0,False,False
1980-06-19,94.4,False,False
1980-06-20,258.3,False,False
1980-06-21,458.6,False,False
1980-06-22,620.0,False,False
1980-06-23,1142.4,False,False
1980-06-24,1245.0,False,False
1980-06-25,1009.0,False,False
1980-06-26,700.0,False,False
1980-06-27,597.1,False,False
1980-06-28,506.6,False,False
1980-06-29,378.5,False,False
1980-06-30,450.2,False,False
1980-07-01,591.2,False,False
1980-07-02,1770.0,False,False
1980-07-03,3290.0,False,False
1980-07-04,4026.1,False,False
1980-07-05,4562.2,False,False
1980-07-06,4106.5,False,False
1980-07-07,3097.8,False,False
1980-07-08,2450.0,False,False
1980-07-09,1760.0,False,False
1980-07-10,2510.0,False,False
1980-07-11,3570.0,False,False
1980-07-12,3390.0,False,False
1980-07-13,3020.0,False,False
1980-07-14,2190.0,False,False
1980-07-15,1164.6,False,False
1980-07-16,850.0,False,False
1980-07-17,1151.9,False,False
1980-07-18,1260.1,False,False
1980-07-19,1030.0,False,False
1980-07-20,542.2,False,False
1980-07-21,293.8,False,False
1980-07-22,380.0,False,False
1980-07-23,903.8,False,False
1980-07-24,1168.6,False,False
1980-07-25,1046.8,False,False
1980-07-26,1126.4,False,False
1980-07-27,1263.4,False,False
1980-07-28,1423.1,False,False
1980-07-29,1763.1,False,False
1980-07-30,1842.3,False,False
1980-07-31,1926.2,False,False
1980-08-01,1779.4,False,False
1980-08-02,1153.8,False,False
1980-08-03,760.8,False,False
1980-08-04,656.6,False,False
1980-08-05,606.6,False,False
1980-08-06,504.5,False,False
1980-08-07,599.6,False,False
1980-08-08,641.2,False,False
1980-08-09,602.9,False,False
1980-08-10,370.0,False,False
1980-08-11,345.0,False,False
1980-08-12,265.0,False,False
1980-08-13,236.5,False,False
1980-08-14,1759.9,False,False
1980-08-15,1920.0,False,False
1980-08-16,1928.1,False,False
1980-08-17,1642.1,False,False
1980-08-18,1618.4,False,False
1980-08-19,1334.6,False,False
1980-08-20,1037.9,False,False
1980-08-21,895.0,False,False
1980-08-22,630.0,False,False
1980-08-23,554.6,False,False
1980-08-24,633.6,False,False
1980-08-25,1342.2,False,False
1980-08-26,1387.3,False,False
1980-08-27,1000.0,False,False
1980-08-28,960.0,False,False
1980-08-29,867.0,False,False
1980-08-30,674.2,False,False
1980-08-31,635.8,False,False
1980-09-01,495.1,False,False
1980-09-02,475.3,False,False
1980-09-03,545.0,False,False
1980-09-04,464.7,False,False
1980-09-05,474.5,False,False
1980-09-06,531.1,False,False
1980-09-07,549.4,False,False
1980-09-08,572.4,False,False
1980-09-09,643.6,False,False
1980-09-10,552.0,False,False
1980-09-11,387.3,False,False
1980-09-12,278.7,False,False
1980-09-13,330.0,False,False
1980-09-14,320.4,False,False
1980-09-15,276.9,False,False
1980-09-16,260.2,False,False
1980-09-17,201.3,False,False
1980-09-18,184.3,False,False
1980-09-19,174.3,False,False
1980-09-20,142.4,False,False
1980-09-21,129.9,False,False
1980-09-22,811.4,False,False
1980-09-23,542.9,False,False
1980-09-24,801.9,False,False
1980-09-25,634.2,False,False
1980-09-26,487.5,False,False
1980-09-27,618.3,False,False
1980-09-28,479.6,False,False
1980-09-29,535.3,False,False
1980-09-30,495.5,False,False
1980-10-01,455.0,False,False
1980-10-02,845.1,False,False
1980-10-03,847.4,False,False
1980-10-04,681.7,False,False
1980-10-05,545.0,False,False
1980-10-06,410.0,False,False
1980-10-07,260.4,False,False
1980-10-08,209.2,False,False
1980-10-09,195.6,False,False
1980-10-10,195.9,False,False
1980-10-11,208.7,False,False
1980-10-12,355.0,False,False
1980-10-13,345.9,False,False
1980-10-14,267.3,False,False
1980-10-15,271.1,False,False
1980-10-16,201.4,False,False
1980-10-17,198.2,False,False
1980-10-18,258.3,False,False
1980-10-19,215.0,False,False
1980-10-20,196.6,False,False
1980-10-21,239.5,False,False
1980-10-22,202.2,False,False
1980-10-23,340.0,False,False
1980-10-24,691.5,False,False
1980-10-25,603.2,False,False
1980-10-26,420.0,False,False
1980-10-27,332.7,False,False
1980-10-28,304.8,False,False
1980-10-29,254.1,False,False
1980-10-30,213.4,False,False
1980-10-31,185.3,False,False
1980-11-01,180.2,False,False
1980-11-02,180.0,False,False
1980-11-03,171.4,False,False
1980-11-04,169.5,False,False
1980-11-05,172.6,False,False
1980-11-06,154.4,False,False
1980-11-07,165.0,False,False
1980-11-08,169.2,False,False
1980-11-09,156.2,False,False
1980-11-10,155.4,False,False
1980-11-11,169.4,False,False
1980-11-12,168.5,False,False
1980-11-13,183.5,False,False
1980-11-14,436.9,False,False
1980-11-15,552.9,False,False
1980-11-16,480.0,False,False
1980-11-17,352.8,False,False
1980-11-18,260.5,False,False
1980-11-19,304.9,False,False
1980-11-20,287.4,False,False
1980-11-21,287.8,False,False
1980-11-22,254.6,False,False
1980-11-23,300.0,False,False
1980-11-24,245.5,False,False
1980-11-25,254.0,False,False
1980-11-26,205.8,False,False
1980-11-27,181.4,False,False
1980-11-28,166.4,False,False
1980-11-29,154.5,False,False
1980-11-30,160.0,False,False
1980-12-01,159.9,False,False
1980-12-02,169.8,False,False
1980-12-03,161.0,False,False
1980-12-04,157.1,False,False
1980-12-05,161.0,False,False
1980-12-06,158.7,False,False
1980-12-07,160.0,False,False
1980-12-08,148.2,False,False
1980-12-09,148.4,False,False
1980-12-10,148.8,False,False
1980-12-11,143.1,False,False
1980-12-12,142.6,False,False
1980-12-13,141.2,False,False
1980-12-14,153.0,False,False
1980-12-15,148.0,False,False
1980-12-16,145.0,False,False
1980-12-17,145.0,False,False
1980-12-18,136.1,False,False
1980-12-19,132.1,False,False
1980-12-20,129.9,False,False
1980-12-21,128.7,False,False
1980-12-22,129.2,False,False
1980-12-23,138.0,False,False
1980-12-24,139.1,False,False
1980-12-25,160.0,False,False
1980-12-26,144.1,False,False
1980-12-27,129.8,False,False
1980-12-28,125.0,False,False
1980-12-29,115.7,False,False
1980-12-30,114.4,False,False
1980-12-31,112.7,False,False
1981-01-01,110.5,False,False
1981-01-02,108.0,False,False
1981-01-03,105.5,False,False
1981-01-04,102.6,False,False
1981-01-05,99.2,False,False
1981-01-06,89.3,False,False
1981-01-07,94.4,False,False
1981-01-08,105.8,False,False
1981-01-09,108.8,False,False
1981-01-10,95.1,False,False
1981-01-11,90.1,False,False
1981-01-12,85.2,False,False
1981-01-13,80.4,False,False
1981-01-14,78.0,False,False
1981-01-15,76.2,False,False
1981-01-16,77.2,False,False
1981-01-17,75.0,False,False
1981-01-18,76.2,False,False
1981-01-19,72.0,False,False
1981-01-20,80.5,False,False
1981-01-21,82.8,False,False
1981-01-22,75.1,False,False
1981-01-23,87.8,False,False
1981-01-24,79.9,False,False
1981-01-25,80.6,False,False
1981-01-26,85.0,False,False
1981-01-27,101.0,False,False
1981-01-28,94.3,False,False
1981-01-29,101.9,False,False
1981-01-30,97.1,False,False
1981-01-31,83.3,False,False
1981-02-01,82.9,False,False
1981-02-02,48.2,False,False
1981-02-03,74.3,False,False
1981-02-04,74.0,False,False
1981-02-05,73.4,False,False
1981-02-06,72.9,False,False
1981-02-07,64.9,False,False
1981-02-08,65.5,False,False
1981-02-09,46.6,False,False
1981-02-10,59.7,False,False
1981-02-11,47.9,False,False
1981-02-12,48.5,False,False
1981-02-13,48.4,False,False
1981-02-14,45.6,False,False
1981-02-15,46.0,False,False
1981-02-16,45.4,False,False
1981-02-17,45.0,False,False
1981-02-18,42.3,False,False
1981-02-19,41.5,False,False
1981-02-20,45.9,False,False
1981-02-21,38.7,False,False
1981-02-22,38.0,False,False
1981-02-23,34.3,False,False
1981-02-24,37.4,False,False
1981-02-25,37.0,False,False
1981-02-26,32.2,False,False
1981-02-27,32.4,False,False
1981-02-28,32.2,False,False
1981-03-01,33.5,False,False
1981-03-02,30.4,False,False
1981-03-03,30.7,False,False
1981-03-04,34.4,False,False
1981-03-05,39.5,False,False
1981-03-06,41.8,False,False
1981-03-07,38.5,False,False
1981-03-08,41.0,False,False
1981-03-09,38.0,False,False
1981-03-10,38.8,False,False
1981-03-11,38.8,False,False
1981-03-12,32.8,False,False
1981-03-13,41.3,False,False
1981-03-14,64.3,False,False
1981-03-15,82.5,False,False
1981-03-16,60.5,False,False
1981-03-17,60.1,False,False
1981-03-18,63.2,False,False
1981-03-19,67.0,False,False
1981-03-20,70.7,False,False
1981-03-21,107.8,False,False
1981-03-22,101.0,False,False
1981-03-23,109.6,False,False
1981-03-24,71.5,False,False
1981-03-25,69.5,False,False
1981-03-26,63.0,False,False
1981-03-27,70.0,False,False
1981-03-28,61.7,False,False
1981-03-29,46.0,False,False
1981-03-30,41.0,False,False
1981-03-31,42.5,False,False
1981-04-01,60.1,False,False
1981-04-02,51.5,False,False
1981-04-03,67.2,False,False
1981-04-04,70.1,False,False
1981-04-05,55.5,False,False
1981-04-06,59.5,False,False
1981-04-07,64.4,False,False
1981-04-08,64.7,False,False
1981-04-09,60.5,False,False
1981-04-10,64.3,False,False
1981-04-11,37.3,False,False
1981-04-12,46.0,False,False
1981-04-13,50.0,False,False
1981-04-14,59.0,False,False
1981-04-15,64.1,False,False
1981-04-16,63.4,False,False
1981-04-17,78.0,False,False
1981-04-18,87.0,False,False
1981-04-19,87.0,False,False
1981-04-20,63.1,False,False
1981-04-21,62.7,False,False
1981-04-22,82.5,False,False
1981-04-23,66.3,False,False
1981-04-24,66.5,False,False
1981-04-25,38.6,False,False
1981-04-26,50.0,False,False
1981-04-27,50.0,False,False
1981-04-28,55.5,False,False
1981-04-29,57.0,False,False
1981-04-30,55.5,False,False
1981-05-01,38.0,False,False
1981-05-02,46.0,False,False
1981-05-03,55.5,False,False
1981-05-04,70.1,False,False
1981-05-05,85.0,False,False
1981-05-06,99.6,False,False
1981-05-07,129.4,False,False
1981-05-08,119.6,False,False
1981-05-09,87.0,False,False
1981-05-10,99.0,False,False
1981-05-11,338.4,False,False
1981-05-12,118.8,False,False
1981-05-13,102.2,False,False
1981-05-14,69.2,False,False
1981-05-15,103.0,False,False
1981-05-16,82.5,False,False
1981-05-17,70.0,False,False
1981-05-18,65.7,False,False
1981-05-19,87.0,False,False
1981-05-20,100.3,False,False
1981-05-21,68.9,False,False
1981-05-22,69.5,False,False
1981-05-23,68.8,False,False
1981-05-24,74.0,False,False
1981-05-25,61.0,False,False
1981-05-26,73.6,False,False
1981-05-27,73.4,False,False
1981-05-28,72.7,False,False
1981-05-29,117.5,False,False
1981-05-30,141.4,False,False
1981-05-31,207.0,False,False
1981-06-01,157.6,False,False
1981-06-02,134.3,False,False
1981-06-03,128.2,False,False
1981-06-04,105.1,False,False
1981-06-05,99.7,False,False
1981-06-06,98.9,False,False
1981-06-07,90.0,False,False
1981-06-08,85.0,False,False
1981-06-09,187.0,False,False
1981-06-10,195.1,False,False
1981-06-11,222.6,False,False
1981-06-12,158.6,False,False
1981-06-13,151.0,False,False
1981-06-14,125.0,False,False
1981-06-15,105.8,False,False
1981-06-16,126.3,False,False
1981-06-17,147.2,False,False
1981-06-18,141.1,False,False
1981-06-19,132.2,False,False
1981-06-20,177.5,False,False
1981-06-21,255.0,False,False
1981-06-22,439.3,False,False
1981-06-23,461.0,False,False
1981-06-24,479.6,False,False
1981-06-25,448.4,False,False
1981-06-26,437.7,False,False
1981-06-27,451.2,False,False
1981-06-28,445.0,False,False
1981-06-29,426.8,False,False
1981-06-30,363.0,False,False
1981-07-01,206.9,False,False
1981-07-02,146.4,False,False
1981-07-03,95.2,False,False
1981-07-04,89.5,False,False
1981-07-05,88.0,False,False
1981-07-06,80.6,False,False
1981-07-07,83.3,False,False
1981-07-08,72.7,False,False
1981-07-09,338.5,False,False
1981-07-10,430.8,False,False
1981-07-11,588.1,False,False
1981-07-12,675.0,False,False
1981-07-13,638.2,False,False
1981-07-14,635.3,False,False
1981-07-15,574.4,False,False
1981-07-16,535.8,False,False
1981-07-17,528.0,False,False
1981-07-18,383.7,False,False
1981-07-19,195.0,False,False
1981-07-20,142.1,False,False
1981-07-21,115.2,False,False
1981-07-22,112.9,False,False
1981-07-23,114.6,False,False
1981-07-24,110.9,False,False
1981-07-25,111.6,False,False
1981-07-26,109.9,False,False
1981-07-27,160.4,False,False
1981-07-28,163.8,False,False
1981-07-29,180.1,False,False
1981-07-30,393.3,False,False
1981-07-31,910.0,False,False
1981-08-01,417.9,False,False
1981-08-02,275.0,False,False
1981-08-03,277.6,False,False
1981-08-04,1191.8,False,False
1981-08-05,1260.4,False,False
1981-08-06,832.7,False,False
1981-08-07,1345.0,False,False
1981-08-08,1220.0,False,False
1981-08-09,1350.0,False,False
1981-08-10,1445.0,False,False
1981-08-11,1490.0,False,False
1981-08-12,1937.8,False,False
1981-08-13,1993.4,False,False
1981-08-14,2155.6,False,False
1981-08-15,1445.0,False,False
1981-08-16,1520.0,False,False
1981-08-17,955.6,False,False
1981-08-18,3356.3,False,False
1981-08-19,4369.8,False,False
1981-08-20,3574.1,False,False
1981-08-21,3712.6,False,False
1981-08-22,3762.8,False,False
1981-08-23,1920.0,False,False
1981-08-24,982.6,False,False
1981-08-25,739.9,False,False
1981-08-26,1430.2,False,False
1981-08-27,1299.4,False,False
1981-08-28,877.2,False,False
1981-08-29,948.5,False,False
1981-08-30,625.0,False,False
1981-08-31,1070.0,False,False
1981-09-01,623.9,False,False
1981-09-02,485.0,False,False
1981-09-03,494.5,False,False
1981-09-04,722.3,False,False
1981-09-05,924.6,False,False
1981-09-06,1040.0,False,False
1981-09-07,644.2,False,False
1981-09-08,722.3,False,False
1981-09-09,656.1,False,False
1981-09-10,1075.6,False,False
1981-09-11,2055.0,False,False
1981-09-12,3022.8,False,False
1981-09-13,2360.0,False,False
1981-09-14,1526.3,False,False
1981-09-15,1561.9,False,False
1981-09-16,1003.9,False,False
1981-09-17,1038.5,False,False
1981-09-18,1275.1,False,False
1981-09-19,1260.0,False,False
1981-09-20,985.0,False,False
1981-09-21,544.5,False,False
1981-09-22,446.5,False,False
1981-09-23,601.9,False,False
1981-09-24,2060.9,False,False
1981-09-25,1430.1,False,False
1981-09-26,1221.0,False,False
1981-09-27,987.3,False,False
1981-09-28,620.0,False,False
1981-09-29,453.5,False,False
1981-09-30,399.0,False,False
1981-10-01,270.0,False,False
1981-10-02,210.0,False,False
1981-10-03,457.5,False,False
1981-10-04,305.0,False,False
1981-10-05,615.0,False,False
1981-10-06,643.6,False,False
1981-10-07,780.0,False,False
1981-10-08,560.0,False,False
1981-10-09,670.0,False,False
1981-10-10,461.7,False,False
1981-10-11,515.0,False,False
1981-10-12,405.0,False,False
1981-10-13,394.0,False,False
1981-10-14,326.3,False,False
1981-10-15,270.3,False,False
1981-10-16,240.8,False,False
1981-10-17,239.0,False,False
1981-10-18,233.6,False,False
1981-10-19,404.8,False,False
1981-10-20,319.4,False,False
1981-10-21,364.7,False,False
1981-10-22,341.2,False,False
1981-10-23,310.2,False,False
1981-10-24,296.6,False,False
1981-10-25,303.1,False,False
1981-10-26,460.0,False,False
1981-10-27,450.5,False,False
1981-10-28,370.9,False,False
1981-10-29,613.6,False,False
1981-10-30,630.9,False,False
1981-10-31,603.1,False,False
1981-11-01,450.1,False,False
1981-11-02,402.0,False,False
1981-11-03,464.4,False,False
1981-11-04,426.1,False,False
1981-11-05,342.8,False,False
1981-11-06,409.1,False,False
1981-11-07,367.2,False,False
1981-11-08,528.6,False,False
1981-11-09,539.8,False,False
1981-11-10,548.2,False,False
1981-11-11,415.0,False,False
1981-11-12,371.3,False,False
1981-11-13,326.1,False,False
1981-11-14,297.3,False,False
1981-11-15,269.3,False,False
1981-11-16,234.1,False,False
1981-11-17,227.1,False,False
1981-11-18,233.6,False,False
1981-11-19,222.6,False,False
1981-11-20,218.0,False,False
1981-11-21,211.1,False,False
1981-11-22,196.4,False,False
1981-11-23,197.2,False,False
1981-11-24,192.7,False,False
1981-11-25,193.8,False,False
1981-11-26,185.7,False,False
1981-11-27,185.1,False,False
1981-11-28,182.0,False,False
1981-11-29,180.6,False,False
1981-11-30,215.2,False,False
1981-12-01,231.7,False,False
1981-12-02,276.0,False,False
1981-12-03,276.5,False,False
1981-12-04,230.0,False,False
1981-12-05,229.9,False,False
1981-12-06,228.6,False,False
1981-12-07,201.3,False,False
1981-12-08,199.2,False,False
1981-12-09,206.8,False,False
1981-12-10,188.8,False,False
1981-12-11,195.7,False,False
1981-12-12,189.2,False,False
1981-12-13,186.9,False,False
1981-12-14,162.5,False,False
1981-12-15,153.2,False,False
1981-12-16,153.9,False,False
1981-12-17,159.1,False,False
1981-12-18,152.5,False,False
1981-12-19,156.6,False,False
1981-12-20,149.0,False,False
1981-12-21,150.9,False,False
1981-12-22,146.8,False,False
1981-12-23,152.5,False,False
1981-12-24,147.4,False,False
1981-12-25,160.0,False,False
1981-12-26,148.8,False,False
1981-12-27,142.7,False,False
1981-12-28,141.6,False,False
1981-12-29,138.0,False,False
1981-12-30,130.3,False,False
1981-12-31,128.3,False,False
1982-01-01,128.3,False,False
1982-01-02,143.6,False,False
1982-01-03,138.1,False,False
1982-01-04,125.9,False,False
1982-01-05,123.5,False,False
1982-01-06,112.4,False,False
1982-01-07,106.1,False,False
1982-01-08,96.5,False,False
1982-01-09,94.3,False,False
1982-01-10,84.1,False,False
1982-01-11,80.8,False,False
1982-01-12,80.3,False,False
1982-01-13,79.4,False,False
1982-01-14,76.5,False,False
1982-01-15,74.4,False,False
1982-01-16,74.2,False,False
1982-01-17,74.0,False,False
1982-01-18,73.2,False,False
1982-01-19,71.4,False,False
1982-01-20,71.1,False,False
1982-01-21,86.5,False,False
1982-01-22,94.5,False,False
1982-01-23,84.2,False,False
1982-01-24,78.4,False,False
1982-01-25,66.0,False,False
1982-01-26,63.5,False,False
1982-01-27,75.9,False,False
1982-01-28,70.6,False,False
1982-01-29,69.5,False,False
1982-01-30,63.4,False,False
1982-01-31,65.2,False,False
1982-02-01,57.7,False,False
1982-02-02,81.0,False,False
1982-02-03,70.2,False,False
1982-02-04,66.6,False,False
1982-02-05,69.3,False,False
1982-02-06,76.1,False,False
1982-02-07,71.5,False,False
1982-02-08,70.2,False,False
1982-02-09,73.6,False,False
1982-02-10,77.5,False,False
1982-02-11,74.9,False,False
1982-02-12,76.9,False,False
1982-02-13,73.6,False,False
1982-02-14,71.5,False,False
1982-02-15,66.2,False,False
1982-02-16,63.8,False,False
1982-02-17,64.2,False,False
1982-02-18,63.3,False,False
1982-02-19,64.1,False,False
1982-02-20,64.4,False,False
1982-02-21,65.1,False,False
1982-02-22,62.2,False,False
1982-02-23,65.7,False,False
1982-02-24,68.8,False,False
1982-02-25,71.4,False,False
1982-02-26,69.0,False,False
1982-02-27,74.8,False,False
1982-02-28,67.4,False,False
1982-03-01,65.0,False,False
1982-03-02,61.8,False,False
1982-03-03,63.3,False,False
1982-03-04,59.9,False,False
1982-03-05,58.3,False,False
1982-03-06,58.7,False,False
1982-03-07,55.3,False,False
1982-03-08,56.2,False,False
1982-03-09,55.4,False,False
1982-03-10,53.5,False,False
1982-03-11,47.1,False,False
1982-03-12,46.4,False,False
1982-03-13,53.9,False,False
1982-03-14,52.1,False,False
1982-03-15,48.7,False,False
1982-03-16,55.3,False,False
1982-03-17,44.9,False,False
1982-03-18,44.4,False,False
1982-03-19,44.8,False,False
1982-03-20,50.0,False,False
1982-03-21,63.1,False,False
1982-03-22,54.0,False,False
1982-03-23,66.4,False,False
1982-03-24,60.9,False,False
1982-03-25,59.0,False,False
1982-03-26,64.5,False,False
1982-03-27,57.9,False,False
1982-03-28,61.5,False,False
1982-03-29,51.4,False,False
1982-03-30,61.4,False,False
1982-03-31,59.7,False,False
1982-04-01,50.4,False,False
1982-04-02,49.9,False,False
1982-04-03,52.6,False,False
1982-04-04,51.5,False,False
1982-04-05,50.6,False,False
1982-04-06,55.5,False,False
1982-04-07,51.3,False,False
1982-04-08,51.3,False,False
1982-04-09,51.0,False,False
1982-04-10,47.5,False,False
1982-04-11,45.1,False,False
1982-04-12,51.9,False,False
1982-04-13,50.2,False,False
1982-04-14,45.0,False,False
1982-04-15,44.8,False,False
1982-04-16,52.0,False,False
1982-04-17,57.5,False,False
1982-04-18,51.7,False,False
1982-04-19,49.2,False,False
1982-04-20,53.5,False,False
1982-04-21,57.0,False,False
1982-04-22,74.0,False,False
1982-04-23,110.2,False,False
1982-04-24,76.5,False,False
1982-04-25,78.5,False,False
1982-04-26,74.9,False,False
1982-04-27,86.3,False,False
1982-04-28,69.0,False,False
1982-04-29,61.8,False,False
1982-04-30,57.6,False,False
1982-05-01,51.5,False,False
1982-05-02,78.5,False,False
1982-05-03,121.0,False,False
1982-05-04,119.7,False,False
1982-05-05,95.0,False,False
1982-05-06,106.4,False,False
1982-05-07,114.0,False,False
1982-05-08,111.8,False,False
1982-05-09,96.0,False,False
1982-05-10,79.5,False,False
1982-05-11,82.0,False,False
1982-05-12,80.5,False,False
1982-05-13,92.7,False,False
1982-05-14,116.9,False,False
1982-05-15,144.8,False,False
1982-05-16,111.5,False,False
1982-05-17,75.0,False,False
1982-05-18,90.5,False,False
1982-05-19,75.6,False,False
1982-05-20,66.3,False,False
1982-05-21,62.4,False,False
1982-05-22,61.0,False,False
1982-05-23,63.8,False,False
1982-05-24,54.1,False,False
1982-05-25,64.4,False,False
1982-05-26,61.0,False,False
1982-05-27,70.7,False,False
1982-05-28,82.9,False,False
1982-05-29,75.0,False,False
1982-05-30,104.0,False,False
1982-05-31,104.0,False,False
1982-06-01,111.6,False,False
1982-06-02,102.2,False,False
1982-06-03,100.1,False,False
1982-06-04,84.0,False,False
1982-06-05,85.8,False,False
1982-06-06,87.0,False,False
1982-06-07,60.5,False,False
1982-06-08,67.7,False,False
1982-06-09,66.3,False,False
1982-06-10,99.5,False,False
1982-06-11,125.3,False,False
1982-06-12,123.7,False,False
1982-06-13,130.0,False,False
1982-06-14,83.2,False,False
1982-06-15,77.5,False,False
1982-06-16,63.4,False,False
1982-06-17,58.1,False,False
1982-06-18,50.8,False,False
1982-06-19,43.2,False,False
1982-06-20,53.0,False,False
1982-06-21,41.9,False,False
1982-06-22,313.1,False,False
1982-06-23,341.3,False,False
1982-06-24,368.0,False,False
1982-06-25,352.7,False,False
1982-06-26,375.0,False,False
1982-06-27,376.5,False,False
1982-06-28,339.9,False,False
1982-06-29,274.0,False,False
1982-06-30,173.0,False,False
1982-07-01,114.1,False,False
1982-07-02,110.2,False,False
1982-07-03,104.8,False,False
1982-07-04,76.2,False,False
1982-07-05,73.4,False,False
1982-07-06,66.8,False,False
1982-07-07,69.8,False,False
1982-07-08,64.2,False,False
1982-07-09,80.6,False,False
1982-07-10,77.7,False,False
1982-07-11,68.5,False,False
1982-07-12,52.1,False,False
1982-07-13,66.3,False,False
1982-07-14,67.2,False,False
1982-07-15,70.4,False,False
1982-07-16,77.1,False,False
1982-07-17,76.5,False,False
1982-07-18,77.5,False,False
1982-07-19,290.6,False,False
1982-07-20,351.4,False,False
1982-07-21,290.0,False,False
1982-07-22,426.7,False,False
1982-07-23,745.0,False,False
1982-07-24,566.4,False,False
1982-07-25,424.3,False,False
1982-07-26,337.4,False,False
1982-07-27,296.6,False,False
1982-07-28,383.9,False,False
1982-07-29,351.8,False,False
1982-07-30,210.5,False,False
1982-07-31,210.0,False,False
1982-08-01,190.2,False,False
1982-08-02,204.0,False,False
1982-08-03,265.9,False,False
1982-08-04,348.1,False,False
1982-08-05,511.5,False,False
1982-08-06,1455.0,False,False
1982-08-07,705.0,False,False
1982-08-08,388.9,False,False
1982-08-09,237.9,False,False
1982-08-10,166.5,False,False
1982-08-11,285.4,False,False
1982-08-12,349.0,False,False
1982-08-13,496.7,False,False
1982-08-14,673.7,False,False
1982-08-15,1325.0,False,False
1982-08-16,1053.9,False,False
1982-08-17,1557.8,False,False
1982-08-18,1261.8,False,False
1982-08-19,1049.0,False,False
1982-08-20,1035.0,False,False
1982-08-21,895.0,False,False
1982-08-22,399.5,False,False
1982-08-23,646.8,False,False
1982-08-24,889.0,False,False
1982-08-25,690.0,False,False
1982-08-26,594.1,False,False
1982-08-27,888.4,False,False
1982-08-28,564.3,False,False
1982-08-29,496.5,False,False
1982-08-30,498.6,False,False
1982-08-31,443.9,False,False
1982-09-01,318.5,False,False
1982-09-02,246.5,False,False
1982-09-03,195.0,False,False
1982-09-04,185.9,False,False
1982-09-05,178.9,False,False
1982-09-06,166.3,False,False
1982-09-07,168.4,False,False
1982-09-08,175.2,False,False
1982-09-09,187.8,False,False
1982-09-10,177.9,False,False
1982-09-11,172.0,False,False
1982-09-12,174.7,False,False
1982-09-13,184.3,False,False
1982-09-14,173.3,False,False
1982-09-15,384.3,False,False
1982-09-16,482.7,False,False
1982-09-17,529.1,False,False
1982-09-18,749.1,False,False
1982-09-19,635.9,False,False
1982-09-20,589.5,False,False
1982-09-21,423.4,False,False
1982-09-22,354.2,False,False
1982-09-23,312.9,False,False
1982-09-24,309.8,False,False
1982-09-25,273.2,False,False
1982-09-26,236.0,False,False
1982-09-27,243.9,False,False
1982-09-28,193.0,False,False
1982-09-29,207.4,False,False
1982-09-30,160.0,False,False
1982-10-01,161.9,False,False
1982-10-02,287.0,False,False
1982-10-03,363.9,False,False
1982-10-04,366.5,False,False
1982-10-05,416.7,False,False
1982-10-06,462.0,False,False
1982-10-07,455.0,False,False
1982-10-08,340.1,False,False
1982-10-09,224.8,False,False
1982-10-10,185.0,False,False
1982-10-11,187.0,False,False
1982-10-12,177.4,False,False
1982-10-13,135.0,False,False
1982-10-14,134.5,False,False
1982-10-15,128.0,False,False
1982-10-16,124.2,False,False
1982-10-17,124.4,False,False
1982-10-18,132.0,False,False
1982-10-19,169.8,False,False
1982-10-20,184.0,False,False
1982-10-21,251.8,False,False
1982-10-22,230.1,False,False
1982-10-23,227.8,False,False
1982-10-24,218.3,False,False
1982-10-25,337.0,False,False
1982-10-26,315.0,False,False
1982-10-27,286.4,False,False
1982-10-28,260.9,False,False
1982-10-29,312.2,False,False
1982-10-30,270.1,False,False
1982-10-31,212.0,False,False
1982-11-01,201.6,False,False
1982-11-02,148.8,False,False
1982-11-03,160.6,False,False
1982-11-04,214.3,False,False
1982-11-05,260.5,False,False
1982-11-06,354.9,False,False
1982-11-07,271.5,False,False
1982-11-08,249.1,False,False
1982-11-09,275.3,False,False
1982-11-10,263.1,False,False
1982-11-11,318.0,False,False
1982-11-12,273.6,False,False
1982-11-13,229.3,False,False
1982-11-14,220.8,False,False
1982-11-15,216.0,False,False
1982-11-16,189.5,False,False
1982-11-17,185.7,False,False
1982-11-18,177.0,False,False
1982-11-19,171.4,False,False
1982-11-20,161.3,False,False
1982-11-21,154.0,False,False
1982-11-22,144.0,False,False
1982-11-23,140.5,False,False
1982-11-24,142.7,False,False
1982-11-25,142.1,False,False
1982-11-26,147.9,False,False
1982-11-27,144.3,False,False
1982-11-28,145.0,False,False
1982-11-29,143.9,False,False
1982-11-30,139.2,False,False
1982-12-01,152.0,False,False
1982-12-02,152.0,False,False
1982-12-03,150.5,False,False
1982-12-04,160.0,False,False
1982-12-05,177.0,False,False
1982-12-06,187.3,False,False
1982-12-07,160.5,False,False
1982-12-08,156.4,False,False
1982-12-09,157.5,False,False
1982-12-10,148.5,False,False
1982-12-11,152.0,False,False
1982-12-12,137.3,False,False
1982-12-13,148.9,False,False
1982-12-14,158.3,False,False
1982-12-15,159.2,False,False
1982-12-16,150.6,False,False
1982-12-17,149.3,False,False
1982-12-18,148.2,False,False
1982-12-19,157.5,False,False
1982-12-20,112.5,False,False
1982-12-21,103.9,False,False
1982-12-22,106.7,False,False
1982-12-23,108.5,False,False
1982-12-24,104.9,False,False
1982-12-25,108.0,False,False
1982-12-26,100.0,False,False
1982-12-27,96.7,False,False
1982-12-28,100.9,False,False
1982-12-29,102.1,False,False
1982-12-30,96.0,False,False
1982-12-31,94.0,False,False
1983-01-01,90.6,False,False
1983-01-02,93.3,False,False
1983-01-03,87.9,False,False
1983-01-04,103.7,False,False
1983-01-05,103.7,False,False
1983-01-06,104.2,False,False
1983-01-07,101.6,False,False
1983-01-08,100.0,False,False
1983-01-09,97.6,False,False
1983-01-10,99.1,False,False
1983-01-11,101.0,False,False
1983-01-12,97.1,False,False
1983-01-13,82.2,False,False
1983-01-14,81.0,False,False
1983-01-15,78.9,False,False
1983-01-16,83.5,False,False
1983-01-17,80.2,False,False
1983-01-18,88.2,False,False
1983-01-19,79.0,False,False
1983-01-20,79.8,False,False
1983-01-21,81.0,False,False
1983-01-22,78.9,False,False
1983-01-23,76.2,False,False
1983-01-24,75.6,False,False
1983-01-25,79.2,False,False
1983-01-26,78.0,False,False
1983-01-27,77.6,False,False
1983-01-28,84.2,False,False
1983-01-29,83.1,False,False
1983-01-30,77.0,False,False
1983-01-31,71.4,False,False
1983-02-01,71.4,False,False
1983-02-02,69.7,False,False
1983-02-03,68.8,False,False
1983-02-04,68.5,False,False
1983-02-05,69.8,False,False
1983-02-06,67.0,False,False
1983-02-07,66.1,False,False
1983-02-08,70.7,False,False
1983-02-09,68.9,False,False
1983-02-10,70.4,False,False
1983-02-11,71.1,False,False
1983-02-12,74.4,False,False
1983-02-13,65.5,False,False
1983-02-14,67.1,False,False
1983-02-15,67.5,False,False
1983-02-16,67.8,False,False
1983-02-17,70.1,False,False
1983-02-18,68.2,False,False
1983-02-19,64.7,False,False
1983-02-20,56.0,False,False
1983-02-21,64.4,False,False
1983-02-22,64.0,False,False
1983-02-23,58.1,False,False
1983-02-24,62.7,False,False
1983-02-25,60.3,False,False
1983-02-26,257.2,False,False
1983-02-27,359.4,False,False
1983-02-28,315.6,False,False
1983-03-01,129.9,False,False
1983-03-02,82.4,False,False
1983-03-03,72.9,False,False
1983-03-04,72.6,False,False
1983-03-05,63.9,False,False
1983-03-06,54.0,False,False
1983-03-07,55.4,False,False
1983-03-08,55.5,False,False
1983-03-09,52.4,False,False
1983-03-10,52.7,False,False
1983-03-11,53.4,False,False
1983-03-12,54.9,False,False
1983-03-13,53.5,False,False
1983-03-14,50.1,False,False
1983-03-15,50.4,False,False
1983-03-16,51.1,False,False
1983-03-17,51.4,False,False
1983-03-18,51.9,False,False
1983-03-19,59.7,False,False
1983-03-20,65.5,False,False
1983-03-21,51.0,False,False
1983-03-22,50.7,False,False
1983-03-23,50.7,False,False
1983-03-24,49.1,False,False
1983-03-25,49.2,False,False
1983-03-26,48.5,False,False
1983-03-27,48.0,False,False
1983-03-28,46.1,False,False
1983-03-29,71.2,False,False
1983-03-30,77.7,False,False
1983-03-31,79.2,False,False
1983-04-01,62.5,False,False
1983-04-02,51.3,False,False
1983-04-03,56.0,False,False
1983-04-04,59.4,False,False
1983-04-05,62.3,False,False
1983-04-06,67.3,False,False
1983-04-07,63.3,False,False
1983-04-08,72.7,False,False
1983-04-09,76.7,False,False
1983-04-10,67.0,False,False
1983-04-11,64.8,False,False
1983-04-12,67.4,False,False
1983-04-13,61.7,False,False
1983-04-14,57.5,False,False
1983-04-15,54.2,False,False
1983-04-16,66.8,False,False
1983-04-17,55.5,False,False
1983-04-18,55.0,False,False
1983-04-19,58.8,False,False
1983-04-20,54.3,False,False
1983-04-21,54.4,False,False
1983-04-22,55.4,False,False
1983-04-23,55.4,False,False
1983-04-24,54.5,False,False
1983-04-25,58.5,False,False
1983-04-26,56.9,False,False
1983-04-27,53.5,False,False
1983-04-28,55.5,False,False
1983-04-29,57.4,False,False
1983-04-30,55.9,False,False
1983-05-01,58.0,False,False
1983-05-02,57.2,False,False
1983-05-03,55.4,False,False
1983-05-04,50.7,False,False
1983-05-05,51.9,False,False
1983-05-06,57.5,False,False
1983-05-07,59.5,False,False
1983-05-08,57.5,False,False
1983-05-09,57.0,False,False
1983-05-10,277.0,False,False
1983-05-11,175.7,False,False
1983-05-12,140.8,False,False
1983-05-13,79.0,False,False
1983-05-14,115.3,False,False
1983-05-15,62.5,False,False
1983-05-16,69.0,False,False
1983-05-17,141.4,False,False
1983-05-18,105.5,False,False
1983-05-19,106.0,False,False
1983-05-20,145.8,False,False
1983-05-21,92.6,False,False
1983-05-22,88.0,False,False
1983-05-23,77.2,False,False
1983-05-24,65.5,False,False
1983-05-25,365.5,False,False
1983-05-26,105.5,False,False
1983-05-27,101.0,False,False
1983-05-28,114.0,False,False
1983-05-29,83.5,False,False
1983-05-30,74.5,False,False
1983-05-31,76.0,False,False
1983-06-01,48.8,False,False
1983-06-02,50.5,False,False
1983-06-03,48.6,False,False
1983-06-04,35.3,False,False
1983-06-05,35.0,False,False
1983-06-06,85.7,False,False
1983-06-07,326.2,False,False
1983-06-08,133.8,False,False
1983-06-09,116.1,False,False
1983-06-10,282.2,False,False
1983-06-11,130.6,False,False
1983-06-12,253.0,False,False
1983-06-13,208.0,False,False
1983-06-14,187.8,False,False
1983-06-15,234.2,False,False
1983-06-16,289.7,False,False
1983-06-17,256.4,False,False
1983-06-18,128.4,False,False
1983-06-19,106.6,False,False
1983-06-20,54.9,False,False
1983-06-21,71.2,False,False
1983-06-22,52.5,False,False
1983-06-23,61.1,False,False
1983-06-24,56.8,False,False
1983-06-25,54.2,False,False
1983-06-26,52.0,False,False
1983-06-27,36.0,False,False
1983-06-28,43.2,False,False
1983-06-29,42.2,False,False
1983-06-30,41.5,False,False
1983-07-01,37.7,False,False
1983-07-02,37.7,False,False
1983-07-03,38.6,False,False
1983-07-04,38.3,False,False
1983-07-05,41.2,False,False
1983-07-06,41.6,False,False
1983-07-07,89.7,False,False
1983-07-08,59.0,False,False
1983-07-09,47.8,False,False
1983-07-10,42.7,False,False
1983-07-11,49.1,False,False
1983-07-12,52.8,False,False
1983-07-13,56.4,False,False
1983-07-14,57.7,False,False
1983-07-15,70.4,False,False
1983-07-16,73.2,False,False
1983-07-17,62.9,False,False
1983-07-18,61.2,False,False
1983-07-19,118.8,False,False
1983-07-20,241.6,False,False
1983-07-21,186.0,False,False
1983-07-22,294.0,False,False
1983-07-23,783.9,False,False
1983-07-24,1422.9,False,False
1983-07-25,1539.5,False,False
1983-07-26,889.3,False,False
1983-07-27,460.3,False,False
1983-07-28,344.4,False,False
1983-07-29,231.8,False,False
1983-07-30,191.5,False,False
1983-07-31,128.5,False,False
1983-08-01,108.5,False,False
1983-08-02,90.0,False,False
1983-08-03,98.6,False,False
1983-08-04,96.0,False,False
1983-08-05,109.6,False,False
1983-08-06,118.8,False,False
1983-08-07,149.4,False,False
1983-08-08,139.7,False,False
1983-08-09,152.7,False,False
1983-08-10,172.6,False,False
1983-08-11,358.2,False,False
1983-08-12,513.8,False,False
1983-08-13,487.4,False,False
1983-08-14,719.0,False,False
1983-08-15,760.0,False,False
1983-08-16,733.1,False,False
1983-08-17,504.6,False,False
1983-08-18,492.7,False,False
1983-08-19,1839.3,False,False
1983-08-20,1953.1,False,False
1983-08-21,916.8,False,False
1983-08-22,834.8,False,False
1983-08-23,2531.6,False,False
1983-08-24,2029.8,False,False
1983-08-25,1129.1,False,False
1983-08-26,511.2,False,False
1983-08-27,280.0,False,False
1983-08-28,334.2,False,False
1983-08-29,393.7,False,False
1983-08-30,335.8,False,False
1983-08-31,235.0,False,False
1983-09-01,243.4,False,False
1983-09-02,208.3,False,False
1983-09-03,199.8,False,False
1983-09-04,200.0,False,False
1983-09-05,207.6,False,False
1983-09-06,257.5,False,False
1983-09-07,330.5,False,False
1983-09-08,404.9,False,False
1983-09-09,366.7,False,False
1983-09-10,668.4,False,False
1983-09-11,955.0,False,False
1983-09-12,1777.1,False,False
1983-09-13,1862.1,False,False
1983-09-14,828.1,False,False
1983-09-15,481.9,False,False
1983-09-16,360.1,False,False
1983-09-17,321.0,False,False
1983-09-18,853.0,False,False
1983-09-19,904.0,False,False
1983-09-20,516.6,False,False
1983-09-21,426.4,False,False
1983-09-22,862.2,False,False
1983-09-23,513.4,False,False
1983-09-24,343.3,False,False
1983-09-25,318.3,False,False
1983-09-26,428.6,False,False
1983-09-27,427.1,False,False
1983-09-28,315.9,False,False
1983-09-29,361.0,False,False
1983-09-30,370.9,False,False
1983-10-01,367.6,False,False
1983-10-02,340.0,False,False
1983-10-03,714.1,False,False
1983-10-04,400.4,False,False
1983-10-05,331.2,False,False
1983-10-06,329.8,False,False
1983-10-07,473.5,False,False
1983-10-08,519.1,False,False
1983-10-09,430.0,False,False
1983-10-10,294.6,False,False
1983-10-11,251.2,False,False
1983-10-12,219.2,False,False
1983-10-13,196.4,False,False
1983-10-14,184.3,False,False
1983-10-15,170.0,False,False
1983-10-16,170.0,False,False
1983-10-17,315.0,False,False
1983-10-18,414.1,False,False
1983-10-19,369.3,False,False
1983-10-20,281.1,False,False
1983-10-21,219.9,False,False
1983-10-22,215.2,False,False
1983-10-23,186.2,False,False
1983-10-24,185.5,False,False
1983-10-25,184.6,False,False
1983-10-26,193.0,False,False
1983-10-27,203.4,False,False
1983-10-28,259.4,False,False
1983-10-29,227.0,False,False
1983-10-30,280.0,False,False
1983-10-31,292.1,False,False
1983-11-01,352.6,False,False
1983-11-02,361.5,False,False
1983-11-03,352.3,False,False
1983-11-04,390.0,False,False
1983-11-05,410.2,False,False
1983-11-06,360.0,False,False
1983-11-07,291.5,False,False
1983-11-08,255.5,False,False
1983-11-09,326.5,False,False
1983-11-10,250.3,False,False
1983-11-11,197.5,False,False
1983-11-12,193.3,False,False
1983-11-13,190.0,False,False
1983-11-14,187.5,False,False
1983-11-15,187.0,False,False
1983-11-16,187.0,False,False
1983-11-17,186.9,False,False
1983-11-18,186.7,False,False
1983-11-19,185.8,False,False
1983-11-20,182.2,False,False
1983-11-21,176.8,False,False
1983-11-22,177.5,False,False
1983-11-23,177.8,False,False
1983-11-24,174.5,False,False
1983-11-25,174.6,False,False
1983-11-26,176.0,False,False
1983-11-27,163.9,False,False
1983-11-28,164.0,False,False
1983-11-29,161.0,False,False
1983-11-30,163.6,False,False
1983-12-01,159.8,False,False
1983-12-02,153.8,False,False
1983-12-03,150.8,False,False
1983-12-04,154.3,False,False
1983-12-05,159.9,False,False
1983-12-06,160.9,False,False
1983-12-07,150.8,False,False
1983-12-08,141.5,False,False
1983-12-09,146.9,False,False
1983-12-10,141.5,False,False
1983-12-11,137.8,False,False
1983-12-12,138.1,False,False
1983-12-13,132.2,False,False
1983-12-14,129.4,False,False
1983-12-15,123.2,False,False
1983-12-16,119.2,False,False
1983-12-17,117.2,False,False
1983-12-18,115.0,False,False
1983-12-19,105.8,False,False
1983-12-20,104.0,False,False
1983-12-21,103.1,False,False
1983-12-22,100.6,False,False
1983-12-23,117.3,False,False
1983-12-24,266.1,False,False
1983-12-25,424.0,False,False
1983-12-26,370.6,False,False
1983-12-27,286.6,False,False
1983-12-28,273.8,False,False
1983-12-29,226.7,False,False
1983-12-30,189.9,False,False
1983-12-31,178.6,False,False
1984-01-01,190.3,False,False
1984-01-02,178.7,False,False
1984-01-03,158.8,False,False
1984-01-04,128.3,False,False
1984-01-05,117.2,False,False
1984-01-06,112.2,False,False
1984-01-07,107.6,False,False
1984-01-08,107.0,False,False
1984-01-09,102.9,False,False
1984-01-10,98.3,False,False
1984-01-11,97.0,False,False
1984-01-12,95.0,False,False
1984-01-13,90.0,False,False
1984-01-14,88.9,False,False
1984-01-15,88.0,False,False
1984-01-16,87.6,False,False
1984-01-17,94.2,False,False
1984-01-18,96.2,False,False
1984-01-19,93.6,False,False
1984-01-20,92.1,False,False
1984-01-21,90.8,False,False
1984-01-22,86.0,False,False
1984-01-23,87.7,False,False
1984-01-24,92.4,False,False
1984-01-25,91.4,False,False
1984-01-26,89.0,False,False
1984-01-27,87.7,False,False
1984-01-28,87.3,False,False
1984-01-29,84.0,False,False
1984-01-30,84.2,False,False
1984-01-31,209.1,False,False
1984-02-01,315.6,False,False
1984-02-02,306.6,False,False
1984-02-03,307.6,False,False
1984-02-04,312.3,False,False
1984-02-05,266.0,False,False
1984-02-06,152.7,False,False
1984-02-07,85.0,False,False
1984-02-08,80.0,False,False
1984-02-09,68.3,False,False
1984-02-10,66.0,False,False
1984-02-11,64.7,False,False
1984-02-12,60.0,False,False
1984-02-13,62.1,False,False
1984-02-14,61.3,False,False
1984-02-15,59.8,False,False
1984-02-16,58.8,False,False
1984-02-17,58.4,False,False
1984-02-18,56.6,False,False
1984-02-19,56.0,False,False
1984-02-20,87.0,False,False
1984-02-21,75.2,False,False
1984-02-22,73.5,False,False
1984-02-23,66.3,False,False
1984-02-24,64.6,False,False
1984-02-25,56.8,False,False
1984-02-26,55.7,False,False
1984-02-27,53.0,False,False
1984-02-28,50.2,False,False
1984-02-29,49.3,False,False
1984-03-01,56.5,False,False
1984-03-02,55.0,False,False
1984-03-03,53.5,False,False
1984-03-04,50.0,False,False
1984-03-05,53.9,False,False
1984-03-06,54.0,False,False
1984-03-07,601.1,False,False
1984-03-08,424.3,False,False
1984-03-09,266.0,False,False
1984-03-10,173.6,False,False
1984-03-11,119.2,False,False
1984-03-12,102.5,False,False
1984-03-13,91.5,False,False
1984-03-14,91.3,False,False
1984-03-15,99.6,False,False
1984-03-16,78.3,False,False
1984-03-17,81.3,False,False
1984-03-18,103.6,False,False
1984-03-19,94.0,False,False
1984-03-20,87.0,False,False
1984-03-21,78.0,False,False
1984-03-22,76.2,False,False
1984-03-23,74.4,False,False
1984-03-24,71.4,False,False
1984-03-25,67.7,False,False
1984-03-26,67.6,False,False
1984-03-27,69.3,False,False
1984-03-28,67.4,False,False
1984-03-29,58.8,False,False
1984-03-30,57.7,False,False
1984-03-31,59.1,False,False
1984-04-01,58.9,False,False
1984-04-02,50.0,False,False
1984-04-03,59.4,False,False
1984-04-04,50.8,False,False
1984-04-05,41.7,False,False
1984-04-06,45.4,False,False
1984-04-07,49.5,False,False
1984-04-08,64.5,False,False
1984-04-09,70.7,False,False
1984-04-10,75.7,False,False
1984-04-11,80.2,False,False
1984-04-12,74.5,False,False
1984-04-13,70.0,False,False
1984-04-14,67.6,False,False
1984-04-15,60.0,False,False
1984-04-16,62.0,False,False
1984-04-17,59.2,False,False
1984-04-18,69.9,False,False
1984-04-19,70.8,False,False
1984-04-20,59.0,False,False
1984-04-21,53.3,False,False
1984-04-22,68.0,False,False
1984-04-23,79.0,False,False
1984-04-24,92.8,False,False
1984-04-25,90.9,False,False
1984-04-26,197.8,False,False
1984-04-27,182.4,False,False
1984-04-28,111.8,False,False
1984-04-29,101.8,False,False
1984-04-30,92.9,False,False
1984-05-01,93.2,False,False
1984-05-02,93.0,False,False
1984-05-03,81.7,False,False
1984-05-04,76.4,False,False
1984-05-05,78.3,False,False
1984-05-06,88.0,False,False
1984-05-07,77.7,False,False
1984-05-08,72.7,False,False
1984-05-09,64.7,False,False
1984-05-10,53.2,False,False
1984-05-11,53.2,False,False
1984-05-12,61.0,False,False
1984-05-13,59.0,False,False
1984-05-14,68.7,False,False
1984-05-15,168.0,False,False
1984-05-16,226.2,False,False
1984-05-17,148.0,False,False
1984-05-18,108.2,False,False
1984-05-19,103.2,False,False
1984-05-20,104.0,False,False
1984-05-21,75.9,False,False
1984-05-22,101.8,False,False
1984-05-23,181.9,False,False
1984-05-24,206.8,False,False
1984-05-25,132.0,False,False
1984-05-26,100.1,False,False
1984-05-27,86.0,False,False
1984-05-28,69.9,False,False
1984-05-29,71.1,False,False
1984-05-30,66.1,False,False
1984-05-31,62.7,False,False
1984-06-01,61.8,False,False
1984-06-02,51.9,False,False
1984-06-03,65.0,False,False
1984-06-04,73.5,False,False
1984-06-05,82.0,False,False
1984-06-06,78.0,False,False
1984-06-07,74.4,False,False
1984-06-08,76.0,False,False
1984-06-09,74.5,False,False
1984-06-10,72.0,False,False
1984-06-11,70.2,False,False
1984-06-12,73.6,False,False
1984-06-13,103.8,False,False
1984-06-14,113.5,False,False
1984-06-15,122.7,False,False
1984-06-16,257.1,False,False
1984-06-17,461.2,False,False
1984-06-18,764.9,False,False
1984-06-19,1153.2,False,False
1984-06-20,1226.7,False,False
1984-06-21,959.2,False,False
1984-06-22,573.3,False,False
1984-06-23,437.4,False,False
1984-06-24,297.4,False,False
1984-06-25,255.3,False,False
1984-06-26,327.0,False,False
1984-06-27,290.9,False,False
1984-06-28,253.6,False,False
1984-06-29,246.1,False,False
1984-06-30,242.1,False,False
1984-07-01,305.2,False,False
1984-07-02,510.7,False,False
1984-07-03,782.4,False,False
1984-07-04,1011.7,False,False
1984-07-05,3981.4,False,False
1984-07-06,2450.6,False,False
1984-07-07,839.1,False,False
1984-07-08,490.0,False,False
1984-07-09,457.5,False,False
1984-07-10,338.2,False,False
1984-07-11,312.3,False,False
1984-07-12,310.7,False,False
1984-07-13,249.5,False,False
1984-07-14,218.6,False,False
1984-07-15,186.0,False,False
1984-07-16,183.2,False,False
1984-07-17,622.3,False,False
1984-07-18,2538.3,False,False
1984-07-19,2230.7,False,False
1984-07-20,2669.3,False,False
1984-07-21,2411.0,False,False
1984-07-22,2278.3,False,False
1984-07-23,1126.6,False,False
1984-07-24,860.8,False,False
1984-07-25,761.1,False,False
1984-07-26,461.7,False,False
1984-07-27,457.1,False,False
1984-07-28,325.7,False,False
1984-07-29,275.6,False,False
1984-07-30,227.2,False,False
1984-07-31,229.6,False,False
1984-08-01,295.8,False,False
1984-08-02,323.4,False,False
1984-08-03,566.6,False,False
1984-08-04,1345.0,False,False
1984-08-05,1051.7,False,False
1984-08-06,781.2,False,False
1984-08-07,526.0,False,False
1984-08-08,503.7,False,False
1984-08-09,385.8,False,False
1984-08-10,772.1,False,False
1984-08-11,856.7,False,False
1984-08-12,600.0,False,False
1984-08-13,568.0,False,False
1984-08-14,438.4,False,False
1984-08-15,350.0,False,False
1984-08-16,258.3,False,False
1984-08-17,685.5,False,False
1984-08-18,884.6,False,False
1984-08-19,670.0,False,False
1984-08-20,785.4,False,False
1984-08-21,517.3,False,False
1984-08-22,383.4,False,False
1984-08-23,399.8,False,False
1984-08-24,889.5,False,False
1984-08-25,466.9,False,False
1984-08-26,277.1,False,False
1984-08-27,225.8,False,False
1984-08-28,203.0,False,False
1984-08-29,199.6,False,False
1984-08-30,241.4,False,False
1984-08-31,244.3,False,False
1984-09-01,192.6,False,False
1984-09-02,189.1,False,False
1984-09-03,191.7,False,False
1984-09-04,193.0,False,False
1984-09-05,191.5,False,False
1984-09-06,237.3,False,False
1984-09-07,272.5,False,False
1984-09-08,242.1,False,False
1984-09-09,221.3,False,False
1984-09-10,193.3,False,False
1984-09-11,245.8,False,False
1984-09-12,233.1,False,False
1984-09-13,188.7,False,False
1984-09-14,180.7,False,False
1984-09-15,182.7,False,False
1984-09-16,180.9,False,False
1984-09-17,183.4,False,False
1984-09-18,221.4,False,False
1984-09-19,229.2,False,False
1984-09-20,227.2,False,False
1984-09-21,221.8,False,False
1984-09-22,222.6,False,False
1984-09-23,253.0,False,False
1984-09-24,479.9,False,False
1984-09-25,534.0,False,False
1984-09-26,576.6,False,False
1984-09-27,1053.9,False,False
1984-09-28,822.6,False,False
1984-09-29,857.7,False,False
1984-09-30,650.2,False,False
1984-10-01,436.3,False,False
1984-10-02,1040.0,False,False
1984-10-03,3182.7,False,False
1984-10-04,2391.2,False,False
1984-10-05,1938.2,False,False
1984-10-06,770.9,False,False
1984-10-07,675.2,False,False
1984-10-08,490.8,False,False
1984-10-09,404.7,False,False
1984-10-10,514.4,False,False
1984-10-11,934.3,False,False
1984-10-12,752.5,False,False
1984-10-13,494.4,False,False
1984-10-14,336.3,False,False
1984-10-15,278.0,False,False
1984-10-16,328.2,False,False
1984-10-17,224.2,False,False
1984-10-18,219.2,False,False
1984-10-19,237.3,False,False
1984-10-20,214.0,False,False
1984-10-21,217.7,False,False
1984-10-22,221.4,False,False
1984-10-23,205.5,False,False
1984-10-24,240.0,False,False
1984-10-25,231.2,False,False
1984-10-26,250.7,False,False
1984-10-27,345.3,False,False
1984-10-28,352.0,False,False
1984-10-29,303.1,False,False
1984-10-30,316.2,False,False
1984-10-31,297.2,False,False
1984-11-01,230.0,False,False
1984-11-02,227.5,False,False
1984-11-03,200.0,False,False
1984-11-04,206.4,False,False
1984-11-05,207.3,False,False
1984-11-06,192.7,False,False
1984-11-07,193.3,False,False
1984-11-08,184.2,False,False
1984-11-09,183.6,False,False
1984-11-10,216.0,False,False
1984-11-11,305.0,False,False
1984-11-12,323.7,False,False
1984-11-13,309.7,False,False
1984-11-14,303.3,False,False
1984-11-15,268.2,False,False
1984-11-16,235.4,False,False
1984-11-17,230.5,False,False
1984-11-18,200.0,False,False
1984-11-19,217.0,False,False
1984-11-20,200.4,False,False
1984-11-21,194.6,False,False
1984-11-22,190.8,False,False
1984-11-23,191.6,False,False
1984-11-24,207.3,False,False
1984-11-25,195.0,False,False
1984-11-26,195.7,False,False
1984-11-27,192.3,False,False
1984-11-28,189.4,False,False
1984-11-29,186.5,False,False
1984-11-30,184.1,False,False
1984-12-01,180.4,False,False
1984-12-02,189.0,False,False
1984-12-03,223.5,False,False
1984-12-04,228.4,False,False
1984-12-05,207.1,False,False
1984-12-06,203.5,False,False
1984-12-07,192.7,False,False
1984-12-08,178.4,False,False
1984-12-09,170.0,False,False
1984-12-10,168.7,False,False
1984-12-11,171.8,False,False
1984-12-12,196.8,False,False
1984-12-13,188.5,False,False
1984-12-14,154.9,False,False
1984-12-15,145.2,False,False
1984-12-16,150.0,False,False
1984-12-17,144.1,False,False
1984-12-18,146.9,False,False
1984-12-19,133.7,False,False
1984-12-20,125.8,False,False
1984-12-21,120.9,False,False
1984-12-22,120.4,False,False
1984-12-23,114.7,False,False
1984-12-24,113.1,False,False
1984-12-25,114.0,False,False
1984-12-26,104.3,False,False
1984-12-27,102.4,False,False
1984-12-28,97.3,False,False
1984-12-29,96.8,False,False
1984-12-30,99.9,False,False
1984-12-31,102.7,False,False
1985-01-01,109.0,False,False
1985-01-02,106.5,False,False
1985-01-03,108.3,False,False
1985-01-04,108.0,False,False
1985-01-05,110.4,False,False
1985-01-06,100.6,False,False
1985-01-07,90.8,False,False
1985-01-08,96.3,False,False
1985-01-09,95.2,False,False
1985-01-10,93.5,False,False
1985-01-11,87.6,False,False
1985-01-12,85.4,False,False
1985-01-13,80.4,False,False
1985-01-14,69.5,False,False
1985-01-15,68.5,False,False
1985-01-16,73.8,False,False
1985-01-17,92.6,False,False
1985-01-18,87.4,False,False
1985-01-19,84.2,False,False
1985-01-20,82.4,False,False
1985-01-21,72.9,False,False
1985-01-22,73.1,False,False
1985-01-23,70.1,False,False
1985-01-24,69.2,False,False
1985-01-25,67.3,False,False
1985-01-26,64.0,False,False
1985-01-27,56.3,False,False
1985-01-28,55.3,False,False
1985-01-29,57.1,False,False
1985-01-30,54.2,False,False
1985-01-31,47.5,False,False
1985-02-01,47.0,False,False
1985-02-02,43.0,False,False
1985-02-03,42.2,False,False
1985-02-04,39.7,False,False
1985-02-05,42.2,False,False
1985-02-06,43.3,False,False
1985-02-07,41.3,False,False
1985-02-08,46.6,False,False
1985-02-09,46.8,False,False
1985-02-10,40.0,False,False
1985-02-11,44.3,False,False
1985-02-12,49.2,False,False
1985-02-13,41.2,False,False
1985-02-14,47.4,False,False
1985-02-15,57.5,False,False
1985-02-16,53.9,False,False
1985-02-17,52.7,False,False
1985-02-18,39.2,False,False
1985-02-19,43.8,False,False
1985-02-20,55.4,False,False
1985-02-21,54.5,False,False
1985-02-22,47.5,False,False
1985-02-23,47.8,False,False
1985-02-24,49.3,False,False
1985-02-25,53.5,False,False
1985-02-26,43.7,False,False
1985-02-27,50.5,False,False
1985-02-28,52.1,False,False
1985-03-01,57.1,False,False
1985-03-02,57.4,False,False
1985-03-03,57.2,False,False
1985-03-04,52.3,False,False
1985-03-05,55.0,False,False
1985-03-06,52.8,False,False
1985-03-07,55.8,False,False
1985-03-08,44.7,False,False
1985-03-09,42.1,False,False
1985-03-10,44.2,False,False
1985-03-11,46.4,False,False
1985-03-12,45.8,False,False
1985-03-13,40.6,False,False
1985-03-14,36.5,False,False
1985-03-15,32.3,False,False
1985-03-16,35.1,False,False
1985-03-17,43.2,False,False
1985-03-18,46.9,False,False
1985-03-19,50.0,False,False
1985-03-20,45.2,False,False
1985-03-21,56.8,False,False
1985-03-22,50.3,False,False
1985-03-23,49.1,False,False
1985-03-24,50.3,False,False
1985-03-25,45.9,False,False
1985-03-26,67.8,False,False
1985-03-27,68.8,False,False
1985-03-28,85.9,False,False
1985-03-29,57.0,False,False
1985-03-30,52.8,False,False
1985-03-31,44.6,False,False
1985-04-01,39.4,False,False
1985-04-02,55.9,False,False
1985-04-03,55.6,False,False
1985-04-04,80.0,False,False
1985-04-05,40.0,False,False
1985-04-06,39.5,False,False
1985-04-07,122.2,False,False
1985-04-08,82.5,False,False
1985-04-09,67.4,False,False
1985-04-10,59.7,False,False
1985-04-11,59.7,False,False
1985-04-12,60.3,False,False
1985-04-13,54.5,False,False
1985-04-14,51.4,False,False
1985-04-15,47.9,False,False
1985-04-16,38.9,False,False
1985-04-17,46.2,False,False
1985-04-18,40.3,False,False
1985-04-19,60.3,False,False
1985-04-20,75.1,False,False
1985-04-21,67.3,False,False
1985-04-22,54.3,False,False
1985-04-23,57.6,False,False
1985-04-24,45.6,False,False
1985-04-25,44.1,False,False
1985-04-26,61.1,False,False
1985-04-27,102.5,False,False
1985-04-28,98.8,False,False
1985-04-29,75.4,False,False
1985-04-30,74.0,False,False
1985-05-01,92.4,False,False
1985-05-02,100.0,False,False
1985-05-03,86.8,False,False
1985-05-04,68.2,False,False
1985-05-05,64.5,False,False
1985-05-06,39.5,False,False
1985-05-07,55.4,False,False
1985-05-08,54.9,False,False
1985-05-09,49.1,False,False
1985-05-10,47.7,False,False
1985-05-11,45.5,False,False
1985-05-12,39.0,False,False
1985-05-13,38.8,False,False
1985-05-14,55.7,False,False
1985-05-15,62.3,False,False
1985-05-16,102.1,False,False
1985-05-17,56.3,False,False
1985-05-18,68.1,False,False
1985-05-19,77.5,False,False
1985-05-20,68.1,False,False
1985-05-21,72.7,False,False
1985-05-22,77.1,False,False
1985-05-23,74.9,False,False
1985-05-24,67.4,False,False
1985-05-25,68.9,False,False
1985-05-26,60.0,False,False
1985-05-27,52.1,False,False
1985-05-28,64.9,False,False
1985-05-29,76.4,False,False
1985-05-30,117.6,False,False
1985-05-31,74.6,False,False
1985-06-01,66.2,False,False
1985-06-02,75.0,False,False
1985-06-03,62.0,False,False
1985-06-04,66.9,False,False
1985-06-05,65.2,False,False
1985-06-06,71.4,False,False
1985-06-07,70.3,False,False
1985-06-08,67.3,False,False
1985-06-09,68.0,False,False
1985-06-10,52.5,False,False
1985-06-11,53.6,False,False
1985-06-12,49.1,False,False
1985-06-13,45.9,False,False
1985-06-14,52.0,False,False
1985-06-15,45.2,False,False
1985-06-16,43.2,False,False
1985-06-17,45.0,False,False
1985-06-18,51.7,False,False
1985-06-19,50.8,False,False
1985-06-20,48.9,False,False
1985-06-21,55.9,False,False
1985-06-22,49.1,False,False
1985-06-23,45.5,False,False
1985-06-24,42.4,False,False
1985-06-25,44.6,False,False
1985-06-26,50.7,False,False
1985-06-27,49.3,False,False
1985-06-28,884.5,False,False
1985-06-29,1111.8,False,False
1985-06-30,1158.3,False,False
1985-07-01,970.3,False,False
1985-07-02,724.3,False,False
1985-07-03,470.6,False,False
1985-07-04,234.9,False,False
1985-07-05,118.3,False,False
1985-07-06,102.6,False,False
1985-07-07,403.8,False,False
1985-07-08,281.6,False,False
1985-07-09,253.2,False,False
1985-07-10,376.6,False,False
1985-07-11,322.4,False,False
1985-07-12,295.0,False,False
1985-07-13,230.1,False,False
1985-07-14,154.1,False,False
1985-07-15,151.3,False,False
1985-07-16,102.8,False,False
1985-07-17,66.9,False,False
1985-07-18,66.4,False,False
1985-07-19,64.8,False,False
1985-07-20,73.9,False,False
1985-07-21,89.7,False,False
1985-07-22,72.5,False,False
1985-07-23,122.6,False,False
1985-07-24,128.3,False,False
1985-07-25,122.0,False,False
1985-07-26,134.5,False,False
1985-07-27,128.8,False,False
1985-07-28,206.6,False,False
1985-07-29,223.1,False,False
1985-07-30,194.1,False,False
1985-07-31,146.2,False,False
1985-08-01,134.7,False,False
1985-08-02,130.9,False,False
1985-08-03,134.3,False,False
1985-08-04,596.9,False,False
1985-08-05,554.5,False,False
1985-08-06,358.2,False,False
1985-08-07,265.8,False,False
1985-08-08,213.6,False,False
1985-08-09,180.5,False,False
1985-08-10,170.9,False,False
1985-08-11,259.6,False,False
1985-08-12,319.3,False,False
1985-08-13,268.1,False,False
1985-08-14,331.5,False,False
1985-08-15,373.2,False,False
1985-08-16,454.5,False,False
1985-08-17,645.7,False,False
1985-08-18,653.5,False,False
1985-08-19,612.1,False,False
1985-08-20,449.2,False,False
1985-08-21,388.4,False,False
1985-08-22,383.5,False,False
1985-08-23,656.3,False,False
1985-08-24,696.4,False,False
1985-08-25,713.0,False,False
1985-08-26,642.4,False,False
1985-08-27,548.9,False,False
1985-08-28,291.9,False,False
1985-08-29,285.1,False,False
1985-08-30,272.4,False,False
1985-08-31,271.1,False,False
1985-09-01,271.5,False,False
1985-09-02,292.7,False,False
1985-09-03,271.5,False,False
1985-09-04,273.3,False,False
1985-09-05,262.8,False,False
1985-09-06,206.5,False,False
1985-09-07,179.3,False,False
1985-09-08,186.7,False,False
1985-09-09,172.2,False,False
1985-09-10,181.1,False,False
1985-09-11,168.1,False,False
1985-09-12,162.6,False,False
1985-09-13,166.9,False,False
1985-09-14,178.4,False,False
1985-09-15,168.5,False,False
1985-09-16,160.5,False,False
1985-09-17,161.1,False,False
1985-09-18,141.6,False,False
1985-09-19,149.3,False,False
1985-09-20,155.0,False,False
1985-09-21,159.4,False,False
1985-09-22,271.7,False,False
1985-09-23,293.9,False,False
1985-09-24,369.2,False,False
1985-09-25,1092.1,False,False
1985-09-26,840.7,False,False
1985-09-27,549.9,False,False
1985-09-28,402.2,False,False
1985-09-29,507.3,False,False
1985-09-30,521.6,False,False
1985-10-01,403.7,False,False
1985-10-02,655.0,False,False
1985-10-03,519.4,False,False
1985-10-04,420.5,False,False
1985-10-05,357.0,False,False
1985-10-06,289.9,False,False
1985-10-07,276.5,False,False
1985-10-08,263.6,False,False
1985-10-09,223.5,False,False
1985-10-10,180.7,False,False
1985-10-11,170.6,False,False
1985-10-12,196.6,False,False
1985-10-13,214.7,False,False
1985-10-14,186.6,False,False
1985-10-15,179.1,False,False
1985-10-16,171.7,False,False
1985-10-17,162.7,False,False
1985-10-18,162.1,False,False
1985-10-19,171.7,False,False
1985-10-20,163.1,False,False
1985-10-21,171.5,False,False
1985-10-22,263.6,False,False
1985-10-23,197.7,False,False
1985-10-24,178.7,False,False
1985-10-25,172.1,False,False
1985-10-26,157.9,False,False
1985-10-27,154.1,False,False
1985-10-28,164.2,False,False
1985-10-29,167.8,False,False
1985-10-30,166.0,False,False
1985-10-31,168.9,False,False
1985-11-01,169.9,False,False
1985-11-02,166.5,False,False
1985-11-03,162.0,False,False
1985-11-04,157.2,False,False
1985-11-05,165.7,False,False
1985-11-06,207.9,False,False
1985-11-07,208.5,False,False
1985-11-08,215.0,False,False
1985-11-09,271.8,False,False
1985-11-10,293.2,False,False
1985-11-11,270.1,False,False
1985-11-12,233.0,False,False
1985-11-13,218.6,False,False
1985-11-14,214.7,False,False
1985-11-15,210.5,False,False
1985-11-16,196.6,False,False
1985-11-17,181.3,False,False
1985-11-18,165.9,False,False
1985-11-19,181.9,False,False
1985-11-20,168.0,False,False
1985-11-21,163.6,False,False
1985-11-22,153.3,False,False
1985-11-23,158.1,False,False
1985-11-24,159.1,False,False
1985-11-25,152.3,False,False
1985-11-26,131.4,False,False
1985-11-27,131.2,False,False
1985-11-28,131.0,False,False
1985-11-29,131.9,False,False
1985-11-30,132.3,False,False
1985-12-01,130.2,False,False
1985-12-02,158.1,False,False
1985-12-03,182.8,False,False
1985-12-04,156.8,False,False
1985-12-05,155.5,False,False
1985-12-06,148.1,False,False
1985-12-07,154.4,False,False
1985-12-08,143.7,False,False
1985-12-09,131.8,False,False
1985-12-10,142.9,False,False
1985-12-11,141.8,False,False
1985-12-12,132.7,False,False
1985-12-13,121.8,False,False
1985-12-14,103.2,False,False
1985-12-15,100.6,False,False
1985-12-16,101.3,False,False
1985-12-17,103.8,False,False
1985-12-18,100.9,False,False
1985-12-19,107.3,False,False
1985-12-20,104.5,False,False
1985-12-21,92.7,False,False
1985-12-22,91.6,False,False
1985-12-23,83.9,False,False
1985-12-24,97.6,False,False
1985-12-25,92.5,False,False
1985-12-26,220.4,False,False
1985-12-27,225.0,False,False
1985-12-28,241.2,False,False
1985-12-29,288.4,False,False
1985-12-30,308.1,False,False
1985-12-31,167.8,False,False
1986-01-01,93.9,False,False
1986-01-02,84.2,False,False
1986-01-03,81.9,False,False
1986-01-04,68.8,False,False
1986-01-05,80.0,False,False
1986-01-06,66.9,False,False
1986-01-07,80.1,False,False
1986-01-08,70.0,False,False
1986-01-09,70.0,False,False
1986-01-10,69.0,False,False
1986-01-11,67.0,False,False
1986-01-12,66.5,False,False
1986-01-13,60.3,False,False
1986-01-14,69.8,False,False
1986-01-15,53.8,False,False
1986-01-16,69.2,False,False
1986-01-17,80.1,False,False
1986-01-18,97.8,False,False
1986-01-19,90.2,False,False
1986-01-20,78.8,False,False
1986-01-21,84.0,False,False
1986-01-22,78.5,False,False
1986-01-23,73.2,False,False
1986-01-24,63.7,False,False
1986-01-25,63.3,False,False
1986-01-26,54.0,False,False
1986-01-27,48.1,False,False
1986-01-28,48.8,False,False
1986-01-29,51.9,False,False
1986-01-30,49.7,False,False
1986-01-31,49.3,False,False
1986-02-01,48.4,False,False
1986-02-02,48.1,False,False
1986-02-03,43.1,False,False
1986-02-04,49.6,False,False
1986-02-05,43.6,False,False
1986-02-06,33.4,False,False
1986-02-07,33.0,False,False
1986-02-08,31.7,False,False
1986-02-09,30.9,False,False
1986-02-10,32.3,False,False
1986-02-11,36.6,False,False
1986-02-12,35.5,False,False
1986-02-13,40.4,False,False
1986-02-14,49.1,False,False
1986-02-15,52.2,False,False
1986-02-16,50.1,False,False
1986-02-17,48.7,False,False
1986-02-18,294.1,False,False
1986-02-19,208.4,False,False
1986-02-20,80.1,False,False
1986-02-21,63.1,False,False
1986-02-22,50.9,False,False
1986-02-23,48.5,False,False
1986-02-24,44.0,False,False
1986-02-25,46.2,False,False
1986-02-26,40.7,False,False
1986-02-27,38.9,False,False
1986-02-28,38.3,False,False
1986-03-01,37.7,False,False
1986-03-02,38.5,False,False
1986-03-03,42.0,False,False
1986-03-04,45.5,False,False
1986-03-05,36.8,False,False
1986-03-06,34.1,False,False
1986-03-07,36.2,False,False
1986-03-08,42.2,False,False
1986-03-09,35.5,False,False
1986-03-10,36.1,False,False
1986-03-11,36.2,False,False
1986-03-12,39.6,False,False
1986-03-13,38.4,False,False
1986-03-14,39.1,False,False
1986-03-15,36.5,False,False
1986-03-16,35.5,False,False
1986-03-17,37.2,False,False
1986-03-18,38.5,False,False
1986-03-19,38.7,False,False
1986-03-20,38.1,False,False
1986-03-21,33.7,False,False
1986-03-22,38.0,False,False
1986-03-23,37.5,False,False
1986-03-24,34.0,False,False
1986-03-25,40.7,False,False
1986-03-26,35.2,False,False
1986-03-27,27.7,False,False
1986-03-28,39.0,False,False
1986-03-29,45.9,False,False
1986-03-30,48.5,False,False
1986-03-31,32.9,False,False
1986-04-01,32.4,False,False
1986-04-02,32.5,False,False
1986-04-03,31.9,False,False
1986-04-04,31.5,False,False
1986-04-05,30.8,False,False
1986-04-06,29.5,False,False
1986-04-07,29.7,False,False
1986-04-08,29.7,False,False
1986-04-09,29.9,False,False
1986-04-10,29.9,False,False
1986-04-11,30.3,False,False
1986-04-12,30.1,False,False
1986-04-13,32.9,False,False
1986-04-14,32.6,False,False
1986-04-15,35.4,False,False
1986-04-16,35.6,False,False
1986-04-17,35.1,False,False
1986-04-18,33.3,False,False
1986-04-19,32.2,False,False
1986-04-20,37.0,False,False
1986-04-21,33.5,False,False
1986-04-22,35.5,False,False
1986-04-23,31.8,False,False
1986-04-24,31.9,False,False
1986-04-25,31.8,False,False
1986-04-26,30.1,False,False
1986-04-27,31.8,False,False
1986-04-28,32.1,False,False
1986-04-29,92.3,False,False
1986-04-30,170.3,False,False
1986-05-01,35.4,False,False
1986-05-02,33.8,False,False
1986-05-03,34.5,False,False
1986-05-04,35.4,False,False
1986-05-05,35.6,False,False
1986-05-06,49.9,False,False
1986-05-07,50.6,False,False
1986-05-08,47.4,False,False
1986-05-09,47.8,False,False
1986-05-10,56.9,False,False
1986-05-11,49.6,False,False
1986-05-12,36.1,False,False
1986-05-13,49.3,False,False
1986-05-14,38.9,False,False
1986-05-15,59.5,False,False
1986-05-16,92.0,False,False
1986-05-17,43.7,False,False
1986-05-18,34.2,False,False
1986-05-19,25.2,False,False
1986-05-20,25.1,False,False
1986-05-21,24.5,False,False
1986-05-22,24.1,False,False
1986-05-23,33.0,False,False
1986-05-24,21.0,False,False
1986-05-25,49.4,False,False
1986-05-26,22.7,False,False
1986-05-27,26.5,False,False
1986-05-28,33.3,False,False
1986-05-29,32.7,False,False
1986-05-30,32.5,False,False
1986-05-31,35.5,False,False
1986-06-01,38.6,False,False
1986-06-02,35.6,False,False
1986-06-03,67.5,False,False
1986-06-04,65.1,False,False
1986-06-05,77.7,False,False
1986-06-06,55.0,False,False
1986-06-07,62.4,False,False
1986-06-08,35.0,False,False
1986-06-09,39.5,False,False
1986-06-10,32.4,False,False
1986-06-11,27.5,False,False
1986-06-12,27.1,False,False
1986-06-13,37.7,False,False
1986-06-14,34.9,False,False
1986-06-15,40.2,False,False
1986-06-16,33.1,False,False
1986-06-17,28.1,False,False
1986-06-18,29.2,False,False
1986-06-19,26.8,False,False
1986-06-20,27.1,False,False
1986-06-21,26.0,False,False
1986-06-22,25.0,False,False
1986-06-23,23.9,False,False
1986-06-24,23.7,False,False
1986-06-25,23.7,False,False
1986-06-26,20.7,False,False
1986-06-27,26.6,False,False
1986-06-28,36.2,False,False
1986-06-29,36.0,False,False
1986-06-30,32.9,False,False
1986-07-01,38.0,False,False
1986-07-02,35.8,False,False
1986-07-03,36.4,False,False
1986-07-04,37.1,False,False
1986-07-05,38.3,False,False
1986-07-06,47.0,False,False
1986-07-07,37.4,False,False
1986-07-08,36.2,False,False
1986-07-09,31.6,False,False
1986-07-10,31.0,False,False
1986-07-11,31.0,False,False
1986-07-12,32.6,False,False
1986-07-13,32.1,False,False
1986-07-14,30.4,False,False
1986-07-15,30.8,False,False
1986-07-16,31.6,False,False
1986-07-17,29.3,False,False
1986-07-18,29.1,False,False
1986-07-19,322.7,False,False
1986-07-20,244.4,False,False
1986-07-21,162.9,False,False
1986-07-22,302.8,False,False
1986-07-23,487.0,False,False
1986-07-24,363.7,False,False
1986-07-25,241.7,False,False
1986-07-26,172.2,False,False
1986-07-27,228.1,False,False
1986-07-28,183.1,False,False
1986-07-29,185.1,False,False
1986-07-30,131.4,False,False
1986-07-31,126.3,False,False
1986-08-01,107.0,False,False
1986-08-02,125.4,False,False
1986-08-03,127.1,False,False
1986-08-04,133.2,False,False
1986-08-05,137.0,False,False
1986-08-06,133.9,False,False
1986-08-07,162.9,False,False
1986-08-08,396.8,False,False
1986-08-09,799.6,False,False
1986-08-10,886.1,False,False
1986-08-11,932.0,False,False
1986-08-12,1810.0,False,False
1986-08-13,1297.0,False,False
1986-08-14,2473.8,False,False
1986-08-15,1015.0,False,False
1986-08-16,1113.4,False,False
1986-08-17,822.2,False,False
1986-08-18,522.7,False,False
1986-08-19,293.8,False,False
1986-08-20,256.9,False,False
1986-08-21,242.8,False,False
1986-08-22,184.2,False,False
1986-08-23,180.3,False,False
1986-08-24,172.5,False,False
1986-08-25,183.1,False,False
1986-08-26,164.6,False,False
1986-08-27,162.3,False,False
1986-08-28,157.3,False,False
1986-08-29,157.7,False,False
1986-08-30,162.8,False,False
1986-08-31,152.6,False,False
1986-09-01,180.9,False,False
1986-09-02,305.3,False,False
1986-09-03,272.2,False,False
1986-09-04,239.9,False,False
1986-09-05,176.6,False,False
1986-09-06,154.6,False,False
1986-09-07,153.6,False,False
1986-09-08,164.5,False,False
1986-09-09,157.6,False,False
1986-09-10,154.6,False,False
1986-09-11,156.2,False,False
1986-09-12,153.3,False,False
1986-09-13,151.3,False,False
1986-09-14,151.2,False,False
1986-09-15,134.5,False,False
1986-09-16,302.8,False,False
1986-09-17,927.0,False,False
1986-09-18,584.8,False,False
1986-09-19,344.7,False,False
1986-09-20,240.2,False,False
1986-09-21,296.1,False,False
1986-09-22,246.2,False,False
1986-09-23,599.2,False,False
1986-09-24,507.8,False,False
1986-09-25,394.5,False,False
1986-09-26,352.5,False,False
1986-09-27,288.9,False,False
1986-09-28,504.6,False,False
1986-09-29,505.9,False,False
1986-09-30,353.5,False,False
1986-10-01,345.0,False,False
1986-10-02,787.2,False,False
1986-10-03,392.3,False,False
1986-10-04,288.6,False,False
1986-10-05,763.9,False,False
1986-10-06,508.7,False,False
1986-10-07,400.1,False,False
1986-10-08,917.4,False,False
1986-10-09,799.4,False,False
1986-10-10,530.0,False,False
1986-10-11,349.8,False,False
1986-10-12,270.0,False,False
1986-10-13,252.3,False,False
1986-10-14,238.8,False,False
1986-10-15,242.3,False,False
1986-10-16,198.2,False,False
1986-10-17,195.2,False,False
1986-10-18,195.1,False,False
1986-10-19,196.5,False,False
1986-10-20,190.4,False,False
1986-10-21,183.6,False,False
1986-10-22,182.4,False,False
1986-10-23,163.0,False,False
1986-10-24,173.9,False,False
1986-10-25,178.4,False,False
1986-10-26,150.0,False,False
1986-10-27,171.2,False,False
1986-10-28,179.2,False,False
1986-10-29,188.3,False,False
1986-10-30,218.8,False,False
1986-10-31,243.2,False,False
1986-11-01,232.0,False,False
1986-11-02,738.0,False,False
1986-11-03,525.0,False,False
1986-11-04,357.8,False,False
1986-11-05,336.5,False,False
1986-11-06,490.2,False,False
1986-11-07,689.5,False,False
1986-11-08,482.0,False,False
1986-11-09,368.0,False,False
1986-11-10,326.5,False,False
1986-11-11,332.4,False,False
1986-11-12,349.0,False,False
1986-11-13,295.4,False,False
1986-11-14,237.5,False,False
1986-11-15,225.8,False,False
1986-11-16,207.0,False,False
1986-11-17,194.9,False,False
1986-11-18,191.9,False,False
1986-11-19,189.1,False,False
1986-11-20,189.3,False,False
1986-11-21,183.8,False,False
1986-11-22,196.1,False,False
1986-11-23,198.0,False,False
1986-11-24,168.3,False,False
1986-11-25,169.7,False,False
1986-11-26,167.3,False,False
1986-11-27,168.2,False,False
1986-11-28,170.1,False,False
1986-11-29,169.9,False,False
1986-11-30,174.0,False,False
1986-12-01,167.7,False,False
1986-12-02,160.5,False,False
1986-12-03,159.0,False,False
1986-12-04,170.8,False,False
1986-12-05,173.9,False,False
1986-12-06,167.6,False,False
1986-12-07,158.3,False,False
1986-12-08,154.5,False,False
1986-12-09,155.1,False,False
1986-12-10,149.7,False,False
1986-12-11,149.6,False,False
1986-12-12,148.8,False,False
1986-12-13,147.7,False,False
1986-12-14,147.0,False,False
1986-12-15,145.7,False,False
1986-12-16,145.9,False,False
1986-12-17,131.4,False,False
1986-12-18,127.9,False,False
1986-12-19,112.3,False,False
1986-12-20,109.6,False,False
1986-12-21,107.1,False,False
1986-12-22,107.0,False,False
1986-12-23,108.6,False,False
1986-12-24,106.4,False,False
1986-12-25,107.0,False,False
1986-12-26,105.7,False,False
1986-12-27,105.6,False,False
1986-12-28,105.0,False,False
1986-12-29,114.4,False,False
1986-12-30,127.5,False,False
1986-12-31,122.7,False,False
1987-01-01,114.6,False,False
1987-01-02,106.9,False,False
1987-01-03,107.6,False,False
1987-01-04,268.9,False,False
1987-01-05,278.5,False,False
1987-01-06,314.4,False,False
1987-01-07,391.9,False,False
1987-01-08,369.8,False,False
1987-01-09,134.5,False,False
1987-01-10,97.9,False,False
1987-01-11,88.0,False,False
1987-01-12,83.7,False,False
1987-01-13,81.8,False,False
1987-01-14,72.0,False,False
1987-01-15,63.2,False,False
1987-01-16,62.6,False,False
1987-01-17,40.1,False,False
1987-01-18,30.0,False,False
1987-01-19,39.6,False,False
1987-01-20,46.3,False,False
1987-01-21,62.8,False,False
1987-01-22,62.1,False,False
1987-01-23,63.3,False,False
1987-01-24,64.2,False,False
1987-01-25,64.1,False,False
1987-01-26,68.0,False,False
1987-01-27,63.4,False,False
1987-01-28,69.1,False,False
1987-01-29,63.7,False,False
1987-01-30,62.3,False,False
1987-01-31,60.3,False,False
1987-02-01,57.6,False,False
1987-02-02,53.6,False,False
1987-02-03,52.2,False,False
1987-02-04,51.2,False,False
1987-02-05,925.8,False,False
1987-02-06,806.4,False,False
1987-02-07,335.8,False,False
1987-02-08,255.5,False,False
1987-02-09,99.7,False,False
1987-02-10,63.8,False,False
1987-02-11,45.8,False,False
1987-02-12,43.9,False,False
1987-02-13,41.1,False,False
1987-02-14,40.8,False,False
1987-02-15,41.4,False,False
1987-02-16,48.7,False,False
1987-02-17,47.0,False,False
1987-02-18,46.7,False,False
1987-02-19,47.2,False,False
1987-02-20,44.4,False,False
1987-02-21,47.0,False,False
1987-02-22,47.1,False,False
1987-02-23,46.9,False,False
1987-02-24,46.3,False,False
1987-02-25,44.0,False,False
1987-02-26,46.0,False,False
1987-02-27,44.9,False,False
1987-02-28,45.2,False,False
1987-03-01,39.8,False,False
1987-03-02,39.9,False,False
1987-03-03,44.0,False,False
1987-03-04,40.7,False,False
1987-03-05,43.9,False,False
1987-03-06,43.9,False,False
1987-03-07,41.6,False,False
1987-03-08,34.8,False,False
1987-03-09,41.3,False,False
1987-03-10,44.4,False,False
1987-03-11,44.9,False,False
1987-03-12,36.8,False,False
1987-03-13,36.0,False,False
1987-03-14,31.8,False,False
1987-03-15,32.9,False,False
1987-03-16,33.0,False,False
1987-03-17,34.4,False,False
1987-03-18,40.0,False,False
1987-03-19,35.5,False,False
1987-03-20,42.2,False,False
1987-03-21,36.2,False,False
1987-03-22,44.6,False,False
1987-03-23,33.7,False,False
1987-03-24,142.0,False,False
1987-03-25,139.1,False,False
1987-03-26,130.8,False,False
1987-03-27,84.5,False,False
1987-03-28,58.7,False,False
1987-03-29,38.7,False,False
1987-03-30,29.8,False,False
1987-03-31,30.7,False,False
1987-04-01,28.1,False,False
1987-04-02,28.1,False,False
1987-04-03,31.8,False,False
1987-04-04,27.2,False,False
1987-04-05,31.7,False,False
1987-04-06,28.7,False,False
1987-04-07,27.0,False,False
1987-04-08,29.7,False,False
1987-04-09,52.6,False,False
1987-04-10,41.7,False,False
1987-04-11,39.8,False,False
1987-04-12,42.8,False,False
1987-04-13,46.4,False,False
1987-04-14,48.1,False,False
1987-04-15,90.0,False,False
1987-04-16,59.2,False,False
1987-04-17,39.2,False,False
1987-04-18,35.1,False,False
1987-04-19,45.0,False,False
1987-04-20,36.3,False,False
1987-04-21,38.9,False,False
1987-04-22,34.9,False,False
1987-04-23,35.0,False,False
1987-04-24,34.0,False,False
1987-04-25,34.4,False,False
1987-04-26,37.7,False,False
1987-04-27,36.6,False,False
1987-04-28,36.8,False,False
1987-04-29,31.5,False,False
1987-04-30,34.3,False,False
1987-05-01,41.3,False,False
1987-05-02,48.9,False,False
1987-05-03,70.0,False,False
1987-05-04,47.7,False,False
1987-05-05,39.7,False,False
1987-05-06,34.9,False,False
1987-05-07,34.1,False,False
1987-05-08,32.7,False,False
1987-05-09,31.0,False,False
1987-05-10,35.0,False,False
1987-05-11,33.6,False,False
1987-05-12,34.4,False,False
1987-05-13,34.4,False,False
1987-05-14,34.0,False,False
1987-05-15,33.5,False,False
1987-05-16,35.1,False,False
1987-05-17,34.9,False,False
1987-05-18,34.1,False,False
1987-05-19,35.1,False,False
1987-05-20,38.4,False,False
1987-05-21,48.3,False,False
1987-05-22,43.8,False,False
1987-05-23,53.7,False,False
1987-05-24,61.0,False,False
1987-05-25,67.5,False,False
1987-05-26,70.3,False,False
1987-05-27,90.3,False,False
1987-05-28,66.3,False,False
1987-05-29,104.0,False,False
1987-05-30,96.2,False,False
1987-05-31,88.0,False,False
1987-06-01,52.7,False,False
1987-06-02,56.83,False,False
1987-06-03,53.98,False,False
1987-06-04,50.85,False,False
1987-06-05,52.52,False,False
1987-06-06,46.8,False,False
1987-06-07,47.03,False,False
1987-06-08,41.38,False,False
1987-06-09,39.51,False,False
1987-06-10,28.2,False,False
1987-06-11,30.25,False,False
1987-06-12,33.34,False,False
1987-06-13,34.04,False,False
1987-06-14,33.0,False,False
1987-06-15,32.96,False,False
1987-06-16,32.98,False,False
1987-06-17,30.0,False,False
1987-06-18,28.0,False,False
1987-06-19,26.32,False,False
1987-06-20,26.86,False,False
1987-06-21,25.0,False,False
1987-06-22,25.07,False,False
1987-06-23,33.07,False,False
1987-06-24,77.35,False,False
1987-06-25,154.1,False,False
1987-06-26,219.1,False,False
1987-06-27,176.3,False,False
1987-06-28,92.0,False,False
1987-06-29,56.0,False,False
1987-06-30,59.18,False,False
1987-07-01,46.51,False,False
1987-07-02,41.59,False,False
1987-07-03,42.22,False,False
1987-07-04,38.4,False,False
1987-07-05,29.68,False,False
1987-07-06,26.81,False,False
1987-07-07,28.71,False,False
1987-07-08,25.33,False,False
1987-07-09,25.38,False,False
1987-07-10,25.47,False,False
1987-07-11,25.53,False,False
1987-07-12,25.09,False,False
1987-07-13,24.81,False,False
1987-07-14,25.89,False,False
1987-07-15,30.85,False,False
1987-07-16,31.11,False,False
1987-07-17,30.79,False,False
1987-07-18,31.06,False,False
1987-07-19,25.21,False,False
1987-07-20,26.34,False,False
1987-07-21,24.6,False,False
1987-07-22,28.09,False,False
1987-07-23,35.11,False,False
1987-07-24,29.26,False,False
1987-07-25,37.21,False,False
1987-07-26,41.22,False,False
1987-07-27,34.04,False,False
1987-07-28,52.88,False,False
1987-07-29,53.13,False,False
1987-07-30,102.7,False,False
1987-07-31,66.57,False,False
1987-08-01,73.71,False,False
1987-08-02,85.22,False,False
1987-08-03,67.52,False,False
1987-08-04,55.34,False,False
1987-08-05,56.79,False,False
1987-08-06,66.57,False,False
1987-08-07,89.74,False,False
1987-08-08,93.22,False,False
1987-08-09,78.66,False,False
1987-08-10,65.02,False,False
1987-08-11,56.05,False,False
1987-08-12,49.0,False,False
1987-08-13,48.28,False,False
1987-08-14,97.41,False,False
1987-08-15,76.86,False,False
1987-08-16,55.98,False,False
1987-08-17,59.78,False,False
1987-08-18,57.78,False,False
1987-08-19,53.14,False,False
1987-08-20,48.08,False,False
1987-08-21,46.38,False,False
1987-08-22,48.81,False,False
1987-08-23,49.06,False,False
1987-08-24,43.68,False,False
1987-08-25,57.29,False,False
1987-08-26,56.22,False,False
1987-08-27,48.28,False,False
1987-08-28,56.56,False,False
1987-08-29,46.49,False,False
1987-08-30,37.48,False,False
1987-08-31,39.74,False,False
1987-09-01,60.79,False,False
1987-09-02,56.36,False,False
1987-09-03,56.57,False,False
1987-09-04,56.69,False,False
1987-09-05,52.77,False,False
1987-09-06,61.96,False,False
1987-09-07,69.39,False,False
1987-09-08,77.25,False,False
1987-09-09,71.54,False,False
1987-09-10,69.13,False,False
1987-09-11,68.14,False,False
1987-09-12,66.1,False,False
1987-09-13,66.1,False,False
1987-09-14,70.75,False,False
1987-09-15,79.39,False,False
1987-09-16,76.98,False,False
1987-09-17,126.4,False,False
1987-09-18,100.7,False,False
1987-09-19,124.1,False,False
1987-09-20,173.0,False,False
1987-09-21,117.1,False,False
1987-09-22,130.0,False,False
1987-09-23,105.3,False,False
1987-09-24,330.1,False,False
1987-09-25,354.3,False,False
1987-09-26,233.0,False,False
1987-09-27,119.4,False,False
1987-09-28,219.1,False,False
1987-09-29,158.0,False,False
1987-09-30,114.8,False,False
1987-10-01,200.0,False,False
1987-10-02,120.4,False,False
1987-10-03,121.8,False,False
1987-10-04,215.0,False,False
1987-10-05,193.0,False,False
1987-10-06,279.9,False,False
1987-10-07,408.1,False,False
1987-10-08,225.0,False,False
1987-10-09,358.8,False,False
1987-10-10,400.6,False,False
1987-10-11,339.5,False,False
1987-10-12,542.5,False,False
1987-10-13,540.3,False,False
1987-10-14,316.4,False,False
1987-10-15,238.0,False,False
1987-10-16,170.2,False,False
1987-10-17,136.5,False,False
1987-10-18,124.9,False,False
1987-10-19,223.0,False,False
1987-10-20,218.0,False,False
1987-10-21,427.2,False,False
1987-10-22,567.5,False,False
1987-10-23,339.4,False,False
1987-10-24,217.8,False,False
1987-10-25,155.3,False,False
1987-10-26,124.6,False,False
1987-10-27,112.2,False,False
1987-10-28,107.4,False,False
1987-10-29,112.0,False,False
1987-10-30,103.6,False,False
1987-10-31,111.6,False,False
1987-11-01,113.0,False,False
1987-11-02,119.2,False,False
1987-11-03,124.1,False,False
1987-11-04,119.4,False,False
1987-11-05,113.2,False,False
1987-11-06,109.3,False,False
1987-11-07,100.6,False,False
1987-11-08,142.5,False,False
1987-11-09,267.3,False,False
1987-11-10,183.4,False,False
1987-11-11,125.6,False,False
1987-11-12,109.4,False,False
1987-11-13,109.7,False,False
1987-11-14,117.6,False,False
1987-11-15,119.9,False,False
1987-11-16,114.4,False,False
1987-11-17,101.3,False,False
1987-11-18,98.75,False,False
1987-11-19,92.57,False,False
1987-11-20,204.3,False,False
1987-11-21,1216.0,False,False
1987-11-22,756.8,False,False
1987-11-23,379.0,False,False
1987-11-24,265.1,False,False
1987-11-25,198.9,False,False
1987-11-26,147.5,False,False
1987-11-27,178.6,False,False
1987-11-28,121.1,False,False
1987-11-29,118.5,False,False
1987-11-30,100.8,False,False
1987-12-01,120.0,False,False
1987-12-02,119.0,False,False
1987-12-03,117.5,False,False
1987-12-04,115.0,False,False
1987-12-05,115.0,False,False
1987-12-06,113.5,False,False
1987-12-07,115.0,False,False
1987-12-08,122.5,False,False
1987-12-09,157.5,False,False
1987-12-10,190.6,False,False
1987-12-11,208.1,False,False
1987-12-12,191.0,False,False
1987-12-13,146.0,False,False
1987-12-14,142.5,False,False
1987-12-15,325.8,False,False
1987-12-16,242.6,False,False
1987-12-17,185.5,False,False
1987-12-18,155.0,False,False
1987-12-19,128.0,False,False
1987-12-20,119.5,False,False
1987-12-21,87.77,False,False
1987-12-22,82.13,False,False
1987-12-23,76.15,False,False
1987-12-24,81.2,False,False
1987-12-25,82.0,False,False
1987-12-26,71.65,False,False
1987-12-27,72.3,False,False
1987-12-28,73.38,False,False
1987-12-29,71.83,False,False
1987-12-30,70.93,False,False
1987-12-31,68.09,False,False
1988-01-01,61.6,False,False
1988-01-02,62.2,False,False
1988-01-03,59.66,False,False
1988-01-04,51.22,False,False
1988-01-05,62.8,False,False
1988-01-06,61.25,False,False
1988-01-07,62.16,False,False
1988-01-08,62.51,False,False
1988-01-09,52.6,False,False
1988-01-10,53.44,False,False
1988-01-11,51.14,False,False
1988-01-12,51.07,False,False
1988-01-13,51.1,False,False
1988-01-14,51.03,False,False
1988-01-15,59.89,False,False
1988-01-16,50.42,False,False
1988-01-17,57.98,False,False
1988-01-18,48.65,False,False
1988-01-19,57.42,False,False
1988-01-20,60.74,False,False
1988-01-21,59.9,False,False
1988-01-22,57.18,False,False
1988-01-23,50.03,False,False
1988-01-24,42.19,False,False
1988-01-25,40.52,False,False
1988-01-26,42.42,False,False
1988-01-27,39.31,False,False
1988-01-28,41.21,False,False
1988-01-29,42.91,False,False
1988-01-30,41.58,False,False
1988-01-31,41.11,False,False
1988-02-01,42.57,False,False
1988-02-02,65.23,False,False
1988-02-03,60.79,False,False
1988-02-04,58.58,False,False
1988-02-05,53.81,False,False
1988-02-06,45.21,False,False
1988-02-07,44.77,False,False
1988-02-08,42.0,False,False
1988-02-09,52.32,False,False
1988-02-10,41.23,False,False
1988-02-11,42.34,False,False
1988-02-12,37.18,False,False
1988-02-13,36.86,False,False
1988-02-14,35.54,False,False
1988-02-15,34.08,False,False
1988-02-16,46.25,False,False
1988-02-17,45.46,False,False
1988-02-18,43.93,False,False
1988-02-19,44.92,False,False
1988-02-20,45.3,False,False
1988-02-21,44.51,False,False
1988-02-22,33.87,False,False
1988-02-23,180.6,False,False
1988-02-24,348.0,False,False
1988-02-25,388.0,False,False
1988-02-26,198.8,False,False
1988-02-27,99.0,False,False
1988-02-28,67.04,False,False
1988-02-29,44.78,False,False
1988-03-01,65.43,False,False
1988-03-02,61.99,False,False
1988-03-03,53.26,False,False
1988-03-04,48.72,False,False
1988-03-05,48.65,False,False
1988-03-06,52.2,False,False
1988-03-07,49.85,False,False
1988-03-08,66.06,False,False
1988-03-09,49.91,False,False
1988-03-10,41.59,False,False
1988-03-11,41.48,False,False
1988-03-12,31.56,False,False
1988-03-13,32.48,False,False
1988-03-14,26.84,False,False
1988-03-15,29.15,False,False
1988-03-16,29.71,False,False
1988-03-17,29.51,False,False
1988-03-18,29.96,False,False
1988-03-19,24.35,False,False
1988-03-20,25.72,False,False
1988-03-21,41.94,False,False
1988-03-22,66.0,False,False
1988-03-23,69.69,False,False
1988-03-24,76.66,False,False
1988-03-25,53.57,False,False
1988-03-26,40.88,False,False
1988-03-27,31.08,False,False
1988-03-28,29.51,False,False
1988-03-29,41.05,False,False
1988-03-30,33.75,False,False
1988-03-31,42.03,False,False
1988-04-01,32.18,False,False
1988-04-02,29.63,False,False
1988-04-03,28.89,False,False
1988-04-04,78.67,False,False
1988-04-05,69.05,False,False
1988-04-06,39.32,False,False
1988-04-07,29.81,False,False
1988-04-08,28.81,False,False
1988-04-09,28.9,False,False
1988-04-10,30.4,False,False
1988-04-11,26.81,False,False
1988-04-12,25.87,False,False
1988-04-13,27.92,False,False
1988-04-14,26.59,False,False
1988-04-15,26.21,False,False
1988-04-16,30.68,False,False
1988-04-17,28.1,False,False
1988-04-18,29.69,False,False
1988-04-19,68.52,False,False
1988-04-20,64.4,False,False
1988-04-21,70.57,False,False
1988-04-22,85.65,False,False
1988-04-23,82.16,False,False
1988-04-24,76.55,False,False
1988-04-25,62.88,False,False
1988-04-26,69.21,False,False
1988-04-27,73.84,False,False
1988-04-28,79.33,False,False
1988-04-29,66.98,False,False
1988-04-30,72.87,False,False
1988-05-01,76.53,False,False
1988-05-02,118.6,False,False
1988-05-03,120.9,False,False
1988-05-04,138.3,False,False
1988-05-05,74.44,False,False
1988-05-06,70.55,False,False
1988-05-07,79.83,False,False
1988-05-08,54.08,False,False
1988-05-09,48.2,False,False
1988-05-10,51.54,False,False
1988-05-11,51.7,False,False
1988-05-12,47.92,False,False
1988-05-13,41.33,False,False
1988-05-14,44.91,False,False
1988-05-15,41.5,False,False
1988-05-16,29.21,False,False
1988-05-17,27.78,False,False
1988-05-18,29.44,False,False
1988-05-19,28.25,False,False
1988-05-20,26.94,False,False
1988-05-21,39.22,False,False
1988-05-22,35.91,False,False
1988-05-23,38.31,False,False
1988-05-24,29.66,False,False
1988-05-25,215.4,False,False
1988-05-26,94.61,False,False
1988-05-27,180.5,False,False
1988-05-28,208.9,False,False
1988-05-29,118.0,False,False
1988-05-30,203.2,False,False
1988-05-31,113.0,False,False
1988-06-01,110.8,False,False
1988-06-02,118.4,False,False
1988-06-03,81.11,False,False
1988-06-04,106.8,False,False
1988-06-05,84.37,False,False
1988-06-06,80.3,False,False
1988-06-07,68.03,False,False
1988-06-08,63.95,False,False
1988-06-09,50.49,False,False
1988-06-10,41.84,False,False
1988-06-11,43.05,False,False
1988-06-12,39.51,False,False
1988-06-13,33.88,False,False
1988-06-14,34.72,False,False
1988-06-15,34.72,False,False
1988-06-16,32.99,False,False
1988-06-17,33.79,False,False
1988-06-18,27.82,False,False
1988-06-19,29.6,False,False
1988-06-20,29.57,False,False
1988-06-21,27.88,False,False
1988-06-22,30.3,False,False
1988-06-23,26.96,False,False
1988-06-24,32.1,False,False
1988-06-25,33.51,False,False
1988-06-26,34.67,False,False
1988-06-27,33.13,False,False
1988-06-28,39.18,False,False
1988-06-29,34.25,False,False
1988-06-30,32.04,False,False
1988-07-01,39.95,False,False
1988-07-02,31.97,False,False
1988-07-03,27.66,False,False
1988-07-04,25.82,False,False
1988-07-05,26.68,False,False
1988-07-06,111.1,False,False
1988-07-07,153.6,False,False
1988-07-08,140.2,False,False
1988-07-09,112.8,False,False
1988-07-10,114.9,False,False
1988-07-11,114.8,False,False
1988-07-12,114.4,False,False
1988-07-13,107.2,False,False
1988-07-14,99.34,False,False
1988-07-15,73.61,False,False
1988-07-16,59.0,False,False
1988-07-17,57.24,False,False
1988-07-18,52.44,False,False
1988-07-19,70.25,False,False
1988-07-20,131.4,False,False
1988-07-21,120.6,False,False
1988-07-22,565.0,False,False
1988-07-23,643.0,False,False
1988-07-24,796.2,False,False
1988-07-25,607.2,False,False
1988-07-26,451.0,False,False
1988-07-27,391.8,False,False
1988-07-28,293.4,False,False
1988-07-29,240.3,False,False
1988-07-30,238.8,False,False
1988-07-31,156.7,False,False
1988-08-01,183.6,False,False
1988-08-02,208.5,False,False
1988-08-03,188.3,False,False
1988-08-04,157.5,False,False
1988-08-05,145.5,False,False
1988-08-06,765.9,False,False
1988-08-07,644.3,False,False
1988-08-08,485.2,False,False
1988-08-09,382.1,False,False
1988-08-10,293.5,False,False
1988-08-11,339.5,False,False
1988-08-12,261.1,False,False
1988-08-13,176.6,False,False
1988-08-14,140.7,False,False
1988-08-15,286.1,False,False
1988-08-16,249.9,False,False
1988-08-17,202.7,False,False
1988-08-18,212.2,False,False
1988-08-19,287.8,False,False
1988-08-20,414.1,False,False
1988-08-21,441.6,False,False
1988-08-22,305.3,False,False
1988-08-23,294.3,False,False
1988-08-24,289.5,False,False
1988-08-25,258.5,False,False
1988-08-26,326.1,False,False
1988-08-27,454.4,False,False
1988-08-28,649.6,False,False
1988-08-29,638.2,False,False
1988-08-30,684.8,False,False
1988-08-31,503.7,False,False
1988-09-01,438.6,False,False
1988-09-02,308.0,False,False
1988-09-03,263.0,False,False
1988-09-04,249.8,False,False
1988-09-05,219.5,False,False
1988-09-06,487.8,False,False
1988-09-07,334.5,False,False
1988-09-08,683.9,False,False
1988-09-09,568.3,False,False
1988-09-10,681.8,False,False
1988-09-11,1297.0,False,False
1988-09-12,1245.0,False,False
1988-09-13,1420.0,False,False
1988-09-14,1122.0,False,False
1988-09-15,1048.0,False,False
1988-09-16,1119.0,False,False
1988-09-17,1111.0,False,False
1988-09-18,503.1,False,False
1988-09-19,408.5,False,False
1988-09-20,377.0,False,False
1988-09-21,391.1,False,False
1988-09-22,321.2,False,False
1988-09-23,322.8,False,False
1988-09-24,376.0,False,False
1988-09-25,329.1,False,False
1988-09-26,385.0,False,False
1988-09-27,734.0,False,False
1988-09-28,564.7,False,False
1988-09-29,457.5,False,False
1988-09-30,358.3,False,False
1988-10-01,283.4,False,False
1988-10-02,274.3,False,False
1988-10-03,227.7,False,False
1988-10-04,253.9,False,False
1988-10-05,248.7,False,False
1988-10-06,256.4,False,False
1988-10-07,303.2,False,False
1988-10-08,368.0,False,False
1988-10-09,300.6,False,False
1988-10-10,292.3,False,False
1988-10-11,304.2,False,False
1988-10-12,282.0,False,False
1988-10-13,254.5,False,False
1988-10-14,190.8,False,False
1988-10-15,182.6,False,False
1988-10-16,174.1,False,False
1988-10-17,166.7,False,False
1988-10-18,165.9,False,False
1988-10-19,163.3,False,False
1988-10-20,162.7,False,False
1988-10-21,163.5,False,False
1988-10-22,160.0,False,False
1988-10-23,156.1,False,False
1988-10-24,149.6,False,False
1988-10-25,186.8,False,False
1988-10-26,187.2,False,False
1988-10-27,167.3,False,False
1988-10-28,188.8,False,False
1988-10-29,169.2,False,False
1988-10-30,158.5,False,False
1988-10-31,152.5,False,False
1988-11-01,157.1,False,False
1988-11-02,156.9,False,False
1988-11-03,157.8,False,False
1988-11-04,146.4,False,False
1988-11-05,160.2,False,False
1988-11-06,145.5,False,False
1988-11-07,147.7,False,False
1988-11-08,151.7,False,False
1988-11-09,180.5,False,False
1988-11-10,177.6,False,False
1988-11-11,171.2,False,False
1988-11-12,158.5,False,False
1988-11-13,153.0,False,False
1988-11-14,148.9,False,False
1988-11-15,137.1,False,False
1988-11-16,128.4,False,False
1988-11-17,139.2,False,False
1988-11-18,147.6,False,False
1988-11-19,141.6,False,False
1988-11-20,146.5,False,False
1988-11-21,146.5,False,False
1988-11-22,142.0,False,False
1988-11-23,132.4,False,False
1988-11-24,128.8,False,False
1988-11-25,128.5,False,False
1988-11-26,142.5,False,False
1988-11-27,139.6,False,False
1988-11-28,194.6,False,False
1988-11-29,174.6,False,False
1988-11-30,128.7,False,False
1988-12-01,119.9,False,False
1988-12-02,123.3,False,False
1988-12-03,123.3,False,False
1988-12-04,121.6,False,False
1988-12-05,125.8,False,False
1988-12-06,130.2,False,False
1988-12-07,126.4,False,False
1988-12-08,124.2,False,False
1988-12-09,107.6,False,False
1988-12-10,107.7,False,False
1988-12-11,105.6,False,False
1988-12-12,104.8,False,False
1988-12-13,104.1,False,False
1988-12-14,108.1,False,False
1988-12-15,109.4,False,False
1988-12-16,107.8,False,False
1988-12-17,106.2,False,False
1988-12-18,102.3,False,False
1988-12-19,99.17,False,False
1988-12-20,98.66,False,False
1988-12-21,91.49,False,False
1988-12-22,104.3,False,False
1988-12-23,106.9,False,False
1988-12-24,92.33,False,False
1988-12-25,90.5,False,False
1988-12-26,85.74,False,False
1988-12-27,81.26,False,False
1988-12-28,86.56,False,False
1988-12-29,80.47,False,False
1988-12-30,79.68,False,False
1988-12-31,291.9,False,False
1989-01-01,369.3,False,False
1989-01-02,354.4,False,False
1989-01-03,347.7,False,False
1989-01-04,207.7,False,False
1989-01-05,119.8,False,False
1989-01-06,249.0,False,False
1989-01-07,120.9,False,False
1989-01-08,82.83,False,False
1989-01-09,79.81,False,False
1989-01-10,81.77,False,False
1989-01-11,81.63,False,False
1989-01-12,81.7,False,False
1989-01-13,81.96,False,False
1989-01-14,78.9,False,False
1989-01-15,75.98,False,False
1989-01-16,71.55,False,False
1989-01-17,75.8,False,False
1989-01-18,72.33,False,False
1989-01-19,81.86,False,False
1989-01-20,81.59,False,False
1989-01-21,80.89,False,False
1989-01-22,73.0,False,False
1989-01-23,70.86,False,False
1989-01-24,70.17,False,False
1989-01-25,77.64,False,False
1989-01-26,80.2,False,False
1989-01-27,77.79,False,False
1989-01-28,73.4,False,False
1989-01-29,67.06,False,False
1989-01-30,64.3,False,False
1989-01-31,65.44,False,False
1989-02-01,61.47,False,False
1989-02-02,312.2,False,False
1989-02-03,196.7,False,False
1989-02-04,91.11,False,False
1989-02-05,71.29,False,False
1989-02-06,65.17,False,False
1989-02-07,64.81,False,False
1989-02-08,69.07,False,False
1989-02-09,66.59,False,False
1989-02-10,65.3,False,False
1989-02-11,64.89,False,False
1989-02-12,60.5,False,False
1989-02-13,63.23,False,False
1989-02-14,64.96,False,False
1989-02-15,66.29,False,False
1989-02-16,73.79,False,False
1989-02-17,67.93,False,False
1989-02-18,65.48,False,False
1989-02-19,59.2,False,False
1989-02-20,50.31,False,False
1989-02-21,67.97,False,False
1989-02-22,64.91,False,False
1989-02-23,69.52,False,False
1989-02-24,317.5,False,False
1989-02-25,213.9,False,False
1989-02-26,133.0,False,False
1989-02-27,85.53,False,False
1989-02-28,77.79,False,False
1989-03-01,73.92,False,False
1989-03-02,65.1,False,False
1989-03-03,73.98,False,False
1989-03-04,72.33,False,False
1989-03-05,65.55,False,False
1989-03-06,50.36,False,False
1989-03-07,47.92,False,False
1989-03-08,46.47,False,False
1989-03-09,46.48,False,False
1989-03-10,46.32,False,False
1989-03-11,47.92,False,False
1989-03-12,51.0,False,False
1989-03-13,51.05,False,False
1989-03-14,61.97,False,False
1989-03-15,51.56,False,False
1989-03-16,48.61,False,False
1989-03-17,51.12,False,False
1989-03-18,61.18,False,False
1989-03-19,56.2,False,False
1989-03-20,61.3,False,False
1989-03-21,59.65,False,False
1989-03-22,49.63,False,False
1989-03-23,50.16,False,False
1989-03-24,51.23,False,False
1989-03-25,83.08,False,False
1989-03-26,68.2,False,False
1989-03-27,59.48,False,False
1989-03-28,58.86,False,False
1989-03-29,58.29,False,False
1989-03-30,48.29,False,False
1989-03-31,47.57,False,False
1989-04-01,49.09,False,False
1989-04-02,51.0,False,False
1989-04-03,50.28,False,False
1989-04-04,58.13,False,False
1989-04-05,49.21,False,False
1989-04-06,50.56,False,False
1989-04-07,48.84,False,False
1989-04-08,45.23,False,False
1989-04-09,46.0,False,False
1989-04-10,45.85,False,False
1989-04-11,47.93,False,False
1989-04-12,57.39,False,False
1989-04-13,57.27,False,False
1989-04-14,49.29,False,False
1989-04-15,49.4,False,False
1989-04-16,46.0,False,False
1989-04-17,49.46,False,False
1989-04-18,49.12,False,False
1989-04-19,47.72,False,False
1989-04-20,47.92,False,False
1989-04-21,47.71,False,False
1989-04-22,41.61,False,False
1989-04-23,41.72,False,False
1989-04-24,40.3,False,False
1989-04-25,42.99,False,False
1989-04-26,43.23,False,False
1989-04-27,60.11,False,False
1989-04-28,84.99,False,False
1989-04-29,73.98,False,False
1989-04-30,64.04,False,False
1989-05-01,52.55,False,False
1989-05-02,69.91,False,False
1989-05-03,67.93,False,False
1989-05-04,64.3,False,False
1989-05-05,49.72,False,False
1989-05-06,52.74,False,False
1989-05-07,63.8,False,False
1989-05-08,63.98,False,False
1989-05-09,65.2,False,False
1989-05-10,52.73,False,False
1989-05-11,53.43,False,False
1989-05-12,61.01,False,False
1989-05-13,52.71,False,False
1989-05-14,51.0,False,False
1989-05-15,60.53,False,False
1989-05-16,50.24,False,False
1989-05-17,79.57,False,False
1989-05-18,62.07,False,False
1989-05-19,71.48,False,False
1989-05-20,82.35,False,False
1989-05-21,76.5,False,False
1989-05-22,64.59,False,False
1989-05-23,60.67,False,False
1989-05-24,50.58,False,False
1989-05-25,47.81,False,False
1989-05-26,41.74,False,False
1989-05-27,41.86,False,False
1989-05-28,46.0,False,False
1989-05-29,47.92,False,False
1989-05-30,41.98,False,False
1989-05-31,47.74,False,False
1989-06-01,47.51,False,False
1989-06-02,52.96,False,False
1989-06-03,93.57,False,False
1989-06-04,119.1,False,False
1989-06-05,96.9,False,False
1989-06-06,81.88,False,False
1989-06-07,67.62,False,False
1989-06-08,60.56,False,False
1989-06-09,50.53,False,False
1989-06-10,44.65,False,False
1989-06-11,42.02,False,False
1989-06-12,34.64,False,False
1989-06-13,44.81,False,False
1989-06-14,41.82,False,False
1989-06-15,39.8,False,False
1989-06-16,39.56,False,False
1989-06-17,38.22,False,False
1989-06-18,37.5,False,False
1989-06-19,25.86,False,False
1989-06-20,28.26,False,False
1989-06-21,32.83,False,False
1989-06-22,31.5,False,False
1989-06-23,30.82,False,False
1989-06-24,31.24,False,False
1989-06-25,31.0,False,False
1989-06-26,31.27,False,False
1989-06-27,37.47,False,False
1989-06-28,37.87,False,False
1989-06-29,40.54,False,False
1989-06-30,43.25,False,False
1989-07-01,51.51,False,False
1989-07-02,45.0,False,False
1989-07-03,52.91,False,False
1989-07-04,45.66,False,False
1989-07-05,51.14,False,False
1989-07-06,53.29,False,False
1989-07-07,98.18,False,False
1989-07-08,45.36,False,False
1989-07-09,69.0,False,False
1989-07-10,63.66,False,False
1989-07-11,258.4,False,False
1989-07-12,243.1,False,False
1989-07-13,85.04,False,False
1989-07-14,163.1,False,False
1989-07-15,166.9,False,False
1989-07-16,109.6,False,False
1989-07-17,97.3,False,False
1989-07-18,93.1,False,False
1989-07-19,88.9,False,False
1989-07-20,83.15,False,False
1989-07-21,76.42,False,False
1989-07-22,74.09,False,False
1989-07-23,75.0,False,False
1989-07-24,77.66,False,False
1989-07-25,1222.0,False,False
1989-07-26,1595.0,False,False
1989-07-27,1487.0,False,False
1989-07-28,1150.0,False,False
1989-07-29,730.3,False,False
1989-07-30,675.3,False,False
1989-07-31,493.0,False,False
1989-08-01,287.9,False,False
1989-08-02,186.7,False,False
1989-08-03,141.8,False,False
1989-08-04,122.9,False,False
1989-08-05,119.0,False,False
1989-08-06,144.9,False,False
1989-08-07,185.0,False,False
1989-08-08,190.7,False,False
1989-08-09,301.5,False,False
1989-08-10,231.8,False,False
1989-08-11,155.6,False,False
1989-08-12,134.7,False,False
1989-08-13,134.4,False,False
1989-08-14,137.6,False,False
1989-08-15,280.4,False,False
1989-08-16,369.4,False,False
1989-08-17,310.2,False,False
1989-08-18,628.4,False,False
1989-08-19,860.7,False,False
1989-08-20,1068.0,False,False
1989-08-21,1111.0,False,False
1989-08-22,602.2,False,False
1989-08-23,402.8,False,False
1989-08-24,285.5,False,False
1989-08-25,214.7,False,False
1989-08-26,256.7,False,False
1989-08-27,1197.0,False,False
1989-08-28,471.3,False,False
1989-08-29,313.2,False,False
1989-08-30,622.5,False,False
1989-08-31,470.9,False,False
1989-09-01,359.3,False,False
1989-09-02,310.6,False,False
1989-09-03,403.5,False,False
1989-09-04,400.0,False,False
1989-09-05,315.3,False,False
1989-09-06,273.4,False,False
1989-09-07,229.2,False,False
1989-09-08,189.4,False,False
1989-09-09,182.6,False,False
1989-09-10,192.0,False,False
1989-09-11,180.6,False,False
1989-09-12,169.2,False,False
1989-09-13,152.0,False,False
1989-09-14,169.0,False,False
1989-09-15,166.4,False,False
1989-09-16,152.6,False,False
1989-09-17,224.7,False,False
1989-09-18,240.4,False,False
1989-09-19,231.1,False,False
1989-09-20,342.8,False,False
1989-09-21,435.6,False,False
1989-09-22,422.7,False,False
1989-09-23,380.7,False,False
1989-09-24,331.2,False,False
1989-09-25,315.6,False,False
1989-09-26,397.4,False,False
1989-09-27,350.8,False,False
1989-09-28,319.1,False,False
1989-09-29,269.3,False,False
1989-09-30,256.9,False,False
1989-10-01,693.8,False,False
1989-10-02,413.7,False,False
1989-10-03,282.0,False,False
1989-10-04,258.9,False,False
1989-10-05,227.9,False,False
1989-10-06,261.4,False,False
1989-10-07,424.1,False,False
1989-10-08,485.6,False,False
1989-10-09,443.9,False,False
1989-10-10,493.0,False,False
1989-10-11,470.3,False,False
1989-10-12,389.9,False,False
1989-10-13,290.0,False,False
1989-10-14,210.3,False,False
1989-10-15,212.0,False,False
1989-10-16,175.6,False,False
1989-10-17,171.0,False,False
1989-10-18,168.9,False,False
1989-10-19,166.8,False,False
1989-10-20,258.4,False,False
1989-10-21,462.8,False,False
1989-10-22,524.5,False,False
1989-10-23,355.4,False,False
1989-10-24,266.3,False,False
1989-10-25,219.1,False,False
1989-10-26,205.2,False,False
1989-10-27,204.5,False,False
1989-10-28,208.0,False,False
1989-10-29,260.0,False,False
1989-10-30,265.7,False,False
1989-10-31,323.8,False,False
1989-11-01,275.5,False,False
1989-11-02,250.4,False,False
1989-11-03,217.8,False,False
1989-11-04,211.7,False,False
1989-11-05,219.0,False,False
1989-11-06,204.9,False,False
1989-11-07,194.5,False,False
1989-11-08,178.0,False,False
1989-11-09,174.0,False,False
1989-11-10,169.9,False,False
1989-11-11,175.7,False,False
1989-11-12,185.0,False,False
1989-11-13,195.0,False,False
1989-11-14,202.3,False,False
1989-11-15,254.9,False,False
1989-11-16,216.6,False,False
1989-11-17,196.0,False,False
1989-11-18,185.9,False,False
1989-11-19,163.1,False,False
1989-11-20,172.2,False,False
1989-11-21,173.9,False,False
1989-11-22,163.0,False,False
1989-11-23,151.0,False,False
1989-11-24,165.0,False,False
1989-11-25,143.4,False,False
1989-11-26,166.0,False,False
1989-11-27,155.6,False,False
1989-11-28,157.4,False,False
1989-11-29,161.4,False,False
1989-11-30,165.6,False,False
1989-12-01,140.5,False,False
1989-12-02,145.8,False,False
1989-12-03,145.0,False,False
1989-12-04,164.1,False,False
1989-12-05,169.9,False,False
1989-12-06,155.3,False,False
1989-12-07,141.2,False,False
1989-12-08,140.7,False,False
1989-12-09,140.7,False,False
1989-12-10,136.5,False,False
1989-12-11,130.9,False,False
1989-12-12,135.3,False,False
1989-12-13,148.1,False,False
1989-12-14,147.6,False,False
1989-12-15,138.5,False,False
1989-12-16,148.6,False,False
1989-12-17,155.0,False,False
1989-12-18,122.6,False,False
1989-12-19,115.4,False,False
1989-12-20,112.0,False,False
1989-12-21,111.4,False,False
1989-12-22,107.8,False,False
1989-12-23,106.4,False,False
1989-12-24,102.0,False,False
1989-12-25,102.0,False,False
1989-12-26,102.1,False,False
1989-12-27,106.7,False,False
1989-12-28,101.6,False,False
1989-12-29,94.42,False,False
1989-12-30,105.0,False,False
1989-12-31,101.0,False,False
1990-01-01,87.89,False,False
1990-01-02,88.02,False,False
1990-01-03,83.74,False,False
1990-01-04,88.54,False,False
1990-01-05,85.56,False,False
1990-01-06,90.0,False,False
1990-01-07,84.0,False,False
1990-01-08,78.49,False,False
1990-01-09,82.35,False,False
1990-01-10,82.7,False,False
1990-01-11,80.59,False,False
1990-01-12,78.23,False,False
1990-01-13,76.4,False,False
1990-01-14,74.0,False,False
1990-01-15,70.51,False,False
1990-01-16,74.41,False,False
1990-01-17,76.33,False,False
1990-01-18,70.48,False,False
1990-01-19,72.76,False,False
1990-01-20,72.59,False,False
1990-01-21,70.0,False,False
1990-01-22,63.76,False,False
1990-01-23,68.09,False,False
1990-01-24,60.11,False,False
1990-01-25,57.96,False,False
1990-01-26,58.5,False,False
1990-01-27,55.98,False,False
1990-01-28,58.5,False,False
1990-01-29,56.39,False,False
1990-01-30,51.39,False,False
1990-01-31,54.44,False,False
1990-02-01,54.62,False,False
1990-02-02,55.29,False,False
1990-02-03,51.39,False,False
1990-02-04,52.5,False,False
1990-02-05,46.54,False,False
1990-02-06,53.88,False,False
1990-02-07,45.93,False,False
1990-02-08,44.43,False,False
1990-02-09,160.7,False,False
1990-02-10,346.0,False,False
1990-02-11,339.0,False,False
1990-02-12,316.8,False,False
1990-02-13,174.9,False,False
1990-02-14,83.48,False,False
1990-02-15,77.81,False,False
1990-02-16,78.87,False,False
1990-02-17,75.56,False,False
1990-02-18,76.0,False,False
1990-02-19,82.09,False,False
1990-02-20,73.17,False,False
1990-02-21,68.26,False,False
1990-02-22,56.1,False,False
1990-02-23,60.43,False,False
1990-02-24,61.06,False,False
1990-02-25,62.0,False,False
1990-02-26,60.8,False,False
1990-02-27,65.29,False,False
1990-02-28,61.48,False,False
1990-03-01,61.44,False,False
1990-03-02,54.76,False,False
1990-03-03,55.05,False,False
1990-03-04,45.0,False,False
1990-03-05,44.13,False,False
1990-03-06,56.58,False,False
1990-03-07,44.45,False,False
1990-03-08,35.7,False,False
1990-03-09,35.7,False,False
1990-03-10,49.66,False,False
1990-03-11,47.0,False,False
1990-03-12,42.11,False,False
1990-03-13,50.67,False,False
1990-03-14,51.99,False,False
1990-03-15,46.05,False,False
1990-03-16,45.1,False,False
1990-03-17,50.87,False,False
1990-03-18,48.0,False,False
1990-03-19,46.17,False,False
1990-03-20,47.87,False,False
1990-03-21,45.45,False,False
1990-03-22,44.69,False,False
1990-03-23,41.32,False,False
1990-03-24,35.06,False,False
1990-03-25,47.0,False,False
1990-03-26,50.58,False,False
1990-03-27,50.5,False,False
1990-03-28,44.68,False,False
1990-03-29,54.67,False,False
1990-03-30,56.39,False,False
1990-03-31,55.4,False,False
1990-04-01,43.5,False,False
1990-04-02,42.01,False,False
1990-04-03,51.5,False,False
1990-04-04,43.2,False,False
1990-04-05,50.91,False,False
1990-04-06,59.26,False,False
1990-04-07,78.0,False,False
1990-04-08,49.0,False,False
1990-04-09,42.61,False,False
1990-04-10,52.89,False,False
1990-04-11,66.41,False,False
1990-04-12,55.4,False,False
1990-04-13,46.0,False,False
1990-04-14,52.56,False,False
1990-04-15,56.5,False,False
1990-04-16,53.99,False,False
1990-04-17,74.09,False,False
1990-04-18,88.06,False,False
1990-04-19,78.03,False,False
1990-04-20,63.11,False,False
1990-04-21,57.26,False,False
1990-04-22,48.0,False,False
1990-04-23,43.01,False,False
1990-04-24,53.0,False,False
1990-04-25,53.13,False,False
1990-04-26,43.83,False,False
1990-04-27,39.7,False,False
1990-04-28,35.2,False,False
1990-04-29,39.7,False,False
1990-04-30,35.42,False,False
1990-05-01,39.16,False,False
1990-05-02,41.98,False,False
1990-05-03,54.76,False,False
1990-05-04,94.48,False,False
1990-05-05,99.95,False,False
1990-05-06,72.0,False,False
1990-05-07,53.25,False,False
1990-05-08,57.03,False,False
1990-05-09,63.0,False,False
1990-05-10,56.26,False,False
1990-05-11,50.33,False,False
1990-05-12,54.14,False,False
1990-05-13,56.0,False,False
1990-05-14,54.4,False,False
1990-05-15,56.47,False,False
1990-05-16,55.96,False,False
1990-05-17,54.341,False,False
1990-05-18,49.22,False,False
1990-05-19,49.12,False,False
1990-05-20,69.5,False,False
1990-05-21,43.97,False,False
1990-05-22,49.78,False,False
1990-05-23,55.77,False,False
1990-05-24,96.03,False,False
1990-05-25,121.2,False,False
1990-05-26,210.3,False,False
1990-05-27,210.0,False,False
1990-05-28,138.2,False,False
1990-05-29,107.9,False,False
1990-05-30,81.82,False,False
1990-05-31,72.95,False,False
1990-06-01,67.25,False,False
1990-06-02,58.33,False,False
1990-06-03,55.0,False,False
1990-06-04,53.28,False,False
1990-06-05,57.38,False,False
1990-06-06,53.94,False,False
1990-06-07,51.69,False,False
1990-06-08,51.3,False,False
1990-06-09,50.24,False,False
1990-06-10,47.5,False,False
1990-06-11,44.65,False,False
1990-06-12,49.44,False,False
1990-06-13,44.96,False,False
1990-06-14,38.64,False,False
1990-06-15,43.79,False,False
1990-06-16,41.59,False,False
1990-06-17,47.5,False,False
1990-06-18,41.61,False,False
1990-06-19,46.2,False,False
1990-06-20,46.89,False,False
1990-06-21,52.88,False,False
1990-06-22,62.42,False,False
1990-06-23,62.47,False,False
1990-06-24,55.0,False,False
1990-06-25,53.05,False,False
1990-06-26,63.95,False,False
1990-06-27,58.69,False,False
1990-06-28,51.45,False,False
1990-06-29,54.6,False,False
1990-06-30,51.85,False,False
1990-07-01,52.5,False,False
1990-07-02,51.57,False,False
1990-07-03,52.63,False,False
1990-07-04,55.0,False,False
1990-07-05,60.36,False,False
1990-07-06,64.08,False,False
1990-07-07,56.39,False,False
1990-07-08,55.0,False,False
1990-07-09,206.9,False,False
1990-07-10,240.1,False,False
1990-07-11,282.4,False,False
1990-07-12,251.7,False,False
1990-07-13,240.6,False,False
1990-07-14,319.4,False,False
1990-07-15,307.5,False,False
1990-07-16,241.6,False,False
1990-07-17,202.5,False,False
1990-07-18,169.9,False,False
1990-07-19,150.6,False,False
1990-07-20,150.5,False,False
1990-07-21,287.3,False,False
1990-07-22,312.5,False,False
1990-07-23,238.1,False,False
1990-07-24,178.1,False,False
1990-07-25,203.6,False,False
1990-07-26,210.3,False,False
1990-07-27,178.0,False,False
1990-07-28,138.3,False,False
1990-07-29,142.5,False,False
1990-07-30,127.9,False,False
1990-07-31,117.9,False,False
1990-08-01,84.51,False,False
1990-08-02,77.5,False,False
1990-08-03,71.15,False,False
1990-08-04,79.98,False,False
1990-08-05,102.5,False,False
1990-08-06,192.0,False,False
1990-08-07,172.6,False,False
1990-08-08,162.3,False,False
1990-08-09,155.1,False,False
1990-08-10,126.0,False,False
1990-08-11,127.0,False,False
1990-08-12,142.5,False,False
1990-08-13,188.1,False,False
1990-08-14,322.6,False,False
1990-08-15,352.5,False,False
1990-08-16,501.1,False,False
1990-08-17,667.6,False,False
1990-08-18,790.0,False,False
1990-08-19,700.0,False,False
1990-08-20,645.7,False,False
1990-08-21,516.7,False,False
1990-08-22,580.4,False,False
1990-08-23,1293.0,False,False
1990-08-24,1618.0,False,False
1990-08-25,1223.0,False,False
1990-08-26,992.5,False,False
1990-08-27,689.8,False,False
1990-08-28,508.3,False,False
1990-08-29,369.5,False,False
1990-08-30,340.9,False,False
1990-08-31,359.8,False,False
1990-09-01,289.9,False,False
1990-09-02,252.5,False,False
1990-09-03,235.9,False,False
1990-09-04,196.5,False,False
1990-09-05,162.4,False,False
1990-09-06,193.0,False,False
1990-09-07,187.8,False,False
1990-09-08,230.2,False,False
1990-09-09,422.5,False,False
1990-09-10,481.8,False,False
1990-09-11,388.9,False,False
1990-09-12,307.6,False,False
1990-09-13,236.4,False,False
1990-09-14,176.7,False,False
1990-09-15,184.1,False,False
1990-09-16,202.5,False,False
1990-09-17,160.1,False,False
1990-09-18,158.6,False,False
1990-09-19,127.9,False,False
1990-09-20,134.4,False,False
1990-09-21,129.7,False,False
1990-09-22,138.4,False,False
1990-09-23,150.0,False,False
1990-09-24,142.2,False,False
1990-09-25,146.6,False,False
1990-09-26,148.6,False,False
1990-09-27,132.0,False,False
1990-09-28,135.0,False,False
1990-09-29,135.0,False,False
1990-09-30,137.5,False,False
1990-10-01,139.6,False,False
1990-10-02,135.0,False,False
1990-10-03,138.5,False,False
1990-10-04,144.9,False,False
1990-10-05,139.9,False,False
1990-10-06,131.0,False,False
1990-10-07,125.0,False,False
1990-10-08,115.7,False,False
1990-10-09,128.8,False,False
1990-10-10,113.5,False,False
1990-10-11,127.5,False,False
1990-10-12,120.7,False,False
1990-10-13,152.9,False,False
1990-10-14,297.5,False,False
1990-10-15,301.6,False,False
1990-10-16,272.6,False,False
1990-10-17,190.0,False,False
1990-10-18,147.6,False,False
1990-10-19,129.4,False,False
1990-10-20,147.2,False,False
1990-10-21,142.5,False,False
1990-10-22,135.0,False,False
1990-10-23,213.9,False,False
1990-10-24,156.6,False,False
1990-10-25,168.8,False,False
1990-10-26,185.5,False,False
1990-10-27,172.1,False,False
1990-10-28,180.0,False,False
1990-10-29,185.6,False,False
1990-10-30,204.6,False,False
1990-10-31,243.8,False,False
1990-11-01,247.4,False,False
1990-11-02,235.0,False,False
1990-11-03,326.3,False,False
1990-11-04,312.5,False,False
1990-11-05,251.9,False,False
1990-11-06,247.0,False,False
1990-11-07,211.8,False,False
1990-11-08,177.0,False,False
1990-11-09,167.3,False,False
1990-11-10,167.2,False,False
1990-11-11,152.5,False,False
1990-11-12,187.5,False,False
1990-11-13,208.4,False,False
1990-11-14,187.1,False,False
1990-11-15,168.5,False,False
1990-11-16,169.2,False,False
1990-11-17,184.3,False,False
1990-11-18,180.0,False,False
1990-11-19,229.4,False,False
1990-11-20,202.6,False,False
1990-11-21,169.7,False,False
1990-11-22,165.8,False,False
1990-11-23,165.0,False,False
1990-11-24,157.5,False,False
1990-11-25,155.0,False,False
1990-11-26,162.8,False,False
1990-11-27,193.7,False,False
1990-11-28,212.1,False,False
1990-11-29,197.0,False,False
1990-11-30,180.9,False,False
1990-12-01,156.6,False,False
1990-12-02,160.0,False,False
1990-12-03,159.7,False,False
1990-12-04,166.7,False,False
1990-12-05,174.7,False,False
1990-12-06,213.8,False,False
1990-12-07,182.2,False,False
1990-12-08,161.6,False,False
1990-12-09,149.0,False,False
1990-12-10,136.8,False,False
1990-12-11,137.0,False,False
1990-12-12,146.2,False,False
1990-12-13,143.1,False,False
1990-12-14,132.1,False,False
1990-12-15,131.0,False,False
1990-12-16,130.0,False,False
1990-12-17,134.0,False,False
1990-12-18,132.0,False,False
1990-12-19,132.2,False,False
1990-12-20,146.2,False,False
1990-12-21,128.2,False,False
1990-12-22,124.1,False,False
1990-12-23,124.0,False,False
1990-12-24,125.8,False,False
1990-12-25,117.0,False,False
1990-12-26,112.4,False,False
1990-12-27,114.0,False,False
1990-12-28,96.22,False,False
1990-12-29,92.91,False,False
1990-12-30,92.0,False,False
1990-12-31,86.88,False,False
1991-01-01,93.2,False,False
1991-01-02,92.87,False,False
1991-01-03,113.0,False,False
1991-01-04,86.69,False,False
1991-01-05,81.08,False,False
1991-01-06,83.0,False,False
1991-01-07,82.25,False,False
1991-01-08,84.46,False,False
1991-01-09,84.95,False,False
1991-01-10,81.26,False,False
1991-01-11,74.97,False,False
1991-01-12,76.19,False,False
1991-01-13,76.0,False,False
1991-01-14,61.28,False,False
1991-01-15,60.0,False,False
1991-01-16,59.82,False,False
1991-01-17,58.36,False,False
1991-01-18,56.49,False,False
1991-01-19,74.37,False,False
1991-01-20,74.0,False,False
1991-01-21,65.94,False,False
1991-01-22,71.15,False,False
1991-01-23,62.07,False,False
1991-01-24,62.71,False,False
1991-01-25,61.27,False,False
1991-01-26,56.0,False,False
1991-01-27,57.0,False,False
1991-01-28,54.01,False,False
1991-01-29,53.57,False,False
1991-01-30,46.66,False,False
1991-01-31,49.9,False,False
1991-02-01,52.38,False,False
1991-02-02,53.16,False,False
1991-02-03,53.0,False,False
1991-02-04,51.93,False,False
1991-02-05,52.91,False,False
1991-02-06,52.19,False,False
1991-02-07,48.68,False,False
1991-02-08,43.63,False,False
1991-02-09,49.41,False,False
1991-02-10,53.5,False,False
1991-02-11,43.49,False,False
1991-02-12,51.54,False,False
1991-02-13,52.88,False,False
1991-02-14,59.87,False,False
1991-02-15,52.42,False,False
1991-02-16,62.83,False,False
1991-02-17,57.0,False,False
1991-02-18,47.33,False,False
1991-02-19,52.91,False,False
1991-02-20,47.31,False,False
1991-02-21,52.3,False,False
1991-02-22,49.06,False,False
1991-02-23,50.97,False,False
1991-02-24,45.2,False,False
1991-02-25,45.24,False,False
1991-02-26,41.42,False,False
1991-02-27,45.48,False,False
1991-02-28,40.26,False,False
1991-03-01,44.65,False,False
1991-03-02,45.09,False,False
1991-03-03,46.0,False,False
1991-03-04,42.11,False,False
1991-03-05,41.83,False,False
1991-03-06,45.62,False,False
1991-03-07,55.46,False,False
1991-03-08,52.56,False,False
1991-03-09,55.14,False,False
1991-03-10,57.0,False,False
1991-03-11,52.22,False,False
1991-03-12,59.25,False,False
1991-03-13,58.74,False,False
1991-03-14,59.75,False,False
1991-03-15,59.4,False,False
1991-03-16,63.36,False,False
1991-03-17,50.0,False,False
1991-03-18,42.14,False,False
1991-03-19,32.74,False,False
1991-03-20,42.98,False,False
1991-03-21,34.27,False,False
1991-03-22,42.38,False,False
1991-03-23,41.09,False,False
1991-03-24,41.0,False,False
1991-03-25,48.68,False,False
1991-03-26,53.72,False,False
1991-03-27,51.93,False,False
1991-03-28,50.0,False,False
1991-03-29,49.0,False,False
1991-03-30,48.31,False,False
1991-03-31,43.0,False,False
1991-04-01,57.38,False,False
1991-04-02,41.94,False,False
1991-04-03,34.3,False,False
1991-04-04,35.93,False,False
1991-04-05,36.57,False,False
1991-04-06,41.64,False,False
1991-04-07,40.0,False,False
1991-04-08,51.74,False,False
1991-04-09,50.38,False,False
1991-04-10,60.33,False,False
1991-04-11,67.91,False,False
1991-04-12,68.86,False,False
1991-04-13,67.74,False,False
1991-04-14,61.0,False,False
1991-04-15,60.87,False,False
1991-04-16,58.74,False,False
1991-04-17,60.0,False,False
1991-04-18,69.9,False,False
1991-04-19,74.73,False,False
1991-04-20,73.43,False,False
1991-04-21,59.5,False,False
1991-04-22,49.33,False,False
1991-04-23,49.35,False,False
1991-04-24,51.28,False,False
1991-04-25,47.84,False,False
1991-04-26,53.39,False,False
1991-04-27,62.98,False,False
1991-04-28,69.0,False,False
1991-04-29,84.6,False,False
1991-04-30,70.0,False,False
1991-05-01,54.12,False,False
1991-05-02,52.75,False,False
1991-05-03,41.17,False,False
1991-05-04,52.64,False,False
1991-05-05,42.0,False,False
1991-05-06,61.42,False,False
1991-05-07,147.3,False,False
1991-05-08,115.4,False,False
1991-05-09,108.1,False,False
1991-05-10,82.1,False,False
1991-05-11,78.58,False,False
1991-05-12,90.15,False,False
1991-05-13,66.6,False,False
1991-05-14,74.71,False,False
1991-05-15,64.7,False,False
1991-05-16,63.35,False,False
1991-05-17,60.77,False,False
1991-05-18,58.86,False,False
1991-05-19,59.0,False,False
1991-05-20,51.25,False,False
1991-05-21,58.78,False,False
1991-05-22,59.06,False,False
1991-05-23,61.63,False,False
1991-05-24,75.63,False,False
1991-05-25,86.71,False,False
1991-05-26,80.0,False,False
1991-05-27,77.99,False,False
1991-05-28,86.15,False,False
1991-05-29,84.48,False,False
1991-05-30,82.53,False,False
1991-05-31,134.7,False,False
1991-06-01,93.98,False,False
1991-06-02,63.82,False,False
1991-06-03,144.9,False,False
1991-06-04,754.5,False,False
1991-06-05,860.9,False,False
1991-06-06,600.6,False,False
1991-06-07,312.6,False,False
1991-06-08,186.6,False,False
1991-06-09,169.8,False,False
1991-06-10,108.0,False,False
1991-06-11,90.62,False,False
1991-06-12,80.36,False,False
1991-06-13,77.58,False,False
1991-06-14,69.15,False,False
1991-06-15,78.6,False,False
1991-06-16,76.63,False,False
1991-06-17,70.97,False,False
1991-06-18,73.35,False,False
1991-06-19,69.65,False,False
1991-06-20,65.29,False,False
1991-06-21,61.35,False,False
1991-06-22,59.54,False,False
1991-06-23,60.63,False,False
1991-06-24,68.31,False,False
1991-06-25,60.16,False,False
1991-06-26,58.22,False,False
1991-06-27,60.18,False,False
1991-06-28,64.53,False,False
1991-06-29,63.33,False,False
1991-06-30,68.88,False,False
1991-07-01,77.27,False,False
1991-07-02,78.12,False,False
1991-07-03,188.5,False,False
1991-07-04,658.3,False,False
1991-07-05,367.0,False,False
1991-07-06,262.6,False,False
1991-07-07,212.3,False,False
1991-07-08,168.5,False,False
1991-07-09,366.0,False,False
1991-07-10,543.0,False,False
1991-07-11,487.6,False,False
1991-07-12,532.5,False,False
1991-07-13,804.4,False,False
1991-07-14,768.0,False,False
1991-07-15,586.1,False,False
1991-07-16,500.7,False,False
1991-07-17,396.5,False,False
1991-07-18,361.4,False,False
1991-07-19,401.8,False,False
1991-07-20,356.5,False,False
1991-07-21,337.4,False,False
1991-07-22,264.2,False,False
1991-07-23,275.2,False,False
1991-07-24,290.2,False,False
1991-07-25,279.3,False,False
1991-07-26,289.9,False,False
1991-07-27,278.7,False,False
1991-07-28,544.0,False,False
1991-07-29,4780.0,False,False
1991-07-30,6688.0,False,False
1991-07-31,3376.0,False,False
1991-08-01,2816.0,False,False
1991-08-02,1926.0,False,False
1991-08-03,1957.0,False,False
1991-08-04,1056.0,False,False
1991-08-05,753.7,False,False
1991-08-06,581.4,False,False
1991-08-07,757.2,False,False
1991-08-08,486.8,False,False
1991-08-09,534.7,False,False
1991-08-10,432.4,False,False
1991-08-11,464.6,False,False
1991-08-12,396.3,False,False
1991-08-13,312.7,False,False
1991-08-14,367.8,False,False
1991-08-15,603.7,False,False
1991-08-16,1423.0,False,False
1991-08-17,1596.0,False,False
1991-08-18,1259.0,False,False
1991-08-19,1664.0,False,False
1991-08-20,1752.0,False,False
1991-08-21,1371.0,False,False
1991-08-22,704.2,False,False
1991-08-23,405.5,False,False
1991-08-24,589.5,False,False
1991-08-25,884.5,False,False
1991-08-26,677.2,False,False
1991-08-27,440.0,False,False
1991-08-28,403.9,False,False
1991-08-29,548.1,False,False
1991-08-30,378.4,False,False
1991-08-31,302.1,False,False
1991-09-01,244.6,False,False
1991-09-02,216.8,False,False
1991-09-03,217.3,False,False
1991-09-04,216.6,False,False
1991-09-05,331.6,False,False
1991-09-06,301.2,False,False
1991-09-07,248.8,False,False
1991-09-08,206.0,False,False
1991-09-09,197.8,False,False
1991-09-10,193.5,False,False
1991-09-11,192.6,False,False
1991-09-12,217.8,False,False
1991-09-13,441.1,False,False
1991-09-14,897.3,False,False
1991-09-15,1167.0,False,False
1991-09-16,816.4,False,False
1991-09-17,589.8,False,False
1991-09-18,394.0,False,False
1991-09-19,312.5,False,False
1991-09-20,271.3,False,False
1991-09-21,249.7,False,False
1991-09-22,247.1,False,False
1991-09-23,252.2,False,False
1991-09-24,254.4,False,False
1991-09-25,251.7,False,False
1991-09-26,228.7,False,False
1991-09-27,204.3,False,False
1991-09-28,224.9,False,False
1991-09-29,300.6,False,False
1991-09-30,332.7,False,False
1991-10-01,261.5,False,False
1991-10-02,249.8,False,False
1991-10-03,291.5,False,False
1991-10-04,302.5,False,False
1991-10-05,317.5,False,False
1991-10-06,598.2,False,False
1991-10-07,436.5,False,False
1991-10-08,448.4,False,False
1991-10-09,372.4,False,False
1991-10-10,544.3,False,False
1991-10-11,566.9,False,False
1991-10-12,460.5,False,False
1991-10-13,374.0,False,False
1991-10-14,324.3,False,False
1991-10-15,302.4,False,False
1991-10-16,280.1,False,False
1991-10-17,252.9,False,False
1991-10-18,260.3,False,False
1991-10-19,271.9,False,False
1991-10-20,261.1,False,False
1991-10-21,240.8,False,False
1991-10-22,238.5,False,False
1991-10-23,235.7,False,False
1991-10-24,231.5,False,False
1991-10-25,226.9,False,False
1991-10-26,226.9,False,False
1991-10-27,226.5,False,False
1991-10-28,232.4,False,False
1991-10-29,395.4,False,False
1991-10-30,1904.0,False,False
1991-10-31,2150.0,False,False
1991-11-01,1052.0,False,False
1991-11-02,674.6,False,False
1991-11-03,506.2,False,False
1991-11-04,458.5,False,False
1991-11-05,557.9,False,False
1991-11-06,585.2,False,False
1991-11-07,457.2,False,False
1991-11-08,427.8,False,False
1991-11-09,373.7,False,False
1991-11-10,368.3,False,False
1991-11-11,390.5,False,False
1991-11-12,360.5,False,False
1991-11-13,325.5,False,False
1991-11-14,291.9,False,False
1991-11-15,289.8,False,False
1991-11-16,593.9,False,False
1991-11-17,824.7,False,False
1991-11-18,794.3,False,False
1991-11-19,558.2,False,False
1991-11-20,438.3,False,False
1991-11-21,406.5,False,False
1991-11-22,376.1,False,False
1991-11-23,363.3,False,False
1991-11-24,346.3,False,False
1991-11-25,347.8,False,False
1991-11-26,358.6,False,False
1991-11-27,320.0,False,False
1991-11-28,303.2,False,False
1991-11-29,291.1,False,False
1991-11-30,286.2,False,False
1991-12-01,290.1,False,False
1991-12-02,279.8,False,False
1991-12-03,261.0,False,False
1991-12-04,259.1,False,False
1991-12-05,249.4,False,False
1991-12-06,248.7,False,False
1991-12-07,241.2,False,False
1991-12-08,237.4,False,False
1991-12-09,238.7,False,False
1991-12-10,232.5,False,False
1991-12-11,233.1,False,False
1991-12-12,236.8,False,False
1991-12-13,248.1,False,False
1991-12-14,248.1,False,False
1991-12-15,238.1,False,False
1991-12-16,231.9,False,False
1991-12-17,228.9,False,False
1991-12-18,218.1,False,False
1991-12-19,219.9,False,False
1991-12-20,206.5,False,False
1991-12-21,208.2,False,False
1991-12-22,194.2,False,False
1991-12-23,173.0,False,False
1991-12-24,166.4,False,False
1991-12-25,160.0,False,False
1991-12-26,162.0,False,False
1991-12-27,169.4,False,False
1991-12-28,169.4,False,False
1991-12-29,173.0,False,False
1991-12-30,168.9,False,False
1991-12-31,164.9,False,False
1992-01-01,160.5,False,False
1992-01-02,150.9,False,False
1992-01-03,140.4,False,False
1992-01-04,137.8,False,False
1992-01-05,140.9,False,False
1992-01-06,129.5,False,False
1992-01-07,126.2,False,False
1992-01-08,120.8,False,False
1992-01-09,122.9,False,False
1992-01-10,115.6,False,False
1992-01-11,105.7,False,False
1992-01-12,108.7,False,False
1992-01-13,101.1,False,False
1992-01-14,94.76,False,False
1992-01-15,80.68,False,False
1992-01-16,78.6,False,False
1992-01-17,81.89,False,False
1992-01-18,85.6,False,False
1992-01-19,85.28,False,False
1992-01-20,83.12,False,False
1992-01-21,83.42,False,False
1992-01-22,79.79,False,False
1992-01-23,78.6,False,False
1992-01-24,72.64,False,False
1992-01-25,70.48,False,False
1992-01-26,84.97,False,False
1992-01-27,80.38,False,False
1992-01-28,77.43,False,False
1992-01-29,78.31,False,False
1992-01-30,76.28,False,False
1992-01-31,72.92,False,False
1992-02-01,70.73,False,False
1992-02-02,68.1,False,False
1992-02-03,66.3,False,False
1992-02-04,67.84,False,False
1992-02-05,67.08,False,False
1992-02-06,61.05,False,False
1992-02-07,56.47,False,False
1992-02-08,56.26,False,False
1992-02-09,53.14,False,False
1992-02-10,49.3,False,False
1992-02-11,52.55,False,False
1992-02-12,53.55,False,False
1992-02-13,53.14,False,False
1992-02-14,54.36,False,False
1992-02-15,54.16,False,False
1992-02-16,56.07,False,False
1992-02-17,57.12,False,False
1992-02-18,59.37,False,False
1992-02-19,65.8,False,False
1992-02-20,60.26,False,False
1992-02-21,56.69,False,False
1992-02-22,54.16,False,False
1992-02-23,53.34,False,False
1992-02-24,50.1,False,False
1992-02-25,53.75,False,False
1992-02-26,51.19,False,False
1992-02-27,49.86,False,False
1992-02-28,47.86,False,False
1992-02-29,45.39,False,False
1992-03-01,42.54,False,False
1992-03-02,40.43,False,False
1992-03-03,41.39,False,False
1992-03-04,41.53,False,False
1992-03-05,40.7,False,False
1992-03-06,39.92,False,False
1992-03-07,40.57,False,False
1992-03-08,39.65,False,False
1992-03-09,42.69,False,False
1992-03-10,42.39,False,False
1992-03-11,45.0,False,False
1992-03-12,48.4,False,False
1992-03-13,51.38,False,False
1992-03-14,53.77,False,False
1992-03-15,51.76,False,False
1992-03-16,48.66,False,False
1992-03-17,48.23,False,False
1992-03-18,46.32,False,False
1992-03-19,46.15,False,False
1992-03-20,47.69,False,False
1992-03-21,53.36,False,False
1992-03-22,48.94,False,False
1992-03-23,44.7,False,False
1992-03-24,47.51,False,False
1992-03-25,47.87,False,False
1992-03-26,46.65,False,False
1992-03-27,45.99,False,False
1992-03-28,45.49,False,False
1992-03-29,43.59,False,False
1992-03-30,46.99,False,False
1992-03-31,44.68,False,False
1992-04-01,45.0,False,False
1992-04-02,47.51,False,False
1992-04-03,48.58,False,False
1992-04-04,49.85,False,False
1992-04-05,48.58,False,False
1992-04-06,51.22,False,False
1992-04-07,56.91,False,False
1992-04-08,58.9,False,False
1992-04-09,56.26,False,False
1992-04-10,56.26,False,False
1992-04-11,61.43,False,False
1992-04-12,56.47,False,False
1992-04-13,56.69,False,False
1992-04-14,49.13,False,False
1992-04-15,45.18,False,False
1992-04-16,45.32,False,False
1992-04-17,44.53,False,False
1992-04-18,43.9,False,False
1992-04-19,43.9,False,False
1992-04-20,46.32,False,False
1992-04-21,45.0,False,False
1992-04-22,42.24,False,False
1992-04-23,40.17,False,False
1992-04-24,41.26,False,False
1992-04-25,52.01,False,False
1992-04-26,46.22,False,False
1992-04-27,44.84,False,False
1992-04-28,57.82,False,False
1992-04-29,72.09,False,False
1992-04-30,64.93,False,False
1992-05-01,54.78,False,False
1992-05-02,48.94,False,False
1992-05-03,49.31,False,False
1992-05-04,43.76,False,False
1992-05-05,49.5,False,False
1992-05-06,48.43,False,False
1992-05-07,48.23,False,False
1992-05-08,48.94,False,False
1992-05-09,52.74,False,False
1992-05-10,53.95,False,False
1992-05-11,53.63,False,False
1992-05-12,54.99,False,False
1992-05-13,67.07,False,False
1992-05-14,62.14,False,False
1992-05-15,57.57,False,False
1992-05-16,58.03,False,False
1992-05-17,56.26,False,False
1992-05-18,64.32,False,False
1992-05-19,58.46,False,False
1992-05-20,49.71,False,False
1992-05-21,55.21,False,False
1992-05-22,54.37,False,False
1992-05-23,47.89,False,False
1992-05-24,43.28,False,False
1992-05-25,42.16,False,False
1992-05-26,43.21,False,False
1992-05-27,45.84,False,False
1992-05-28,62.46,False,False
1992-05-29,47.87,False,False
1992-05-30,93.89,False,False
1992-05-31,90.74,False,False
1992-06-01,71.78,False,False
1992-06-02,65.26,False,False
1992-06-03,74.01,False,False
1992-06-04,64.41,False,False
1992-06-05,78.96,False,False
1992-06-06,90.44,False,False
1992-06-07,112.0,False,False
1992-06-08,135.5,False,False
1992-06-09,131.3,False,False
1992-06-10,125.0,False,False
1992-06-11,109.5,False,False
1992-06-12,99.53,False,False
1992-06-13,87.89,False,False
1992-06-14,80.99,False,False
1992-06-15,76.03,False,False
1992-06-16,71.32,False,False
1992-06-17,66.19,False,False
1992-06-18,62.34,False,False
1992-06-19,58.84,False,False
1992-06-20,57.42,False,False
1992-06-21,57.47,False,False
1992-06-22,56.56,False,False
1992-06-23,56.01,False,False
1992-06-24,1014.0,False,False
1992-06-25,1284.0,False,False
1992-06-26,522.3,False,False
1992-06-27,268.7,False,False
1992-06-28,136.9,False,False
1992-06-29,150.1,False,False
1992-06-30,206.8,False,False
1992-07-01,305.3,False,False
1992-07-02,465.2,False,False
1992-07-03,447.3,False,False
1992-07-04,376.1,False,False
1992-07-05,309.5,False,False
1992-07-06,248.6,False,False
1992-07-07,301.4,False,False
1992-07-08,459.6,False,False
1992-07-09,487.2,False,False
1992-07-10,342.3,False,False
1992-07-11,279.5,False,False
1992-07-12,239.6,False,False
1992-07-13,209.7,False,False
1992-07-14,175.5,False,False
1992-07-15,171.6,False,False
1992-07-16,146.8,False,False
1992-07-17,114.4,False,False
1992-07-18,104.6,False,False
1992-07-19,349.0,False,False
1992-07-20,549.0,False,False
1992-07-21,439.9,False,False
1992-07-22,567.0,False,False
1992-07-23,531.4,False,False
1992-07-24,475.1,False,False
1992-07-25,391.0,False,False
1992-07-26,394.1,False,False
1992-07-27,456.8,False,False
1992-07-28,1640.0,False,False
1992-07-29,3163.0,False,False
1992-07-30,3279.0,False,False
1992-07-31,2732.0,False,False
1992-08-01,1637.0,False,False
1992-08-02,1083.0,False,False
1992-08-03,934.7,False,False
1992-08-04,772.7,False,False
1992-08-05,586.4,False,False
1992-08-06,551.0,False,False
1992-08-07,569.5,False,False
1992-08-08,559.7,False,False
1992-08-09,504.8,False,False
1992-08-10,414.7,False,False
1992-08-11,361.7,False,False
1992-08-12,840.9,False,False
1992-08-13,1393.0,False,False
1992-08-14,942.9,False,False
1992-08-15,1102.0,False,False
1992-08-16,2161.0,False,False
1992-08-17,2250.0,False,False
1992-08-18,1505.0,False,False
1992-08-19,1870.0,False,False
1992-08-20,2371.0,False,False
1992-08-21,2310.0,False,False
1992-08-22,2155.0,False,False
1992-08-23,1154.0,False,False
1992-08-24,664.5,False,False
1992-08-25,777.9,False,False
1992-08-26,614.9,False,False
1992-08-27,375.6,False,False
1992-08-28,401.5,False,False
1992-08-29,499.5,False,False
1992-08-30,483.3,False,False
1992-08-31,663.9,False,False
1992-09-01,840.0,False,False
1992-09-02,825.7,False,False
1992-09-03,658.3,False,False
1992-09-04,581.4,False,False
1992-09-05,703.3,False,False
1992-09-06,712.8,False,False
1992-09-07,547.0,False,False
1992-09-08,630.0,False,False
1992-09-09,678.6,False,False
1992-09-10,910.8,False,False
1992-09-11,867.7,False,False
1992-09-12,529.2,False,False
1992-09-13,391.2,False,False
1992-09-14,452.3,False,False
1992-09-15,287.5,False,False
1992-09-16,212.7,False,False
1992-09-17,252.9,False,False
1992-09-18,388.1,False,False
1992-09-19,550.5,False,False
1992-09-20,480.4,False,False
1992-09-21,441.1,False,False
1992-09-22,687.0,False,False
1992-09-23,841.7,False,False
1992-09-24,526.6,False,False
1992-09-25,366.7,False,False
1992-09-26,398.4,False,False
1992-09-27,381.3,False,False
1992-09-28,417.2,False,False
1992-09-29,521.1,False,False
1992-09-30,1316.0,False,False
1992-10-01,1567.0,False,False
1992-10-02,828.1,False,False
1992-10-03,475.7,False,False
1992-10-04,607.7,False,False
1992-10-05,536.0,False,False
1992-10-06,853.8,False,False
1992-10-07,1371.0,False,False
1992-10-08,1296.0,False,False
1992-10-09,616.5,False,False
1992-10-10,641.9,False,False
1992-10-11,617.7,False,False
1992-10-12,422.7,False,False
1992-10-13,400.6,False,False
1992-10-14,306.3,False,False
1992-10-15,321.5,False,False
1992-10-16,301.9,False,False
1992-10-17,349.5,False,False
1992-10-18,389.1,False,False
1992-10-19,420.3,False,False
1992-10-20,477.1,False,False
1992-10-21,391.7,False,False
1992-10-22,292.5,False,False
1992-10-23,253.4,False,False
1992-10-24,229.6,False,False
1992-10-25,222.9,False,False
1992-10-26,245.0,False,False
1992-10-27,251.2,False,False
1992-10-28,270.1,False,False
1992-10-29,243.2,False,False
1992-10-30,221.9,False,False
1992-10-31,207.3,False,False
1992-11-01,202.3,False,False
1992-11-02,205.5,False,False
1992-11-03,219.6,False,False
1992-11-04,235.4,False,False
1992-11-05,225.6,False,False
1992-11-06,218.6,False,False
1992-11-07,217.4,False,False
1992-11-08,219.2,False,False
1992-11-09,270.3,False,False
1992-11-10,301.0,False,False
1992-11-11,320.5,False,False
1992-11-12,283.2,False,False
1992-11-13,239.8,False,False
1992-11-14,232.9,False,False
1992-11-15,253.1,False,False
1992-11-16,304.8,False,False
1992-11-17,318.3,False,False
1992-11-18,345.8,False,False
1992-11-19,452.3,False,False
1992-11-20,812.2,False,False
1992-11-21,498.3,False,False
1992-11-22,388.8,False,False
1992-11-23,811.9,False,False
1992-11-24,920.5,False,False
1992-11-25,498.8,False,False
1992-11-26,322.6,False,False
1992-11-27,253.0,False,False
1992-11-28,231.3,False,False
1992-11-29,226.0,False,False
1992-11-30,222.0,False,False
1992-12-01,220.4,False,False
1992-12-02,211.5,False,False
1992-12-03,196.2,False,False
1992-12-04,192.5,False,False
1992-12-05,196.7,False,False
1992-12-06,207.4,False,False
1992-12-07,211.4,False,False
1992-12-08,207.3,False,False
1992-12-09,200.6,False,False
1992-12-10,196.2,False,False
1992-12-11,185.7,False,False
1992-12-12,181.7,False,False
1992-12-13,194.0,False,False
1992-12-14,195.7,False,False
1992-12-15,179.8,False,False
1992-12-16,171.7,False,False
1992-12-17,165.8,False,False
1992-12-18,159.6,False,False
1992-12-19,154.2,False,False
1992-12-20,151.4,False,False
1992-12-21,149.0,False,False
1992-12-22,145.8,False,False
1992-12-23,145.8,False,False
1992-12-24,131.2,False,False
1992-12-25,130.8,False,False
1992-12-26,126.7,False,False
1992-12-27,123.7,False,False
1992-12-28,126.7,False,False
1992-12-29,131.2,False,False
1992-12-30,126.0,False,False
1992-12-31,120.8,False,False
1993-01-01,118.2,False,False
1993-01-02,126.2,False,False
1993-01-03,132.6,False,False
1993-01-04,125.1,False,False
1993-01-05,126.4,False,False
1993-01-06,118.8,False,False
1993-01-07,115.1,False,False
1993-01-08,108.6,False,False
1993-01-09,107.4,False,False
1993-01-10,107.1,False,False
1993-01-11,98.9,False,False
1993-01-12,99.48,False,False
1993-01-13,98.04,False,False
1993-01-14,79.63,False,False
1993-01-15,75.39,False,False
1993-01-16,78.51,False,False
1993-01-17,80.2,False,False
1993-01-18,85.83,False,False
1993-01-19,83.58,False,False
1993-01-20,82.17,False,False
1993-01-21,82.17,False,False
1993-01-22,81.61,False,False
1993-01-23,81.05,False,False
1993-01-24,82.74,False,False
1993-01-25,79.92,False,False
1993-01-26,79.07,False,False
1993-01-27,78.23,False,False
1993-01-28,74.54,False,False
1993-01-29,76.47,False,False
1993-01-30,74.25,False,False
1993-01-31,69.66,False,False
1993-02-01,65.59,False,False
1993-02-02,61.15,False,False
1993-02-03,62.05,False,False
1993-02-04,61.45,False,False
1993-02-05,63.23,False,False
1993-02-06,63.53,False,False
1993-02-07,58.43,False,False
1993-02-08,56.6,False,False
1993-02-09,57.52,False,False
1993-02-10,55.68,False,False
1993-02-11,55.37,False,False
1993-02-12,56.91,False,False
1993-02-13,56.6,False,False
1993-02-14,58.44,False,False
1993-02-15,52.87,False,False
1993-02-16,56.3,False,False
1993-02-17,52.57,False,False
1993-02-18,50.03,False,False
1993-02-19,54.44,False,False
1993-02-20,49.07,False,False
1993-02-21,45.82,False,False
1993-02-22,42.84,False,False
1993-02-23,45.16,False,False
1993-02-24,49.7,False,False
1993-02-25,51.62,False,False
1993-02-26,50.99,False,False
1993-02-27,51.62,False,False
1993-02-28,57.52,False,False
1993-03-01,61.75,False,False
1993-03-02,67.06,False,False
1993-03-03,72.83,False,False
1993-03-04,69.09,False,False
1993-03-05,69.09,False,False
1993-03-06,64.71,False,False
1993-03-07,56.29,False,False
1993-03-08,52.25,False,False
1993-03-09,49.38,False,False
1993-03-10,46.15,False,False
1993-03-11,45.49,False,False
1993-03-12,44.5,False,False
1993-03-13,43.84,False,False
1993-03-14,44.17,False,False
1993-03-15,41.15,False,False
1993-03-16,44.17,False,False
1993-03-17,46.15,False,False
1993-03-18,46.14,False,False
1993-03-19,47.13,False,False
1993-03-20,43.17,False,False
1993-03-21,45.49,False,False
1993-03-22,49.71,False,False
1993-03-23,54.13,False,False
1993-03-24,56.3,False,False
1993-03-25,57.52,False,False
1993-03-26,58.74,False,False
1993-03-27,83.02,False,False
1993-03-28,75.11,False,False
1993-03-29,77.38,False,False
1993-03-30,78.79,False,False
1993-03-31,68.8,False,False
1993-04-01,71.1,False,False
1993-04-02,65.01,False,False
1993-04-03,62.05,False,False
1993-04-04,66.76,False,False
1993-04-05,63.24,False,False
1993-04-06,63.24,False,False
1993-04-07,58.13,False,False
1993-04-08,56.3,False,False
1993-04-09,57.83,False,False
1993-04-10,54.75,False,False
1993-04-11,53.19,False,False
1993-04-12,52.56,False,False
1993-04-13,58.44,False,False
1993-04-14,59.64,False,False
1993-04-15,58.13,False,False
1993-04-16,64.12,False,False
1993-04-17,69.09,False,False
1993-04-18,65.58,False,False
1993-04-19,68.8,False,False
1993-04-20,71.11,False,False
1993-04-21,76.52,False,False
1993-04-22,82.45,False,False
1993-04-23,83.3,False,False
1993-04-24,70.24,False,False
1993-04-25,67.64,False,False
1993-04-26,65.89,False,False
1993-04-27,58.43,False,False
1993-04-28,68.22,False,False
1993-04-29,75.11,False,False
1993-04-30,75.96,False,False
1993-05-01,88.09,False,False
1993-05-02,91.76,False,False
1993-05-03,79.35,False,False
1993-05-04,69.66,False,False
1993-05-05,62.94,False,False
1993-05-06,57.15,False,False
1993-05-07,54.75,False,False
1993-05-08,56.6,False,False
1993-05-09,54.13,False,False
1993-05-10,63.22,False,False
1993-05-11,85.56,False,False
1993-05-12,103.0,False,False
1993-05-13,86.11,False,False
1993-05-14,79.36,False,False
1993-05-15,70.24,False,False
1993-05-16,69.67,False,False
1993-05-17,69.09,False,False
1993-05-18,83.58,False,False
1993-05-19,183.7,False,False
1993-05-20,96.32,False,False
1993-05-21,81.33,False,False
1993-05-22,88.37,False,False
1993-05-23,102.7,False,False
1993-05-24,114.4,False,False
1993-05-25,105.3,False,False
1993-05-26,93.18,False,False
1993-05-27,128.3,False,False
1993-05-28,112.6,False,False
1993-05-29,102.7,False,False
1993-05-30,87.8,False,False
1993-05-31,79.35,False,False
1993-06-01,74.1,False,False
1993-06-02,70.83,False,False
1993-06-03,71.1,False,False
1993-06-04,112.4,False,False
1993-06-05,108.9,False,False
1993-06-06,129.3,False,False
1993-06-07,180.1,False,False
1993-06-08,196.1,False,False
1993-06-09,132.6,False,False
1993-06-10,99.22,False,False
1993-06-11,82.09,False,False
1993-06-12,73.69,False,False
1993-06-13,69.12,False,False
1993-06-14,65.5,False,False
1993-06-15,68.05,False,False
1993-06-16,69.94,False,False
1993-06-17,68.11,False,False
1993-06-18,64.56,False,False
1993-06-19,61.07,False,False
1993-06-20,58.74,False,False
1993-06-21,55.67,False,False
1993-06-22,52.32,False,False
1993-06-23,50.85,False,False
1993-06-24,50.9,False,False
1993-06-25,56.63,False,False
1993-06-26,65.5,False,False
1993-06-27,57.21,False,False
1993-06-28,54.82,False,False
1993-06-29,102.6,False,False
1993-06-30,128.6,False,False
1993-07-01,133.2,False,False
1993-07-02,132.4,False,False
1993-07-03,135.6,False,False
1993-07-04,116.2,False,False
1993-07-05,93.21,False,False
1993-07-06,215.3,False,False
1993-07-07,385.4,False,False
1993-07-08,296.6,False,False
1993-07-09,146.2,False,False
1993-07-10,88.81,False,False
1993-07-11,145.9,False,False
1993-07-12,143.4,False,False
1993-07-13,312.1,False,False
1993-07-14,367.1,False,False
1993-07-15,347.4,False,False
1993-07-16,256.1,False,False
1993-07-17,270.6,False,False
1993-07-18,537.6,False,False
1993-07-19,588.6,False,False
1993-07-20,463.9,False,False
1993-07-21,447.4,False,False
1993-07-22,417.6,False,False
1993-07-23,300.3,False,False
1993-07-24,236.4,False,False
1993-07-25,214.9,False,False
1993-07-26,153.0,False,False
1993-07-27,144.1,False,False
1993-07-28,287.5,False,False
1993-07-29,385.4,False,False
1993-07-30,504.5,False,False
1993-07-31,446.3,False,False
1993-08-01,381.4,False,False
1993-08-02,468.8,False,False
1993-08-03,789.2,False,False
1993-08-04,782.2,False,False
1993-08-05,792.9,False,False
1993-08-06,806.6,False,False
1993-08-07,811.0,False,False
1993-08-08,699.6,False,False
1993-08-09,392.2,False,False
1993-08-10,206.8,False,False
1993-08-11,167.1,False,False
1993-08-12,188.0,False,False
1993-08-13,196.7,False,False
1993-08-14,179.1,False,False
1993-08-15,209.8,False,False
1993-08-16,607.7,False,False
1993-08-17,1201.0,False,False
1993-08-18,1314.0,False,False
1993-08-19,1134.0,False,False
1993-08-20,893.9,False,False
1993-08-21,600.3,False,False
1993-08-22,344.0,False,False
1993-08-23,461.0,False,False
1993-08-24,489.5,False,False
1993-08-25,318.6,False,False
1993-08-26,356.6,False,False
1993-08-27,592.0,False,False
1993-08-28,897.2,False,False
1993-08-29,999.7,False,False
1993-08-30,799.2,False,False
1993-08-31,730.5,False,False
1993-09-01,624.1,False,False
1993-09-02,736.6,False,False
1993-09-03,559.7,False,False
1993-09-04,412.4,False,False
1993-09-05,377.9,False,False
1993-09-06,419.9,False,False
1993-09-07,397.3,False,False
1993-09-08,343.0,False,False
1993-09-09,266.4,False,False
1993-09-10,230.2,False,False
1993-09-11,209.9,False,False
1993-09-12,190.5,False,False
1993-09-13,178.2,False,False
1993-09-14,182.2,False,False
1993-09-15,177.9,False,False
1993-09-16,175.8,False,False
1993-09-17,170.9,False,False
1993-09-18,169.4,False,False
1993-09-19,166.9,False,False
1993-09-20,170.8,False,False
1993-09-21,202.6,False,False
1993-09-22,231.8,False,False
1993-09-23,195.5,False,False
1993-09-24,174.8,False,False
1993-09-25,167.7,False,False
1993-09-26,163.7,False,False
1993-09-27,162.3,False,False
1993-09-28,163.2,False,False
1993-09-29,164.4,False,False
1993-09-30,159.7,False,False
1993-10-01,178.8,False,False
1993-10-02,203.6,False,False
1993-10-03,236.4,False,False
1993-10-04,311.5,False,False
1993-10-05,553.5,False,False
1993-10-06,452.4,False,False
1993-10-07,311.1,False,False
1993-10-08,586.3,False,False
1993-10-09,973.0,False,False
1993-10-10,730.9,False,False
1993-10-11,521.0,False,False
1993-10-12,419.9,False,False
1993-10-13,473.1,False,False
1993-10-14,640.3,False,False
1993-10-15,633.8,False,False
1993-10-16,554.6,False,False
1993-10-17,532.7,False,False
1993-10-18,417.7,False,False
1993-10-19,390.8,False,False
1993-10-20,350.7,False,False
1993-10-21,308.3,False,False
1993-10-22,395.2,False,False
1993-10-23,735.2,False,False
1993-10-24,759.5,False,False
1993-10-25,591.9,False,False
1993-10-26,433.6,False,False
1993-10-27,316.6,False,False
1993-10-28,266.8,False,False
1993-10-29,239.9,False,False
1993-10-30,235.5,False,False
1993-10-31,243.7,False,False
1993-11-01,313.3,False,False
1993-11-02,329.8,False,False
1993-11-03,320.3,False,False
1993-11-04,290.8,False,False
1993-11-05,280.7,False,False
1993-11-06,261.0,False,False
1993-11-07,244.0,False,False
1993-11-08,234.7,False,False
1993-11-09,230.2,False,False
1993-11-10,252.4,False,False
1993-11-11,299.3,False,False
1993-11-12,320.2,False,False
1993-11-13,294.2,False,False
1993-11-14,276.3,False,False
1993-11-15,250.6,False,False
1993-11-16,226.5,False,False
1993-11-17,216.1,False,False
1993-11-18,224.2,False,False
1993-11-19,212.1,False,False
1993-11-20,201.7,False,False
1993-11-21,198.6,False,False
1993-11-22,192.0,False,False
1993-11-23,182.2,False,False
1993-11-24,175.4,False,False
1993-11-25,169.4,False,False
1993-11-26,179.8,False,False
1993-11-27,185.3,False,False
1993-11-28,182.6,False,False
1993-11-29,175.7,False,False
1993-11-30,172.5,False,False
1993-12-01,170.9,False,False
1993-12-02,171.4,False,False
1993-12-03,197.4,False,False
1993-12-04,198.9,False,False
1993-12-05,287.5,False,False
1993-12-06,385.5,False,False
1993-12-07,338.2,False,False
1993-12-08,278.8,False,False
1993-12-09,230.9,False,False
1993-12-10,209.5,False,False
1993-12-11,199.4,False,False
1993-12-12,192.4,False,False
1993-12-13,179.8,False,False
1993-12-14,167.6,False,False
1993-12-15,153.2,False,False
1993-12-16,150.5,False,False
1993-12-17,145.3,False,False
1993-12-18,141.8,False,False
1993-12-19,132.6,False,False
1993-12-20,128.9,False,False
1993-12-21,126.0,False,False
1993-12-22,125.6,False,False
1993-12-23,128.9,False,False
1993-12-24,133.0,False,False
1993-12-25,130.9,False,False
1993-12-26,123.6,False,False
1993-12-27,119.2,False,False
1993-12-28,116.8,False,False
1993-12-29,113.7,False,False
1993-12-30,114.5,False,False
1993-12-31,113.7,False,False
1994-01-01,108.8,False,False
1994-01-02,103.5,False,False
1994-01-03,114.5,False,False
1994-01-04,113.7,False,False
1994-01-05,103.5,False,False
1994-01-06,98.43,False,False
1994-01-07,95.57,False,False
1994-01-08,91.34,False,False
1994-01-09,85.52,False,False
1994-01-10,80.19,False,False
1994-01-11,77.59,False,False
1994-01-12,74.72,False,False
1994-01-13,68.52,False,False
1994-01-14,60.84,False,False
1994-01-15,56.88,False,False
1994-01-16,60.26,False,False
1994-01-17,61.99,False,False
1994-01-18,69.73,False,False
1994-01-19,128.1,False,False
1994-01-20,220.5,False,False
1994-01-21,178.9,False,False
1994-01-22,140.2,False,False
1994-01-23,121.2,False,False
1994-01-24,109.2,False,False
1994-01-25,104.3,False,False
1994-01-26,106.5,False,False
1994-01-27,101.3,False,False
1994-01-28,94.88,False,False
1994-01-29,82.53,False,False
1994-01-30,75.35,False,False
1994-01-31,72.52,False,False
1994-02-01,67.32,False,False
1994-02-02,66.1,False,False
1994-02-03,61.7,False,False
1994-02-04,62.56,False,False
1994-02-05,60.26,False,False
1994-02-06,54.95,False,False
1994-02-07,53.05,False,False
1994-02-08,58.56,False,False
1994-02-09,63.15,False,False
1994-02-10,66.4,False,False
1994-02-11,67.3,False,False
1994-02-12,64.91,False,False
1994-02-13,67.3,False,False
1994-02-14,67.3,False,False
1994-02-15,67.6,False,False
1994-02-16,64.32,False,False
1994-02-17,61.98,False,False
1994-02-18,61.41,False,False
1994-02-19,59.41,False,False
1994-02-20,57.43,False,False
1994-02-21,56.6,False,False
1994-02-22,57.43,False,False
1994-02-23,56.6,False,False
1994-02-24,55.22,False,False
1994-02-25,56.61,False,False
1994-02-26,56.05,False,False
1994-02-27,58.27,False,False
1994-02-28,50.67,False,False
1994-03-01,46.29,False,False
1994-03-02,50.4,False,False
1994-03-03,53.32,False,False
1994-03-04,61.41,False,False
1994-03-05,58.56,False,False
1994-03-06,58.29,False,False
1994-03-07,53.32,False,False
1994-03-08,51.98,False,False
1994-03-09,50.92,False,False
1994-03-10,49.35,False,False
1994-03-11,47.82,False,False
1994-03-12,46.29,False,False
1994-03-13,46.29,False,False
1994-03-14,44.3,False,False
1994-03-15,44.8,False,False
1994-03-16,44.05,False,False
1994-03-17,44.79,False,False
1994-03-18,44.79,False,False
1994-03-19,43.32,False,False
1994-03-20,43.32,False,False
1994-03-21,41.19,False,False
1994-03-22,37.67,False,False
1994-03-23,38.12,False,False
1994-03-24,39.04,False,False
1994-03-25,39.28,False,False
1994-03-26,40.45,False,False
1994-03-27,39.04,False,False
1994-03-28,43.56,False,False
1994-03-29,54.75,False,False
1994-03-30,63.15,False,False
1994-03-31,52.52,False,False
1994-04-01,41.58,False,False
1994-04-02,49.44,False,False
1994-04-03,53.87,False,False
1994-04-04,52.25,False,False
1994-04-05,52.78,False,False
1994-04-06,50.92,False,False
1994-04-07,48.32,False,False
1994-04-08,47.81,False,False
1994-04-09,45.82,False,False
1994-04-10,46.29,False,False
1994-04-11,81.98,False,False
1994-04-12,70.31,False,False
1994-04-13,132.6,False,False
1994-04-14,99.54,False,False
1994-04-15,84.6,False,False
1994-04-16,75.35,False,False
1994-04-17,65.51,False,False
1994-04-18,64.91,False,False
1994-04-19,85.72,False,False
1994-04-20,99.88,False,False
1994-04-21,88.6,False,False
1994-04-22,70.68,False,False
1994-04-23,62.0,False,False
1994-04-24,60.27,False,False
1994-04-25,53.59,False,False
1994-04-26,52.51,False,False
1994-04-27,49.1,False,False
1994-04-28,50.95,False,False
1994-04-29,56.05,False,False
1994-04-30,53.88,False,False
1994-05-01,51.45,False,False
1994-05-02,49.84,False,False
1994-05-03,49.61,False,False
1994-05-04,55.51,False,False
1994-05-05,58.27,False,False
1994-05-06,56.89,False,False
1994-05-07,62.59,False,False
1994-05-08,71.89,False,False
1994-05-09,71.89,False,False
1994-05-10,84.53,False,False
1994-05-11,96.99,False,False
1994-05-12,86.54,False,False
1994-05-13,81.17,False,False
1994-05-14,82.83,False,False
1994-05-15,80.2,False,False
1994-05-16,87.93,False,False
1994-05-17,99.54,False,False
1994-05-18,111.1,False,False
1994-05-19,87.56,False,False
1994-05-20,92.05,False,False
1994-05-21,78.9,False,False
1994-05-22,95.89,False,False
1994-05-23,139.8,False,False
1994-05-24,139.9,False,False
1994-05-25,157.7,False,False
1994-05-26,110.7,False,False
1994-05-27,88.59,False,False
1994-05-28,83.18,False,False
1994-05-29,108.1,False,False
1994-05-30,162.7,False,False
1994-05-31,137.4,False,False
1994-06-01,98.65,False,False
1994-06-02,76.96,False,False
1994-06-03,70.2,False,False
1994-06-04,66.9,False,False
1994-06-05,60.4,False,False
1994-06-06,53.91,False,False
1994-06-07,64.24,False,False
1994-06-08,59.14,False,False
1994-06-09,65.11,False,False
1994-06-10,79.55,False,False
1994-06-11,76.7,False,False
1994-06-12,69.0,False,False
1994-06-13,68.21,False,False
1994-06-14,79.44,False,False
1994-06-15,71.08,False,False
1994-06-16,65.99,False,False
1994-06-17,58.55,False,False
1994-06-18,57.6,False,False
1994-06-19,55.5,False,False
1994-06-20,199.8,False,False
1994-06-21,216.3,False,False
1994-06-22,214.9,False,False
1994-06-23,151.9,False,False
1994-06-24,121.8,False,False
1994-06-25,75.63,False,False
1994-06-26,58.0,False,False
1994-06-27,46.01,False,False
1994-06-28,44.06,False,False
1994-06-29,43.32,False,False
1994-06-30,198.4,False,False
1994-07-01,314.6,False,False
1994-07-02,902.2,False,False
1994-07-03,750.0,False,False
1994-07-04,608.5,False,False
1994-07-05,449.6,False,False
1994-07-06,275.1,False,False
1994-07-07,189.5,False,False
1994-07-08,211.3,False,False
1994-07-09,223.1,False,False
1994-07-10,136.3,False,False
1994-07-11,135.3,False,False
1994-07-12,147.3,False,False
1994-07-13,183.9,False,False
1994-07-14,1097.0,False,False
1994-07-15,1307.0,False,False
1994-07-16,1357.0,False,False
1994-07-17,5311.0,False,False
1994-07-18,4920.0,False,False
1994-07-19,2484.0,False,False
1994-07-20,1680.0,False,False
1994-07-21,1079.0,False,False
1994-07-22,933.2,False,False
1994-07-23,1628.0,False,False
1994-07-24,2159.0,False,False
1994-07-25,2046.0,False,False
1994-07-26,1565.0,False,False
1994-07-27,1225.0,False,False
1994-07-28,767.8,False,False
1994-07-29,894.7,False,False
1994-07-30,2044.0,False,False
1994-07-31,1853.0,False,False
1994-08-01,1988.0,False,False
1994-08-02,1840.0,False,False
1994-08-03,1726.0,False,False
1994-08-04,1764.0,False,False
1994-08-05,1905.0,False,False
1994-08-06,1625.0,False,False
1994-08-07,1007.0,False,False
1994-08-08,843.2,False,False
1994-08-09,536.2,False,False
1994-08-10,283.6,False,False
1994-08-11,251.5,False,False
1994-08-12,190.0,False,False
1994-08-13,162.0,False,False
1994-08-14,156.5,False,False
1994-08-15,165.7,False,False
1994-08-16,266.8,False,False
1994-08-17,226.1,False,False
1994-08-18,215.2,False,False
1994-08-19,249.9,False,False
1994-08-20,248.9,False,False
1994-08-21,222.0,False,False
1994-08-22,337.2,False,False
1994-08-23,351.0,False,False
1994-08-24,292.6,False,False
1994-08-25,285.3,False,False
1994-08-26,275.2,False,False
1994-08-27,336.0,False,False
1994-08-28,400.9,False,False
1994-08-29,377.3,False,False
1994-08-30,643.7,False,False
1994-08-31,786.4,False,False
1994-09-01,858.8,False,False
1994-09-02,1377.0,False,False
1994-09-03,1946.0,False,False
1994-09-04,1863.0,False,False
1994-09-05,1149.0,False,False
1994-09-06,910.3,False,False
1994-09-07,1060.0,False,False
1994-09-08,1083.0,False,False
1994-09-09,950.4,False,False
1994-09-10,678.0,False,False
1994-09-11,448.4,False,False
1994-09-12,396.5,False,False
1994-09-13,290.3,False,False
1994-09-14,263.4,False,False
1994-09-15,204.9,False,False
1994-09-16,201.1,False,False
1994-09-17,207.1,False,False
1994-09-18,233.0,False,False
1994-09-19,232.1,False,False
1994-09-20,207.5,False,False
1994-09-21,184.9,False,False
1994-09-22,157.9,False,False
1994-09-23,207.9,False,False
1994-09-24,151.2,False,False
1994-09-25,163.9,False,False
1994-09-26,240.2,False,False
1994-09-27,313.1,False,False
1994-09-28,329.9,False,False
1994-09-29,523.4,False,False
1994-09-30,433.3,False,False
1994-10-01,339.5,False,False
1994-10-02,655.0,False,False
1994-10-03,766.4,False,False
1994-10-04,658.5,False,False
1994-10-05,561.2,False,False
1994-10-06,497.3,False,False
1994-10-07,466.9,False,False
1994-10-08,498.1,False,False
1994-10-09,360.0,False,False
1994-10-10,252.6,False,False
1994-10-11,244.9,False,False
1994-10-12,656.7,False,False
1994-10-13,545.8,False,False
1994-10-14,727.9,False,False
1994-10-15,610.2,False,False
1994-10-16,814.0,False,False
1994-10-17,774.1,False,False
1994-10-18,763.3,False,False
1994-10-19,776.4,False,False
1994-10-20,820.3,False,False
1994-10-21,799.8,False,False
1994-10-22,620.3,False,False
1994-10-23,503.7,False,False
1994-10-24,556.0,False,False
1994-10-25,415.7,False,False
1994-10-26,497.7,False,False
1994-10-27,946.1,False,False
1994-10-28,1952.0,False,False
1994-10-29,2111.0,False,False
1994-10-30,1462.0,False,False
1994-10-31,755.3,False,False
1994-11-01,499.8,False,False
1994-11-02,481.8,False,False
1994-11-03,587.6,False,False
1994-11-04,539.2,False,False
1994-11-05,852.6,False,False
1994-11-06,1379.0,False,False
1994-11-07,962.7,False,False
1994-11-08,647.2,False,False
1994-11-09,394.3,False,False
1994-11-10,318.3,False,False
1994-11-11,317.4,False,False
1994-11-12,311.6,False,False
1994-11-13,315.3,False,False
1994-11-14,299.1,False,False
1994-11-15,294.5,False,False
1994-11-16,270.6,False,False
1994-11-17,259.5,False,False
1994-11-18,260.0,False,False
1994-11-19,249.5,False,False
1994-11-20,244.9,False,False
1994-11-21,246.2,False,False
1994-11-22,247.3,False,False
1994-11-23,268.3,False,False
1994-11-24,256.3,False,False
1994-11-25,243.6,False,False
1994-11-26,241.0,False,False
1994-11-27,225.8,False,False
1994-11-28,237.1,False,False
1994-11-29,238.5,False,False
1994-11-30,226.6,False,False
1994-12-01,225.3,False,False
1994-12-02,227.5,False,False
1994-12-03,222.5,False,False
1994-12-04,222.3,False,False
1994-12-05,216.0,False,False
1994-12-06,215.2,False,False
1994-12-07,204.0,False,False
1994-12-08,195.7,False,False
1994-12-09,200.0,False,False
1994-12-10,198.3,False,False
1994-12-11,189.0,False,False
1994-12-12,206.4,False,False
1994-12-13,197.4,False,False
1994-12-14,190.6,False,False
1994-12-15,187.2,False,False
1994-12-16,179.2,False,False
1994-12-17,173.1,False,False
1994-12-18,170.1,False,False
1994-12-19,165.5,False,False
1994-12-20,169.3,False,False
1994-12-21,164.5,False,False
1994-12-22,157.6,False,False
1994-12-23,153.5,False,False
1994-12-24,146.9,False,False
1994-12-25,145.8,False,False
1994-12-26,143.1,False,False
1994-12-27,139.7,False,False
1994-12-28,140.4,False,False
1994-12-29,139.2,False,False
1994-12-30,135.9,False,False
1994-12-31,129.8,False,False
1995-01-01,123.1,False,False
1995-01-02,123.8,False,False
1995-01-03,119.2,False,False
1995-01-04,116.9,False,False
1995-01-05,114.5,False,False
1995-01-06,112.5,False,False
1995-01-07,112.1,False,False
1995-01-08,106.4,False,False
1995-01-09,102.2,False,False
1995-01-10,106.3,False,False
1995-01-11,101.8,False,False
1995-01-12,107.7,False,False
1995-01-13,94.28,False,False
1995-01-14,87.12,False,False
1995-01-15,81.8,False,False
1995-01-16,73.31,False,False
1995-01-17,81.14,False,False
1995-01-18,82.65,False,False
1995-01-19,86.91,False,False
1995-01-20,90.64,False,False
1995-01-21,96.37,False,False
1995-01-22,93.8,False,False
1995-01-23,93.46,False,False
1995-01-24,90.76,False,False
1995-01-25,89.82,False,False
1995-01-26,89.7,False,False
1995-01-27,88.36,False,False
1995-01-28,85.97,False,False
1995-01-29,83.7,False,False
1995-01-30,75.78,False,False
1995-01-31,76.08,False,False
1995-02-01,74.03,False,False
1995-02-02,69.24,False,False
1995-02-03,69.53,False,False
1995-02-04,66.63,False,False
1995-02-05,61.6,False,False
1995-02-06,60.43,False,False
1995-02-07,55.66,False,False
1995-02-08,55.9,False,False
1995-02-09,53.99,False,False
1995-02-10,58.84,False,False
1995-02-11,53.81,False,False
1995-02-12,60.7,False,False
1995-02-13,52.04,False,False
1995-02-14,51.73,False,False
1995-02-15,52.6,False,False
1995-02-16,61.95,False,False
1995-02-17,62.13,False,False
1995-02-18,59.46,False,False
1995-02-19,59.8,False,False
1995-02-20,59.56,False,False
1995-02-21,80.54,False,False
1995-02-22,79.65,False,False
1995-02-23,78.61,False,False
1995-02-24,70.62,False,False
1995-02-25,65.69,False,False
1995-02-26,64.2,False,False
1995-02-27,59.8,False,False
1995-02-28,61.58,False,False
1995-03-01,60.55,False,False
1995-03-02,58.89,False,False
1995-03-03,57.3,False,False
1995-03-04,54.67,False,False
1995-03-05,53.1,False,False
1995-03-06,53.35,False,False
1995-03-07,53.61,False,False
1995-03-08,54.79,False,False
1995-03-09,53.88,False,False
1995-03-10,51.38,False,False
1995-03-11,50.44,False,False
1995-03-12,51.5,False,False
1995-03-13,52.4,False,False
1995-03-14,54.62,False,False
1995-03-15,57.05,False,False
1995-03-16,56.57,False,False
1995-03-17,55.34,False,False
1995-03-18,50.2,False,False
1995-03-19,46.7,False,False
1995-03-20,47.55,False,False
1995-03-21,45.31,False,False
1995-03-22,43.85,False,False
1995-03-23,42.25,False,False
1995-03-24,41.32,False,False
1995-03-25,39.16,False,False
1995-03-26,36.8,False,False
1995-03-27,42.24,False,False
1995-03-28,41.31,False,False
1995-03-29,48.74,False,False
1995-03-30,45.1,False,False
1995-03-31,48.47,False,False
1995-04-01,52.26,False,False
1995-04-02,53.1,False,False
1995-04-03,51.5,False,False
1995-04-04,65.84,False,False
1995-04-05,60.24,False,False
1995-04-06,56.62,False,False
1995-04-07,59.94,False,False
1995-04-08,67.97,False,False
1995-04-09,104.2,False,False
1995-04-10,134.7,False,False
1995-04-11,90.77,False,False
1995-04-12,69.48,False,False
1995-04-13,58.1,False,False
1995-04-14,49.0,False,False
1995-04-15,48.7,False,False
1995-04-16,48.2,False,False
1995-04-17,71.79,False,False
1995-04-18,87.06,False,False
1995-04-19,74.43,False,False
1995-04-20,66.33,False,False
1995-04-21,61.69,False,False
1995-04-22,67.19,False,False
1995-04-23,63.3,False,False
1995-04-24,68.5,False,False
1995-04-25,77.93,False,False
1995-04-26,70.23,False,False
1995-04-27,59.52,False,False
1995-04-28,64.01,False,False
1995-04-29,61.06,False,False
1995-04-30,62.1,False,False
1995-05-01,54.4,False,False
1995-05-02,53.83,False,False
1995-05-03,50.05,False,False
1995-05-04,45.92,False,False
1995-05-05,42.35,False,False
1995-05-06,42.7,False,False
1995-05-07,48.2,False,False
1995-05-08,44.08,False,False
1995-05-09,46.82,False,False
1995-05-10,103.1,False,False
1995-05-11,113.0,False,False
1995-05-12,90.34,False,False
1995-05-13,81.36,False,False
1995-05-14,81.8,False,False
1995-05-15,78.16,False,False
1995-05-16,80.13,False,False
1995-05-17,76.75,False,False
1995-05-18,72.7,False,False
1995-05-19,72.48,False,False
1995-05-20,69.67,False,False
1995-05-21,68.7,False,False
1995-05-22,62.91,False,False
1995-05-23,77.07,False,False
1995-05-24,77.31,False,False
1995-05-25,113.7,False,False
1995-05-26,56.74,False,False
1995-05-27,57.49,False,False
1995-05-28,70.5,False,False
1995-05-29,69.81,False,False
1995-05-30,79.69,False,False
1995-05-31,81.39,False,False
1995-06-01,83.92,False,False
1995-06-02,80.76,False,False
1995-06-03,124.8,False,False
1995-06-04,125.0,False,False
1995-06-05,117.6,False,False
1995-06-06,106.8,False,False
1995-06-07,101.2,False,False
1995-06-08,82.43,False,False
1995-06-09,64.04,False,False
1995-06-10,50.0,False,False
1995-06-11,40.0,False,False
1995-06-12,40.32,False,False
1995-06-13,39.09,False,False
1995-06-14,42.05,False,False
1995-06-15,41.21,False,False
1995-06-16,39.39,False,False
1995-06-17,37.77,False,False
1995-06-18,35.0,False,False
1995-06-19,37.5,False,False
1995-06-20,35.7,False,False
1995-06-21,35.83,False,False
1995-06-22,31.39,False,False
1995-06-23,31.58,False,False
1995-06-24,34.9,False,False
1995-06-25,35.0,False,False
1995-06-26,33.85,False,False
1995-06-27,32.35,False,False
1995-06-28,36.29,False,False
1995-06-29,38.22,False,False
1995-06-30,40.97,False,False
1995-07-01,43.63,False,False
1995-07-02,45.0,False,False
1995-07-03,46.04,False,False
1995-07-04,48.39,False,False
1995-07-05,48.32,False,False
1995-07-06,46.37,False,False
1995-07-07,44.57,False,False
1995-07-08,168.7,False,False
1995-07-09,195.0,False,False
1995-07-10,219.4,False,False
1995-07-11,213.1,False,False
1995-07-12,133.7,False,False
1995-07-13,104.5,False,False
1995-07-14,644.6,False,False
1995-07-15,560.4,False,False
1995-07-16,420.0,False,False
1995-07-17,259.7,False,False
1995-07-18,215.9,False,False
1995-07-19,392.1,False,False
1995-07-20,505.2,False,False
1995-07-21,318.8,False,False
1995-07-22,386.7,False,False
1995-07-23,380.0,False,False
1995-07-24,335.3,False,False
1995-07-25,244.3,False,False
1995-07-26,372.1,False,False
1995-07-27,388.3,False,False
1995-07-28,270.2,False,False
1995-07-29,239.6,False,False
1995-07-30,280.0,False,False
1995-07-31,293.7,False,False
1995-08-01,222.3,False,False
1995-08-02,167.8,False,False
1995-08-03,134.8,False,False
1995-08-04,131.8,False,False
1995-08-05,150.1,False,False
1995-08-06,170.0,False,False
1995-08-07,177.2,False,False
1995-08-08,165.7,False,False
1995-08-09,161.2,False,False
1995-08-10,125.0,False,False
1995-08-11,292.6,False,False
1995-08-12,183.8,False,False
1995-08-13,230.0,False,False
1995-08-14,222.7,False,False
1995-08-15,205.0,False,False
1995-08-16,160.2,False,False
1995-08-17,135.0,False,False
1995-08-18,196.3,False,False
1995-08-19,191.6,False,False
1995-08-20,170.0,False,False
1995-08-21,229.7,False,False
1995-08-22,439.8,False,False
1995-08-23,418.1,False,False
1995-08-24,377.4,False,False
1995-08-25,368.9,False,False
1995-08-26,300.4,False,False
1995-08-27,280.0,False,False
1995-08-28,247.9,False,False
1995-08-29,280.0,False,False
1995-08-30,600.6,False,False
1995-08-31,866.9,False,False
1995-09-01,841.1,False,False
1995-09-02,459.6,False,False
1995-09-03,695.0,False,False
1995-09-04,1011.0,False,False
1995-09-05,1027.0,False,False
1995-09-06,2009.0,False,False
1995-09-07,1191.0,False,False
1995-09-08,1344.0,False,False
1995-09-09,698.7,False,False
1995-09-10,435.0,False,False
1995-09-11,461.2,False,False
1995-09-12,460.5,False,False
1995-09-13,488.4,False,False
1995-09-14,329.9,False,False
1995-09-15,332.1,False,False
1995-09-16,224.6,False,False
1995-09-17,200.0,False,False
1995-09-18,242.7,False,False
1995-09-19,235.6,False,False
1995-09-20,285.9,False,False
1995-09-21,258.4,False,False
1995-09-22,442.4,False,False
1995-09-23,422.5,False,False
1995-09-24,325.0,False,False
1995-09-25,255.1,False,False
1995-09-26,253.1,False,False
1995-09-27,229.0,False,False
1995-09-28,207.5,False,False
1995-09-29,192.6,False,False
1995-09-30,223.6,False,False
1995-10-01,870.0,False,False
1995-10-02,930.0,False,False
1995-10-03,800.0,False,False
1995-10-04,560.8,False,False
1995-10-05,419.8,False,False
1995-10-06,414.8,False,False
1995-10-07,371.5,False,False
1995-10-08,330.0,False,False
1995-10-09,335.3,False,False
1995-10-10,298.2,False,False
1995-10-11,295.6,False,False
1995-10-12,262.9,False,False
1995-10-13,243.3,False,False
1995-10-14,223.4,False,False
1995-10-15,160.0,False,False
1995-10-16,202.4,False,False
1995-10-17,195.8,False,False
1995-10-18,189.4,False,False
1995-10-19,180.1,False,False
1995-10-20,183.2,False,False
1995-10-21,234.2,False,False
1995-10-22,270.0,False,False
1995-10-23,280.0,False,False
1995-10-24,251.9,False,False
1995-10-25,267.8,False,False
1995-10-26,277.3,False,False
1995-10-27,278.8,False,False
1995-10-28,276.7,False,False
1995-10-29,265.0,False,False
1995-10-30,258.9,False,False
1995-10-31,236.9,False,False
1995-11-01,224.5,False,False
1995-11-02,256.8,False,False
1995-11-03,278.3,False,False
1995-11-04,255.9,False,False
1995-11-05,240.0,False,False
1995-11-06,220.6,False,False
1995-11-07,250.0,False,False
1995-11-08,291.1,False,False
1995-11-09,294.6,False,False
1995-11-10,274.7,False,False
1995-11-11,237.6,False,False
1995-11-12,220.0,False,False
1995-11-13,205.5,False,False
1995-11-14,207.3,False,False
1995-11-15,200.1,False,False
1995-11-16,189.5,False,False
1995-11-17,185.7,False,False
1995-11-18,183.2,False,False
1995-11-19,180.0,False,False
1995-11-20,182.8,False,False
1995-11-21,184.1,False,False
1995-11-22,187.7,False,False
1995-11-23,186.2,False,False
1995-11-24,209.2,False,False
1995-11-25,220.2,False,False
1995-11-26,210.0,False,False
1995-11-27,206.7,False,False
1995-11-28,192.6,False,False
1995-11-29,183.4,False,False
1995-11-30,171.8,False,False
1995-12-01,152.2,False,False
1995-12-02,143.8,False,False
1995-12-03,150.7,False,False
1995-12-04,144.2,False,False
1995-12-05,155.8,False,False
1995-12-06,138.7,False,False
1995-12-07,136.4,False,False
1995-12-08,137.3,False,False
1995-12-09,129.3,False,False
1995-12-10,134.7,False,False
1995-12-11,176.1,False,False
1995-12-12,166.2,False,False
1995-12-13,139.1,False,False
1995-12-14,137.4,False,False
1995-12-15,126.7,False,False
1995-12-16,127.9,False,False
1995-12-17,125.3,False,False
1995-12-18,121.4,False,False
1995-12-19,115.1,False,False
1995-12-20,109.2,False,False
1995-12-21,107.6,False,False
1995-12-22,100.2,False,False
1995-12-23,98.09,False,False
1995-12-24,95.77,False,False
1995-12-25,94.64,False,False
1995-12-26,94.27,False,False
1995-12-27,101.3,False,False
1995-12-28,96.25,False,False
1995-12-29,93.39,False,False
1995-12-30,90.38,False,False
1995-12-31,88.57,False,False
1996-01-01,85.13,False,False
1996-01-02,87.95,False,False
1996-01-03,88.81,False,False
1996-01-04,90.49,False,False
1996-01-05,97.36,False,False
1996-01-06,94.11,False,False
1996-01-07,83.14,False,False
1996-01-08,790.3,False,False
1996-01-09,716.7,False,False
1996-01-10,404.8,False,False
1996-01-11,203.7,False,False
1996-01-12,104.9,False,False
1996-01-13,82.62,False,False
1996-01-14,78.8,False,False
1996-01-15,69.59,False,False
1996-01-16,64.36,False,False
1996-01-17,62.78,False,False
1996-01-18,65.98,False,False
1996-01-19,65.24,False,False
1996-01-20,66.57,False,False
1996-01-21,69.6,False,False
1996-01-22,63.3,False,False
1996-01-23,66.09,False,False
1996-01-24,64.07,False,False
1996-01-25,58.96,False,False
1996-01-26,55.81,False,False
1996-01-27,53.97,False,False
1996-01-28,54.16,False,False
1996-01-29,54.49,False,False
1996-01-30,54.05,False,False
1996-01-31,62.1,False,False
1996-02-01,57.17,False,False
1996-02-02,53.54,False,False
1996-02-03,55.94,False,False
1996-02-04,52.54,False,False
1996-02-05,51.17,False,False
1996-02-06,50.25,False,False
1996-02-07,52.48,False,False
1996-02-08,49.3,False,False
1996-02-09,47.2,False,False
1996-02-10,44.14,False,False
1996-02-11,42.5,False,False
1996-02-12,50.86,False,False
1996-02-13,54.13,False,False
1996-02-14,57.18,False,False
1996-02-15,63.23,False,False
1996-02-16,64.09,False,False
1996-02-17,62.57,False,False
1996-02-18,62.54,False,False
1996-02-19,51.17,False,False
1996-02-20,47.21,False,False
1996-02-21,47.0,False,False
1996-02-22,45.01,False,False
1996-02-23,45.27,False,False
1996-02-24,48.53,False,False
1996-02-25,47.81,False,False
1996-02-26,46.26,False,False
1996-02-27,47.61,False,False
1996-02-28,47.14,False,False
1996-02-29,46.76,False,False
1996-03-01,52.74,False,False
1996-03-02,59.44,False,False
1996-03-03,54.16,False,False
1996-03-04,47.69,False,False
1996-03-05,47.96,False,False
1996-03-06,48.98,False,False
1996-03-07,47.48,False,False
1996-03-08,45.23,False,False
1996-03-09,43.58,False,False
1996-03-10,42.5,False,False
1996-03-11,42.18,False,False
1996-03-12,42.37,False,False
1996-03-13,42.66,False,False
1996-03-14,43.62,False,False
1996-03-15,45.37,False,False
1996-03-16,45.14,False,False
1996-03-17,43.24,False,False
1996-03-18,42.52,False,False
1996-03-19,41.9,False,False
1996-03-20,38.85,False,False
1996-03-21,41.05,False,False
1996-03-22,43.61,False,False
1996-03-23,49.15,False,False
1996-03-24,48.58,False,False
1996-03-25,40.73,False,False
1996-03-26,41.37,False,False
1996-03-27,38.36,False,False
1996-03-28,48.19,False,False
1996-03-29,45.97,False,False
1996-03-30,46.77,False,False
1996-03-31,46.27,False,False
1996-04-01,46.27,False,False
1996-04-02,45.8,False,False
1996-04-03,45.13,False,False
1996-04-04,47.25,False,False
1996-04-05,47.81,False,False
1996-04-06,45.71,False,False
1996-04-07,40.3,False,False
1996-04-08,40.14,False,False
1996-04-09,40.76,False,False
1996-04-10,43.18,False,False
1996-04-11,43.45,False,False
1996-04-12,47.81,False,False
1996-04-13,54.16,False,False
1996-04-14,56.63,False,False
1996-04-15,112.4,False,False
1996-04-16,106.8,False,False
1996-04-17,111.3,False,False
1996-04-18,93.83,False,False
1996-04-19,65.96,False,False
1996-04-20,55.09,False,False
1996-04-21,44.74,False,False
1996-04-22,47.05,False,False
1996-04-23,48.37,False,False
1996-04-24,46.99,False,False
1996-04-25,44.42,False,False
1996-04-26,48.17,False,False
1996-04-27,55.36,False,False
1996-04-28,49.37,False,False
1996-04-29,41.76,False,False
1996-04-30,46.07,False,False
1996-05-01,55.01,False,False
1996-05-02,73.23,False,False
1996-05-03,71.4,False,False
1996-05-04,65.62,False,False
1996-05-05,57.46,False,False
1996-05-06,51.21,False,False
1996-05-07,50.17,False,False
1996-05-08,46.06,False,False
1996-05-09,42.02,False,False
1996-05-10,39.55,False,False
1996-05-11,36.36,False,False
1996-05-12,31.92,False,False
1996-05-13,35.86,False,False
1996-05-14,32.79,False,False
1996-05-15,40.19,False,False
1996-05-16,38.83,False,False
1996-05-17,38.26,False,False
1996-05-18,36.29,False,False
1996-05-19,37.37,False,False
1996-05-20,40.16,False,False
1996-05-21,39.51,False,False
1996-05-22,40.4,False,False
1996-05-23,38.88,False,False
1996-05-24,35.68,False,False
1996-05-25,46.43,False,False
1996-05-26,41.76,False,False
1996-05-27,40.68,False,False
1996-05-28,42.27,False,False
1996-05-29,59.13,False,False
1996-05-30,57.06,False,False
1996-05-31,50.49,False,False
1996-06-01,49.17,False,False
1996-06-02,47.68,False,False
1996-06-03,64.89,False,False
1996-06-04,49.42,False,False
1996-06-05,50.15,False,False
1996-06-06,46.68,False,False
1996-06-07,56.17,False,False
1996-06-08,48.95,False,False
1996-06-09,99.08,False,False
1996-06-10,46.14,False,False
1996-06-11,52.05,False,False
1996-06-12,52.56,False,False
1996-06-13,51.52,False,False
1996-06-14,67.28,False,False
1996-06-15,94.5,False,False
1996-06-16,88.84,False,False
1996-06-17,81.06,False,False
1996-06-18,72.76,False,False
1996-06-19,65.62,False,False
1996-06-20,58.72,False,False
1996-06-21,52.59,False,False
1996-06-22,50.12,False,False
1996-06-23,49.95,False,False
1996-06-24,44.85,False,False
1996-06-25,46.11,False,False
1996-06-26,44.03,False,False
1996-06-27,45.37,False,False
1996-06-28,48.41,False,False
1996-06-29,46.77,False,False
1996-06-30,44.72,False,False
1996-07-01,42.48,False,False
1996-07-02,42.11,False,False
1996-07-03,40.96,False,False
1996-07-04,38.38,False,False
1996-07-05,41.18,False,False
1996-07-06,37.02,False,False
1996-07-07,39.06,False,False
1996-07-08,42.05,False,False
1996-07-09,56.25,False,False
1996-07-10,62.92,False,False
1996-07-11,75.99,False,False
1996-07-12,74.45,False,False
1996-07-13,110.3,False,False
1996-07-14,114.6,False,False
1996-07-15,126.5,False,False
1996-07-16,125.7,False,False
1996-07-17,127.5,False,False
1996-07-18,124.3,False,False
1996-07-19,116.7,False,False
1996-07-20,117.7,False,False
1996-07-21,126.9,False,False
1996-07-22,133.7,False,False
1996-07-23,179.2,False,False
1996-07-24,421.8,False,False
1996-07-25,685.0,False,False
1996-07-26,637.1,False,False
1996-07-27,678.7,False,False
1996-07-28,572.9,False,False
1996-07-29,593.5,False,False
1996-07-30,482.8,False,False
1996-07-31,402.4,False,False
1996-08-01,545.5,False,False
1996-08-02,414.6,False,False
1996-08-03,281.7,False,False
1996-08-04,260.4,False,False
1996-08-05,362.7,False,False
1996-08-06,374.1,False,False
1996-08-07,358.2,False,False
1996-08-08,321.4,False,False
1996-08-09,322.4,False,False
1996-08-10,323.7,False,False
1996-08-11,238.1,False,False
1996-08-12,143.3,False,False
1996-08-13,134.4,False,False
1996-08-14,137.7,False,False
1996-08-15,152.7,False,False
1996-08-16,158.1,False,False
1996-08-17,619.1,False,False
1996-08-18,497.5,False,False
1996-08-19,442.7,False,False
1996-08-20,469.4,False,False
1996-08-21,452.0,False,False
1996-08-22,463.9,False,False
1996-08-23,1058.0,False,False
1996-08-24,1185.0,False,False
1996-08-25,821.4,False,False
1996-08-26,471.9,False,False
1996-08-27,301.4,False,False
1996-08-28,239.9,False,False
1996-08-29,217.5,False,False
1996-08-30,207.2,False,False
1996-08-31,193.9,False,False
1996-09-01,268.6,False,False
1996-09-02,323.4,False,False
1996-09-03,377.2,False,False
1996-09-04,592.6,False,False
1996-09-05,697.4,False,False
1996-09-06,797.1,False,False
1996-09-07,801.1,False,False
1996-09-08,568.3,False,False
1996-09-09,459.4,False,False
1996-09-10,406.6,False,False
1996-09-11,322.6,False,False
1996-09-12,462.2,False,False
1996-09-13,446.2,False,False
1996-09-14,318.4,False,False
1996-09-15,320.1,False,False
1996-09-16,268.6,False,False
1996-09-17,244.7,False,False
1996-09-18,241.6,False,False
1996-09-19,246.2,False,False
1996-09-20,248.1,False,False
1996-09-21,325.1,False,False
1996-09-22,330.9,False,False
1996-09-23,322.8,False,False
1996-09-24,331.0,False,False
1996-09-25,330.9,False,False
1996-09-26,861.4,False,False
1996-09-27,716.0,False,False
1996-09-28,467.4,False,False
1996-09-29,459.4,False,False
1996-09-30,698.0,False,False
1996-10-01,594.3,False,False
1996-10-02,676.8,False,False
1996-10-03,517.1,False,False
1996-10-04,629.8,False,False
1996-10-05,879.7,False,False
1996-10-06,568.3,False,False
1996-10-07,418.8,False,False
1996-10-08,411.5,False,False
1996-10-09,397.0,False,False
1996-10-10,343.3,False,False
1996-10-11,337.5,False,False
1996-10-12,1287.0,False,False
1996-10-13,1528.0,False,False
1996-10-14,900.1,False,False
1996-10-15,683.4,False,False
1996-10-16,1318.0,False,False
1996-10-17,1081.0,False,False
1996-10-18,1186.0,False,False
1996-10-19,1712.0,False,False
1996-10-20,1683.0,False,False
1996-10-21,1085.0,False,False
1996-10-22,687.8,False,False
1996-10-23,484.8,False,False
1996-10-24,406.9,False,False
1996-10-25,369.6,False,False
1996-10-26,334.9,False,False
1996-10-27,316.6,False,False
1996-10-28,321.4,False,False
1996-10-29,298.4,False,False
1996-10-30,280.9,False,False
1996-10-31,269.9,False,False
1996-11-01,275.3,False,False
1996-11-02,290.9,False,False
1996-11-03,282.0,False,False
1996-11-04,305.3,False,False
1996-11-05,297.8,False,False
1996-11-06,275.4,False,False
1996-11-07,255.2,False,False
1996-11-08,254.6,False,False
1996-11-09,238.1,False,False
1996-11-10,233.4,False,False
1996-11-11,235.4,False,False
1996-11-12,245.1,False,False
1996-11-13,244.9,False,False
1996-11-14,251.9,False,False
1996-11-15,262.3,False,False
1996-11-16,269.7,False,False
1996-11-17,239.7,False,False
1996-11-18,227.5,False,False
1996-11-19,226.2,False,False
1996-11-20,235.8,False,False
1996-11-21,233.7,False,False
1996-11-22,235.7,False,False
1996-11-23,244.9,False,False
1996-11-24,249.2,False,False
1996-11-25,255.6,False,False
1996-11-26,256.5,False,False
1996-11-27,259.4,False,False
1996-11-28,241.6,False,False
1996-11-29,228.4,False,False
1996-11-30,250.9,False,False
1996-12-01,255.2,False,False
1996-12-02,222.1,False,False
1996-12-03,210.2,False,False
1996-12-04,200.5,False,False
1996-12-05,189.1,False,False
1996-12-06,177.2,False,False
1996-12-07,174.5,False,False
1996-12-08,182.6,False,False
1996-12-09,198.9,False,False
1996-12-10,262.0,False,False
1996-12-11,282.9,False,False
1996-12-12,290.4,False,False
1996-12-13,265.7,False,False
1996-12-14,250.4,False,False
1996-12-15,255.2,False,False
1996-12-16,275.3,False,False
1996-12-17,324.6,False,False
1996-12-18,310.6,False,False
1996-12-19,255.8,False,False
1996-12-20,207.4,False,False
1996-12-21,190.3,False,False
1996-12-22,174.5,False,False
1996-12-23,162.9,False,False
1996-12-24,151.6,False,False
1996-12-25,147.3,False,False
1996-12-26,141.0,False,False
1996-12-27,131.4,False,False
1996-12-28,123.9,False,False
1996-12-29,120.8,False,False
1996-12-30,116.2,False,False
1996-12-31,116.8,False,False
1997-01-01,115.4,False,False
1997-01-02,122.3,False,False
1997-01-03,124.7,False,False
1997-01-04,125.5,False,False
1997-01-05,120.8,False,False
1997-01-06,114.4,False,False
1997-01-07,113.1,False,False
1997-01-08,106.8,False,False
1997-01-09,104.2,False,False
1997-01-10,99.51,False,False
1997-01-11,101.9,False,False
1997-01-12,99.78,False,False
1997-01-13,99.13,False,False
1997-01-14,96.6,False,False
1997-01-15,93.07,False,False
1997-01-16,102.9,False,False
1997-01-17,104.8,False,False
1997-01-18,101.9,False,False
1997-01-19,101.9,False,False
1997-01-20,105.6,False,False
1997-01-21,108.6,False,False
1997-01-22,96.51,False,False
1997-01-23,98.72,False,False
1997-01-24,94.21,False,False
1997-01-25,86.14,False,False
1997-01-26,80.33,False,False
1997-01-27,78.66,False,False
1997-01-28,72.37,False,False
1997-01-29,57.72,False,False
1997-01-30,54.62,False,False
1997-01-31,52.92,False,False
1997-02-01,51.23,False,False
1997-02-02,51.23,False,False
1997-02-03,51.23,False,False
1997-02-04,51.23,False,False
1997-02-05,48.79,False,False
1997-02-06,51.61,False,False
1997-02-07,48.16,False,False
1997-02-08,48.62,False,False
1997-02-09,50.4,False,False
1997-02-10,45.81,False,False
1997-02-11,45.17,False,False
1997-02-12,48.77,False,False
1997-02-13,46.24,False,False
1997-02-14,42.39,False,False
1997-02-15,40.19,False,False
1997-02-16,42.29,False,False
1997-02-17,53.78,False,False
1997-02-18,63.54,False,False
1997-02-19,67.3,False,False
1997-02-20,67.33,False,False
1997-02-21,66.33,False,False
1997-02-22,63.28,False,False
1997-02-23,70.75,False,False
1997-02-24,71.9,False,False
1997-02-25,74.55,False,False
1997-02-26,86.16,False,False
1997-02-27,78.88,False,False
1997-02-28,73.13,False,False
1997-03-01,72.17,False,False
1997-03-02,60.72,False,False
1997-03-03,55.44,False,False
1997-03-04,56.37,False,False
1997-03-05,56.08,False,False
1997-03-06,61.77,False,False
1997-03-07,63.4,False,False
1997-03-08,62.63,False,False
1997-03-09,70.75,False,False
1997-03-10,72.85,False,False
1997-03-11,74.7,False,False
1997-03-12,73.9,False,False
1997-03-13,66.35,False,False
1997-03-14,82.25,False,False
1997-03-15,81.07,False,False
1997-03-16,74.53,False,False
1997-03-17,79.2,False,False
1997-03-18,80.87,False,False
1997-03-19,77.12,False,False
1997-03-20,66.29,False,False
1997-03-21,73.28,False,False
1997-03-22,70.07,False,False
1997-03-23,114.0,False,False
1997-03-24,91.15,False,False
1997-03-25,73.21,False,False
1997-03-26,74.45,False,False
1997-03-27,65.55,False,False
1997-03-28,63.4,False,False
1997-03-29,59.7,False,False
1997-03-30,54.62,False,False
1997-03-31,55.99,False,False
1997-04-01,67.12,False,False
1997-04-02,74.51,False,False
1997-04-03,90.14,False,False
1997-04-04,86.53,False,False
1997-04-05,81.14,False,False
1997-04-06,77.41,False,False
1997-04-07,66.03,False,False
1997-04-08,71.69,False,False
1997-04-09,93.06,False,False
1997-04-10,83.86,False,False
1997-04-11,75.3,False,False
1997-04-12,72.71,False,False
1997-04-13,68.88,False,False
1997-04-14,66.12,False,False
1997-04-15,63.25,False,False
1997-04-16,60.09,False,False
1997-04-17,57.81,False,False
1997-04-18,52.92,False,False
1997-04-19,58.76,False,False
1997-04-20,82.31,False,False
1997-04-21,83.15,False,False
1997-04-22,74.35,False,False
1997-04-23,72.2,False,False
1997-04-24,62.41,False,False
1997-04-25,58.74,False,False
1997-04-26,61.36,False,False
1997-04-27,54.62,False,False
1997-04-28,56.71,False,False
1997-04-29,46.5,False,False
1997-04-30,46.54,False,False
1997-05-01,39.58,False,False
1997-05-02,36.43,False,False
1997-05-03,39.26,False,False
1997-05-04,87.31,False,False
1997-05-05,77.38,False,False
1997-05-06,82.88,False,False
1997-05-07,84.46,False,False
1997-05-08,72.83,False,False
1997-05-09,73.3,False,False
1997-05-10,68.97,False,False
1997-05-11,59.83,False,False
1997-05-12,62.37,False,False
1997-05-13,66.27,False,False
1997-05-14,81.39,False,False
1997-05-15,89.76,False,False
1997-05-16,85.06,False,False
1997-05-17,80.39,False,False
1997-05-18,82.31,False,False
1997-05-19,112.9,False,False
1997-05-20,100.6,False,False
1997-05-21,83.92,False,False
1997-05-22,72.63,False,False
1997-05-23,65.52,False,False
1997-05-24,69.94,False,False
1997-05-25,90.37,False,False
1997-05-26,82.04,False,False
1997-05-27,101.0,False,False
1997-05-28,85.36,False,False
1997-05-29,113.7,False,False
1997-05-30,92.24,False,False
1997-05-31,74.55,False,False
1997-06-01,67.04,False,False
1997-06-02,64.08,False,False
1997-06-03,52.51,False,False
1997-06-04,52.19,False,False
1997-06-05,51.68,False,False
1997-06-06,53.74,False,False
1997-06-07,59.49,False,False
1997-06-08,72.33,False,False
1997-06-09,76.54,False,False
1997-06-10,92.88,False,False
1997-06-11,92.2,False,False
1997-06-12,79.08,False,False
1997-06-13,78.84,False,False
1997-06-14,69.61,False,False
1997-06-15,67.04,False,False
1997-06-16,63.1,False,False
1997-06-17,59.28,False,False
1997-06-18,61.87,False,False
1997-06-19,58.32,False,False
1997-06-20,62.34,False,False
1997-06-21,56.04,False,False
1997-06-22,52.51,False,False
1997-06-23,52.25,False,False
1997-06-24,53.42,False,False
1997-06-25,56.43,False,False
1997-06-26,52.96,False,False
1997-06-27,54.21,False,False
1997-06-28,51.78,False,False
1997-06-29,49.55,False,False
1997-06-30,45.89,False,False
1997-07-01,45.65,False,False
1997-07-02,46.63,False,False
1997-07-03,44.65,False,False
1997-07-04,43.46,False,False
1997-07-05,48.01,False,False
1997-07-06,52.51,False,False
1997-07-07,55.43,False,False
1997-07-08,59.02,False,False
1997-07-09,87.66,False,False
1997-07-10,438.6,False,False
1997-07-11,397.9,False,False
1997-07-12,533.5,False,False
1997-07-13,879.0,False,False
1997-07-14,755.7,False,False
1997-07-15,560.6,False,False
1997-07-16,396.3,False,False
1997-07-17,283.9,False,False
1997-07-18,291.9,False,False
1997-07-19,205.7,False,False
1997-07-20,178.2,False,False
1997-07-21,227.2,False,False
1997-07-22,362.1,False,False
1997-07-23,312.0,False,False
1997-07-24,219.6,False,False
1997-07-25,180.4,False,False
1997-07-26,140.7,False,False
1997-07-27,108.7,False,False
1997-07-28,740.2,False,False
1997-07-29,475.5,False,False
1997-07-30,431.0,False,False
1997-07-31,460.9,False,False
1997-08-01,540.4,False,False
1997-08-02,666.7,False,False
1997-08-03,723.3,False,False
1997-08-04,1967.0,False,False
1997-08-05,1450.0,False,False
1997-08-06,962.2,False,False
1997-08-07,638.3,False,False
1997-08-08,493.4,False,False
1997-08-09,2559.0,False,False
1997-08-10,2730.0,False,False
1997-08-11,1163.0,False,False
1997-08-12,646.4,False,False
1997-08-13,586.6,False,False
1997-08-14,498.1,False,False
1997-08-15,381.8,False,False
1997-08-16,284.1,False,False
1997-08-17,237.0,False,False
1997-08-18,172.9,False,False
1997-08-19,172.0,False,False
1997-08-20,179.3,False,False
1997-08-21,172.5,False,False
1997-08-22,175.8,False,False
1997-08-23,222.2,False,False
1997-08-24,2478.0,False,False
1997-08-25,1569.0,False,False
1997-08-26,1136.0,False,False
1997-08-27,889.5,False,False
1997-08-28,974.0,False,False
1997-08-29,978.1,False,False
1997-08-30,909.5,False,False
1997-08-31,629.0,False,False
1997-09-01,645.0,False,False
1997-09-02,591.2,False,False
1997-09-03,439.6,False,False
1997-09-04,289.4,False,False
1997-09-05,221.7,False,False
1997-09-06,180.8,False,False
1997-09-07,192.3,False,False
1997-09-08,219.1,False,False
1997-09-09,244.8,False,False
1997-09-10,264.3,False,False
1997-09-11,332.7,False,False
1997-09-12,319.8,False,False
1997-09-13,297.4,False,False
1997-09-14,437.7,False,False
1997-09-15,526.3,False,False
1997-09-16,534.8,False,False
1997-09-17,320.2,False,False
1997-09-18,525.2,False,False
1997-09-19,438.4,False,False
1997-09-20,396.1,False,False
1997-09-21,318.3,False,False
1997-09-22,302.2,False,False
1997-09-23,257.1,False,False
1997-09-24,232.3,False,False
1997-09-25,203.1,False,False
1997-09-26,207.8,False,False
1997-09-27,201.5,False,False
1997-09-28,187.0,False,False
1997-09-29,187.5,False,False
1997-09-30,180.6,False,False
1997-10-01,305.7,False,False
1997-10-02,689.8,False,False
1997-10-03,934.9,False,False
1997-10-04,771.2,False,False
1997-10-05,433.6,False,False
1997-10-06,287.3,False,False
1997-10-07,249.9,False,False
1997-10-08,325.0,False,False
1997-10-09,308.5,False,False
1997-10-10,443.7,False,False
1997-10-11,360.8,False,False
1997-10-12,263.2,False,False
1997-10-13,230.1,False,False
1997-10-14,211.9,False,False
1997-10-15,228.9,False,False
1997-10-16,233.7,False,False
1997-10-17,231.6,False,False
1997-10-18,209.6,False,False
1997-10-19,203.9,False,False
1997-10-20,190.2,False,False
1997-10-21,184.2,False,False
1997-10-22,179.2,False,False
1997-10-23,191.7,False,False
1997-10-24,566.2,False,False
1997-10-25,489.5,False,False
1997-10-26,707.2,False,False
1997-10-27,444.7,False,False
1997-10-28,388.9,False,False
1997-10-29,340.1,False,False
1997-10-30,385.6,False,False
1997-10-31,554.6,False,False
1997-11-01,437.1,False,False
1997-11-02,591.6,False,False
1997-11-03,480.5,False,False
1997-11-04,447.8,False,False
1997-11-05,385.1,False,False
1997-11-06,361.9,False,False
1997-11-07,333.5,False,False
1997-11-08,309.4,False,False
1997-11-09,343.0,False,False
1997-11-10,359.5,False,False
1997-11-11,313.1,False,False
1997-11-12,321.2,False,False
1997-11-13,441.9,False,False
1997-11-14,377.9,False,False
1997-11-15,337.1,False,False
1997-11-16,263.2,False,False
1997-11-17,259.9,False,False
1997-11-18,267.1,False,False
1997-11-19,281.5,False,False
1997-11-20,510.8,False,False
1997-11-21,437.2,False,False
1997-11-22,325.5,False,False
1997-11-23,276.0,False,False
1997-11-24,259.9,False,False
1997-11-25,317.7,False,False
1997-11-26,692.4,False,False
1997-11-27,628.7,False,False
1997-11-28,834.7,False,False
1997-11-29,664.9,False,False
1997-11-30,496.9,False,False
1997-12-01,386.1,False,False
1997-12-02,346.8,False,False
1997-12-03,305.8,False,False
1997-12-04,277.6,False,False
1997-12-05,266.7,False,False
1997-12-06,257.4,False,False
1997-12-07,256.1,False,False
1997-12-08,285.7,False,False
1997-12-09,278.4,False,False
1997-12-10,406.8,False,False
1997-12-11,391.4,False,False
1997-12-12,329.5,False,False
1997-12-13,278.3,False,False
1997-12-14,288.1,False,False
1997-12-15,245.6,False,False
1997-12-16,226.2,False,False
1997-12-17,228.2,False,False
1997-12-18,210.9,False,False
1997-12-19,208.2,False,False
1997-12-20,197.1,False,False
1997-12-21,193.4,False,False
1997-12-22,208.9,False,False
1997-12-23,208.4,False,False
1997-12-24,201.6,False,False
1997-12-25,196.2,False,False
1997-12-26,187.5,False,False
1997-12-27,175.7,False,False
1997-12-28,168.5,False,False
1997-12-29,160.6,False,False
1997-12-30,163.2,False,False
1997-12-31,153.9,False,False
1998-01-01,145.1,False,False
1998-01-02,138.3,False,False
1998-01-03,137.0,False,False
1998-01-04,137.9,False,False
1998-01-05,133.3,False,False
1998-01-06,127.7,False,False
1998-01-07,128.1,False,False
1998-01-08,127.3,False,False
1998-01-09,123.4,False,False
1998-01-10,123.6,False,False
1998-01-11,121.3,False,False
1998-01-12,110.1,False,False
1998-01-13,101.5,False,False
1998-01-14,98.4,False,False
1998-01-15,96.04,False,False
1998-01-16,95.66,False,False
1998-01-17,95.09,False,False
1998-01-18,100.5,False,False
1998-01-19,100.5,False,False
1998-01-20,110.9,False,False
1998-01-21,105.2,False,False
1998-01-22,94.91,False,False
1998-01-23,93.29,False,False
1998-01-24,90.19,False,False
1998-01-25,83.37,False,False
1998-01-26,82.41,False,False
1998-01-27,80.23,False,False
1998-01-28,79.05,False,False
1998-01-29,75.33,False,False
1998-01-30,73.08,False,False
1998-01-31,64.03,False,False
1998-02-01,60.03,False,False
1998-02-02,57.39,False,False
1998-02-03,49.31,False,False
1998-02-04,45.94,False,False
1998-02-05,49.61,False,False
1998-02-06,48.03,False,False
1998-02-07,52.56,False,False
1998-02-08,55.93,False,False
1998-02-09,61.72,False,False
1998-02-10,72.59,False,False
1998-02-11,71.27,False,False
1998-02-12,64.24,False,False
1998-02-13,67.76,False,False
1998-02-14,73.58,False,False
1998-02-15,77.68,False,False
1998-02-16,74.91,False,False
1998-02-17,76.25,False,False
1998-02-18,71.39,False,False
1998-02-19,65.58,False,False
1998-02-20,61.06,False,False
1998-02-21,60.93,False,False
1998-02-22,60.03,False,False
1998-02-23,61.18,False,False
1998-02-24,60.69,False,False
1998-02-25,59.32,False,False
1998-02-26,55.59,False,False
1998-02-27,60.48,False,False
1998-02-28,70.94,False,False
1998-03-01,65.98,False,False
1998-03-02,74.51,False,False
1998-03-03,70.28,False,False
1998-03-04,75.84,False,False
1998-03-05,69.4,False,False
1998-03-06,73.41,False,False
1998-03-07,69.76,False,False
1998-03-08,68.6,False,False
1998-03-09,65.51,False,False
1998-03-10,61.95,False,False
1998-03-11,63.13,False,False
1998-03-12,60.36,False,False
1998-03-13,56.18,False,False
1998-03-14,47.78,False,False
1998-03-15,40.79,False,False
1998-03-16,40.56,False,False
1998-03-17,38.2,False,False
1998-03-18,31.75,False,False
1998-03-19,32.05,False,False
1998-03-20,37.72,False,False
1998-03-21,38.1,False,False
1998-03-22,45.12,False,False
1998-03-23,53.23,False,False
1998-03-24,64.0,False,False
1998-03-25,62.77,False,False
1998-03-26,69.32,False,False
1998-03-27,81.72,False,False
1998-03-28,85.13,False,False
1998-03-29,78.62,False,False
1998-03-30,69.63,False,False
1998-03-31,67.85,False,False
1998-04-01,72.5,False,False
1998-04-02,70.07,False,False
1998-04-03,90.73,False,False
1998-04-04,80.56,False,False
1998-04-05,83.37,False,False
1998-04-06,70.9,False,False
1998-04-07,66.18,False,False
1998-04-08,62.55,False,False
1998-04-09,59.2,False,False
1998-04-10,61.0,False,False
1998-04-11,60.86,False,False
1998-04-12,60.03,False,False
1998-04-13,56.28,False,False
1998-04-14,61.37,False,False
1998-04-15,61.21,False,False
1998-04-16,66.88,False,False
1998-04-17,64.93,False,False
1998-04-18,72.23,False,False
1998-04-19,76.75,False,False
1998-04-20,73.36,False,False
1998-04-21,77.88,False,False
1998-04-22,77.11,False,False
1998-04-23,88.86,False,False
1998-04-24,87.48,False,False
1998-04-25,87.62,False,False
1998-04-26,120.2,False,False
1998-04-27,95.79,False,False
1998-04-28,86.92,False,False
1998-04-29,79.16,False,False
1998-04-30,75.74,False,False
1998-05-01,153.7,False,False
1998-05-02,139.4,False,False
1998-05-03,96.33,False,False
1998-05-04,72.6,False,False
1998-05-05,58.84,False,False
1998-05-06,50.4,False,False
1998-05-07,45.12,False,False
1998-05-08,37.83,False,False
1998-05-09,36.65,False,False
1998-05-10,33.98,False,False
1998-05-11,32.68,False,False
1998-05-12,42.95,False,False
1998-05-13,58.55,False,False
1998-05-14,72.62,False,False
1998-05-15,71.02,False,False
1998-05-16,98.81,False,False
1998-05-17,96.33,False,False
1998-05-18,90.82,False,False
1998-05-19,84.22,False,False
1998-05-20,79.44,False,False
1998-05-21,71.69,False,False
1998-05-22,71.48,False,False
1998-05-23,61.84,False,False
1998-05-24,58.37,False,False
1998-05-25,102.7,False,False
1998-05-26,56.06,False,False
1998-05-27,66.18,False,False
1998-05-28,82.58,False,False
1998-05-29,94.46,False,False
1998-05-30,97.55,False,False
1998-05-31,65.98,False,False
1998-06-01,56.86,False,False
1998-06-02,56.3,False,False
1998-06-03,62.15,False,False
1998-06-04,63.01,False,False
1998-06-05,62.44,False,False
1998-06-06,53.27,False,False
1998-06-07,49.66,False,False
1998-06-08,44.91,False,False
1998-06-09,41.35,False,False
1998-06-10,36.42,False,False
1998-06-11,31.59,False,False
1998-06-12,35.23,False,False
1998-06-13,30.96,False,False
1998-06-14,30.0,False,False
1998-06-15,37.39,False,False
1998-06-16,36.07,False,False
1998-06-17,37.55,False,False
1998-06-18,35.71,False,False
1998-06-19,33.62,False,False
1998-06-20,30.03,False,False
1998-06-21,30.5,False,False
1998-06-22,29.06,False,False
1998-06-23,28.48,False,False
1998-06-24,32.83,False,False
1998-06-25,41.81,False,False
1998-06-26,47.86,False,False
1998-06-27,48.66,False,False
1998-06-28,51.0,False,False
1998-06-29,53.25,False,False
1998-06-30,57.75,False,False
1998-07-01,55.94,False,False
1998-07-02,59.3,False,False
1998-07-03,421.7,False,False
1998-07-04,978.2,False,False
1998-07-05,912.1,False,False
1998-07-06,848.9,False,False
1998-07-07,770.3,False,False
1998-07-08,689.8,False,False
1998-07-09,582.0,False,False
1998-07-10,437.7,False,False
1998-07-11,332.8,False,False
1998-07-12,256.6,False,False
1998-07-13,426.6,False,False
1998-07-14,458.2,False,False
1998-07-15,530.6,False,False
1998-07-16,480.9,False,False
1998-07-17,436.7,False,False
1998-07-18,694.0,False,False
1998-07-19,1129.0,False,False
1998-07-20,601.2,False,False
1998-07-21,354.2,False,False
1998-07-22,258.2,False,False
1998-07-23,187.1,False,False
1998-07-24,156.8,False,False
1998-07-25,140.1,False,False
1998-07-26,115.3,False,False
1998-07-27,100.3,False,False
1998-07-28,111.9,False,False
1998-07-29,114.1,False,False
1998-07-30,166.6,False,False
1998-07-31,451.7,False,False
1998-08-01,502.8,False,False
1998-08-02,556.8,False,False
1998-08-03,551.4,False,False
1998-08-04,555.2,False,False
1998-08-05,582.9,False,False
1998-08-06,431.2,False,False
1998-08-07,344.6,False,False
1998-08-08,291.2,False,False
1998-08-09,286.0,False,False
1998-08-10,228.4,False,False
1998-08-11,203.3,False,False
1998-08-12,195.6,False,False
1998-08-13,323.0,False,False
1998-08-14,375.2,False,False
1998-08-15,343.8,False,False
1998-08-16,362.6,False,False
1998-08-17,702.5,False,False
1998-08-18,795.3,False,False
1998-08-19,512.2,False,False
1998-08-20,703.4,False,False
1998-08-21,485.0,False,False
1998-08-22,443.0,False,False
1998-08-23,458.5,False,False
1998-08-24,388.3,False,False
1998-08-25,456.0,False,False
1998-08-26,361.3,False,False
1998-08-27,280.0,False,False
1998-08-28,380.5,False,False
1998-08-29,510.0,False,False
1998-08-30,393.5,False,False
1998-08-31,300.8,False,False
1998-09-01,253.4,False,False
1998-09-02,277.9,False,False
1998-09-03,245.6,False,False
1998-09-04,266.0,False,False
1998-09-05,472.7,False,False
1998-09-06,645.8,False,False
1998-09-07,401.8,False,False
1998-09-08,315.6,False,False
1998-09-09,274.1,False,False
1998-09-10,232.6,False,False
1998-09-11,248.4,False,False
1998-09-12,237.1,False,False
1998-09-13,518.8,False,False
1998-09-14,455.3,False,False
1998-09-15,310.2,False,False
1998-09-16,517.9,False,False
1998-09-17,775.4,False,False
1998-09-18,473.2,False,False
1998-09-19,452.6,False,False
1998-09-20,541.0,False,False
1998-09-21,318.9,False,False
1998-09-22,249.0,False,False
1998-09-23,206.4,False,False
1998-09-24,328.3,False,False
1998-09-25,1586.0,False,False
1998-09-26,743.1,False,False
1998-09-27,697.2,False,False
1998-09-28,571.2,False,False
1998-09-29,890.0,False,False
1998-09-30,639.2,False,False
1998-10-01,534.3,False,False
1998-10-02,394.5,False,False
1998-10-03,366.4,False,False
1998-10-04,397.4,False,False
1998-10-05,607.6,False,False
1998-10-06,496.6,False,False
1998-10-07,484.9,False,False
1998-10-08,392.6,False,False
1998-10-09,514.9,False,False
1998-10-10,536.5,False,False
1998-10-11,586.7,False,False
1998-10-12,549.8,False,False
1998-10-13,438.3,False,False
1998-10-14,371.3,False,False
1998-10-15,1051.0,False,False
1998-10-16,839.0,False,False
1998-10-17,681.3,False,False
1998-10-18,591.3,False,False
1998-10-19,582.0,False,False
1998-10-20,587.8,False,False
1998-10-21,464.3,False,False
1998-10-22,341.1,False,False
1998-10-23,277.0,False,False
1998-10-24,235.6,False,False
1998-10-25,232.7,False,False
1998-10-26,284.7,False,False
1998-10-27,496.7,False,False
1998-10-28,414.0,False,False
1998-10-29,367.7,False,False
1998-10-30,317.9,False,False
1998-10-31,296.4,False,False
1998-11-01,273.2,False,False
1998-11-02,295.6,False,False
1998-11-03,585.6,False,False
1998-11-04,559.1,False,False
1998-11-05,454.9,False,False
1998-11-06,392.7,False,False
1998-11-07,373.9,False,False
1998-11-08,450.0,False,False
1998-11-09,472.4,False,False
1998-11-10,457.1,False,False
1998-11-11,455.7,False,False
1998-11-12,408.4,False,False
1998-11-13,384.9,False,False
1998-11-14,335.2,False,False
1998-11-15,297.1,False,False
1998-11-16,276.8,False,False
1998-11-17,265.2,False,False
1998-11-18,246.5,False,False
1998-11-19,254.7,False,False
1998-11-20,263.5,False,False
1998-11-21,251.5,False,False
1998-11-22,264.8,False,False
1998-11-23,273.4,False,False
1998-11-24,248.3,False,False
1998-11-25,249.7,False,False
1998-11-26,226.3,False,False
1998-11-27,243.2,False,False
1998-11-28,235.0,False,False
1998-11-29,227.0,False,False
1998-11-30,219.8,False,False
1998-12-01,221.4,False,False
1998-12-02,233.2,False,False
1998-12-03,238.9,False,False
1998-12-04,234.5,False,False
1998-12-05,222.5,False,False
1998-12-06,213.9,False,False
1998-12-07,218.5,False,False
1998-12-08,225.0,False,False
1998-12-09,206.2,False,False
1998-12-10,209.8,False,False
1998-12-11,224.3,False,False
1998-12-12,265.9,False,False
1998-12-13,256.1,False,False
1998-12-14,229.6,False,False
1998-12-15,208.7,False,False
1998-12-16,187.1,False,False
1998-12-17,187.1,False,False
1998-12-18,175.0,False,False
1998-12-19,169.8,False,False
1998-12-20,163.0,False,False
1998-12-21,150.1,False,False
1998-12-22,146.7,False,False
1998-12-23,140.0,False,False
1998-12-24,139.9,False,False
1998-12-25,136.7,False,False
1998-12-26,128.8,False,False
1998-12-27,133.0,False,False
1998-12-28,119.3,False,False
1998-12-29,111.0,False,False
1998-12-30,109.0,False,False
1998-12-31,108.2,False,False
1999-01-01,105.1,False,False
1999-01-02,99.63,False,False
1999-01-03,104.0,False,False
1999-01-04,105.3,False,False
1999-01-05,110.4,False,False
1999-01-06,100.4,False,False
1999-01-07,103.2,False,False
1999-01-08,105.5,False,False
1999-01-09,103.6,False,False
1999-01-10,102.6,False,False
1999-01-11,101.0,False,False
1999-01-12,90.62,False,False
1999-01-13,89.63,False,False
1999-01-14,86.3,False,False
1999-01-15,77.24,False,False
1999-01-16,80.12,False,False
1999-01-17,76.8,False,False
1999-01-18,76.9,False,False
1999-01-19,79.64,False,False
1999-01-20,77.7,False,False
1999-01-21,77.69,False,False
1999-01-22,73.76,False,False
1999-01-23,74.09,False,False
1999-01-24,70.4,False,False
1999-01-25,71.44,False,False
1999-01-26,73.1,False,False
1999-01-27,68.99,False,False
1999-01-28,70.8,False,False
1999-01-29,73.65,False,False
1999-01-30,73.26,False,False
1999-01-31,71.3,False,False
1999-02-01,78.93,False,False
1999-02-02,74.83,False,False
1999-02-03,71.01,False,False
1999-02-04,72.71,False,False
1999-02-05,69.82,False,False
1999-02-06,61.59,False,False
1999-02-07,54.3,False,False
1999-02-08,54.42,False,False
1999-02-09,52.28,False,False
1999-02-10,50.36,False,False
1999-02-11,50.51,False,False
1999-02-12,53.81,False,False
1999-02-13,64.84,False,False
1999-02-14,59.2,False,False
1999-02-15,66.3,False,False
1999-02-16,72.83,False,False
1999-02-17,65.95,False,False
1999-02-18,61.15,False,False
1999-02-19,60.27,False,False
1999-02-20,64.55,False,False
1999-02-21,69.5,False,False
1999-02-22,66.21,False,False
1999-02-23,63.02,False,False
1999-02-24,63.43,False,False
1999-02-25,63.08,False,False
1999-02-26,66.1,False,False
1999-02-27,71.66,False,False
1999-02-28,69.5,False,False
1999-03-01,66.55,False,False
1999-03-02,68.7,False,False
1999-03-03,70.84,False,False
1999-03-04,68.49,False,False
1999-03-05,69.77,False,False
1999-03-06,67.07,False,False
1999-03-07,66.9,False,False
1999-03-08,64.14,False,False
1999-03-09,57.22,False,False
1999-03-10,52.68,False,False
1999-03-11,54.65,False,False
1999-03-12,54.35,False,False
1999-03-13,51.57,False,False
1999-03-14,48.1,False,False
1999-03-15,49.78,False,False
1999-03-16,44.74,False,False
1999-03-17,44.64,False,False
1999-03-18,46.6,False,False
1999-03-19,64.4,False,False
1999-03-20,72.13,False,False
1999-03-21,79.6,False,False
1999-03-22,88.12,False,False
1999-03-23,83.9,False,False
1999-03-24,83.19,False,False
1999-03-25,89.33,False,False
1999-03-26,86.91,False,False
1999-03-27,87.71,False,False
1999-03-28,96.3,False,False
1999-03-29,73.1,False,False
1999-03-30,59.09,False,False
1999-03-31,53.93,False,False
1999-04-01,47.18,False,False
1999-04-02,46.0,False,False
1999-04-03,44.04,False,False
1999-04-04,42.2,False,False
1999-04-05,44.83,False,False
1999-04-06,40.58,False,False
1999-04-07,38.68,False,False
1999-04-08,42.1,False,False
1999-04-09,47.06,False,False
1999-04-10,42.9,False,False
1999-04-11,46.6,False,False
1999-04-12,59.2,False,False
1999-04-13,79.6,False,False
1999-04-14,129.5,False,False
1999-04-15,138.5,False,False
1999-04-16,111.9,False,False
1999-04-17,84.59,False,False
1999-04-18,74.0,False,False
1999-04-19,69.21,False,False
1999-04-20,64.05,False,False
1999-04-21,78.22,False,False
1999-04-22,80.25,False,False
1999-04-23,75.83,False,False
1999-04-24,79.12,False,False
1999-04-25,100.5,False,False
1999-04-26,115.5,False,False
1999-04-27,199.0,False,False
1999-04-28,187.2,False,False
1999-04-29,150.6,False,False
1999-04-30,113.4,False,False
1999-05-01,88.41,False,False
1999-05-02,207.9,False,False
1999-05-03,162.7,False,False
1999-05-04,126.3,False,False
1999-05-05,89.82,False,False
1999-05-06,88.02,False,False
1999-05-07,111.0,False,False
1999-05-08,146.5,False,False
1999-05-09,129.5,False,False
1999-05-10,95.65,False,False
1999-05-11,83.9,False,False
1999-05-12,77.35,False,False
1999-05-13,76.98,False,False
1999-05-14,98.98,False,False
1999-05-15,123.9,False,False
1999-05-16,129.5,False,False
1999-05-17,120.8,False,False
1999-05-18,175.7,False,False
1999-05-19,154.4,False,False
1999-05-20,127.1,False,False
1999-05-21,116.3,False,False
1999-05-22,147.3,False,False
1999-05-23,131.8,False,False
1999-05-24,109.3,False,False
1999-05-25,91.69,False,False
1999-05-26,100.6,False,False
1999-05-27,90.44,False,False
1999-05-28,99.37,False,False
1999-05-29,93.87,False,False
1999-05-30,80.5,False,False
1999-05-31,73.58,False,False
1999-06-01,70.2,False,False
1999-06-02,66.98,False,False
1999-06-03,62.49,False,False
1999-06-04,70.92,False,False
1999-06-05,72.65,False,False
1999-06-06,70.0,False,False
1999-06-07,105.0,False,False
1999-06-08,206.1,False,False
1999-06-09,185.0,False,False
1999-06-10,161.2,False,False
1999-06-11,143.4,False,False
1999-06-12,109.8,False,False
1999-06-13,97.5,False,False
1999-06-14,87.06,False,False
1999-06-15,79.55,False,False
1999-06-16,70.28,False,False
1999-06-17,79.01,False,False
1999-06-18,71.14,False,False
1999-06-19,80.91,False,False
1999-06-20,80.0,False,False
1999-06-21,82.91998,False,False
1999-06-22,77.92,False,False
1999-06-23,65.27,False,False
1999-06-24,60.58,False,False
1999-06-25,366.6,False,False
1999-06-26,368.5,False,False
1999-06-27,295.0,False,False
1999-06-28,262.5,False,False
1999-06-29,257.0,False,False
1999-06-30,140.0,False,False
1999-07-01,103.5,False,False
1999-07-02,81.32,False,False
1999-07-03,68.89,False,False
1999-07-04,65.0,False,False
1999-07-05,61.43,False,False
1999-07-06,64.13,False,False
1999-07-07,62.21,False,False
1999-07-08,64.29,False,False
1999-07-09,76.63,False,False
1999-07-10,90.15,False,False
1999-07-11,118.0,False,False
1999-07-12,143.3,False,False
1999-07-13,142.6,False,False
1999-07-14,143.4,False,False
1999-07-15,94.97,False,False
1999-07-16,75.06,False,False
1999-07-17,62.87,False,False
1999-07-18,58.0,False,False
1999-07-19,150.6,False,False
1999-07-20,899.2,False,False
1999-07-21,935.1,False,False
1999-07-22,944.4,False,False
1999-07-23,708.8,False,False
1999-07-24,450.4,False,False
1999-07-25,630.0,False,False
1999-07-26,455.2,False,False
1999-07-27,267.3,False,False
1999-07-28,236.3,False,False
1999-07-29,754.6,False,False
1999-07-30,664.7,False,False
1999-07-31,1060.0,False,False
1999-08-01,880.0,False,False
1999-08-02,871.3,False,False
1999-08-03,1025.0,False,False
1999-08-04,1091.0,False,False
1999-08-05,1007.0,False,False
1999-08-06,840.4,False,False
1999-08-07,744.6,False,False
1999-08-08,530.0,False,False
1999-08-09,1397.0,False,False
1999-08-10,1531.0,False,False
1999-08-11,1377.0,False,False
1999-08-12,1177.0,False,False
1999-08-13,987.5,False,False
1999-08-14,653.1,False,False
1999-08-15,520.0,False,False
1999-08-16,381.9,False,False
1999-08-17,254.0,False,False
1999-08-18,270.0,False,False
1999-08-19,240.9,False,False
1999-08-20,269.9,False,False
1999-08-21,296.1,False,False
1999-08-22,285.0,False,False
1999-08-23,217.7,False,False
1999-08-24,199.2,False,False
1999-08-25,190.8,False,False
1999-08-26,215.4,False,False
1999-08-27,264.9,False,False
1999-08-28,238.0,False,False
1999-08-29,223.0,False,False
1999-08-30,205.9,False,False
1999-08-31,229.2,False,False
1999-09-01,241.9,False,False
1999-09-02,229.0,False,False
1999-09-03,212.4,False,False
1999-09-04,199.2,False,False
1999-09-05,183.5,False,False
1999-09-06,176.2,False,False
1999-09-07,183.3,False,False
1999-09-08,164.8,False,False
1999-09-09,161.8,False,False
1999-09-10,158.5,False,False
1999-09-11,165.5,False,False
1999-09-12,177.5,False,False
1999-09-13,172.5,False,False
1999-09-14,163.2,False,False
1999-09-15,162.2,False,False
1999-09-16,151.2,False,False
1999-09-17,143.8,False,False
1999-09-18,143.1,False,False
1999-09-19,150.0,False,False
1999-09-20,138.6,False,False
1999-09-21,144.6,False,False
1999-09-22,139.5,False,False
1999-09-23,131.8,False,False
1999-09-24,137.1,False,False
1999-09-25,166.8,False,False
1999-09-26,181.5,False,False
1999-09-27,282.6,False,False
1999-09-28,326.5,False,False
1999-09-29,295.1,False,False
1999-09-30,262.1,False,False
1999-10-01,402.5,False,False
1999-10-02,502.5,False,False
1999-10-03,690.0,False,False
1999-10-04,656.0,False,False
1999-10-05,512.9,False,False
1999-10-06,415.7,False,False
1999-10-07,439.8,False,False
1999-10-08,518.4,False,False
1999-10-09,412.0,False,False
1999-10-10,345.0,False,False
1999-10-11,299.7,False,False
1999-10-12,282.5,False,False
1999-10-13,316.9,False,False
1999-10-14,519.9,False,False
1999-10-15,382.8,False,False
1999-10-16,593.9,False,False
1999-10-17,606.5,False,False
1999-10-18,639.0,False,False
1999-10-19,495.0,False,False
1999-10-20,443.0,False,False
1999-10-21,450.0,False,False
1999-10-22,439.5,False,False
1999-10-23,640.5,False,False
1999-10-24,825.0,False,False
1999-10-25,1204.0,False,False
1999-10-26,1535.0,False,False
1999-10-27,2023.0,False,False
1999-10-28,1637.0,False,False
1999-10-29,1691.0,False,False
1999-10-30,1537.0,False,False
1999-10-31,1105.0,False,False
1999-11-01,744.0,False,False
1999-11-02,466.9,False,False
1999-11-03,390.2,False,False
1999-11-04,322.3,False,False
1999-11-05,317.2,False,False
1999-11-06,544.0,False,False
1999-11-07,445.0,False,False
1999-11-08,361.1,False,False
1999-11-09,315.6,False,False
1999-11-10,294.2,False,False
1999-11-11,288.8,False,False
1999-11-12,272.6,False,False
1999-11-13,256.0,False,False
1999-11-14,257.5,False,False
1999-11-15,251.3,False,False
1999-11-16,243.8,False,False
1999-11-17,231.5,False,False
1999-11-18,239.6,False,False
1999-11-19,224.9,False,False
1999-11-20,249.9,False,False
1999-11-21,298.0,False,False
1999-11-22,430.8,False,False
1999-11-23,835.0,False,False
1999-11-24,824.8,False,False
1999-11-25,545.9,False,False
1999-11-26,368.2,False,False
1999-11-27,328.8,False,False
1999-11-28,300.0,False,False
1999-11-29,310.8,False,False
1999-11-30,333.2,False,False
1999-12-01,325.1,False,False
1999-12-02,313.6,False,False
1999-12-03,279.9,False,False
1999-12-04,263.5,False,False
1999-12-05,247.0,False,False
1999-12-06,241.7,False,False
1999-12-07,241.6,False,False
1999-12-08,227.6,False,False
1999-12-09,228.0,False,False
1999-12-10,231.7,False,False
1999-12-11,225.0,False,False
1999-12-12,222.0,False,False
1999-12-13,213.3,False,False
1999-12-14,219.5,False,False
1999-12-15,221.2,False,False
1999-12-16,217.5,False,False
1999-12-17,209.0,False,False
1999-12-18,197.1,False,False
1999-12-19,200.0,False,False
1999-12-20,183.6,False,False
1999-12-21,191.0,False,False
1999-12-22,194.8,False,False
1999-12-23,176.8,False,False
1999-12-24,206.7,False,False
1999-12-25,219.0,False,False
1999-12-26,194.0,False,False
1999-12-27,201.8,False,False
1999-12-28,181.3,False,False
1999-12-29,168.9,False,False
1999-12-30,155.6,False,False
1999-12-31,147.6,False,False
2000-01-01,131.7,False,False
2000-01-02,123.5,False,False
2000-01-03,121.8,False,False
2000-01-04,118.0,False,False
2000-01-05,117.5,False,False
2000-01-06,114.3,False,False
2000-01-07,104.9,False,False
2000-01-08,102.0,False,False
2000-01-09,106.5,False,False
2000-01-10,102.5,False,False
2000-01-11,104.0,False,False
2000-01-12,100.6,False,False
2000-01-13,102.3,False,False
2000-01-14,104.0,False,False
2000-01-15,98.0,False,False
2000-01-16,104.0,False,False
2000-01-17,95.68,False,False
2000-01-18,97.8,False,False
2000-01-19,93.3,False,False
2000-01-20,93.24,False,False
2000-01-21,90.35,False,False
2000-01-22,94.24,False,False
2000-01-23,88.0,False,False
2000-01-24,84.56,False,False
2000-01-25,86.35,False,False
2000-01-26,90.0,False,False
2000-01-27,88.45,False,False
2000-01-28,94.27,False,False
2000-01-29,88.77,False,False
2000-01-30,86.0,False,False
2000-01-31,80.37,False,False
2000-02-01,75.84,False,False
2000-02-02,75.44,False,False
2000-02-03,73.04,False,False
2000-02-04,65.68,False,False
2000-02-05,67.75,False,False
2000-02-06,65.0,False,False
2000-02-07,74.51,False,False
2000-02-08,54.31,False,False
2000-02-09,53.37,False,False
2000-02-10,52.4,False,False
2000-02-11,48.77,False,False
2000-02-12,57.47,False,False
2000-02-13,59.0,False,False
2000-02-14,58.3,False,False
2000-02-15,60.46,False,False
2000-02-16,61.71,False,False
2000-02-17,59.6,False,False
2000-02-18,62.78,False,False
2000-02-19,61.13,False,False
2000-02-20,60.0,False,False
2000-02-21,64.9,False,False
2000-02-22,68.0,False,False
2000-02-23,63.17,False,False
2000-02-24,64.44,False,False
2000-02-25,73.15,False,False
2000-02-26,79.48,False,False
2000-02-27,72.0,False,False
2000-02-28,81.63,False,False
2000-02-29,178.5,False,False
2000-03-01,129.8,False,False
2000-03-02,98.94,False,False
2000-03-03,83.51,False,False
2000-03-04,70.49,False,False
2000-03-05,70.0,False,False
2000-03-06,72.12,False,False
2000-03-07,73.59,False,False
2000-03-08,69.62,False,False
2000-03-09,63.27,False,False
2000-03-10,71.29,False,False
2000-03-11,72.0,False,False
2000-03-12,69.0,False,False
2000-03-13,68.02,False,False
2000-03-14,61.15,False,False
2000-03-15,52.44,False,False
2000-03-16,59.73,False,False
2000-03-17,57.0,False,False
2000-03-18,50.63,False,False
2000-03-19,50.0,False,False
2000-03-20,44.56,False,False
2000-03-21,44.58,False,False
2000-03-22,44.57,False,False
2000-03-23,47.82,False,False
2000-03-24,50.58,False,False
2000-03-25,44.78,False,False
2000-03-26,43.0,False,False
2000-03-27,38.51,False,False
2000-03-28,37.51,False,False
2000-03-29,41.91,False,False
2000-03-30,45.77,False,False
2000-03-31,47.7,False,False
2000-04-01,53.55,False,False
2000-04-02,54.5,False,False
2000-04-03,60.2,False,False
2000-04-04,65.58,False,False
2000-04-05,65.0,False,False
2000-04-06,66.58,False,False
2000-04-07,85.58,False,False
2000-04-08,82.5,False,False
2000-04-09,68.8,False,False
2000-04-10,66.73,False,False
2000-04-11,57.98,False,False
2000-04-12,59.03,False,False
2000-04-13,57.74,False,False
2000-04-14,59.0,False,False
2000-04-15,138.0,False,False
2000-04-16,160.8,False,False
2000-04-17,154.8,False,False
2000-04-18,122.6,False,False
2000-04-19,113.8,False,False
2000-04-20,116.0,False,False
2000-04-21,84.0,False,False
2000-04-22,71.47,False,False
2000-04-23,57.0,False,False
2000-04-24,53.31,False,False
2000-04-25,54.38,False,False
2000-04-26,52.71,False,False
2000-04-27,46.44,False,False
2000-04-28,49.23,False,False
2000-04-29,46.66,False,False
2000-04-30,47.0,False,False
2000-05-01,94.78,False,False
2000-05-02,71.09,False,False
2000-05-03,65.16,False,False
2000-05-04,112.6,False,False
2000-05-05,130.6,False,False
2000-05-06,135.1,False,False
2000-05-07,94.0,False,False
2000-05-08,95.77,False,False
2000-05-09,89.14,False,False
2000-05-10,71.43,False,False
2000-05-11,70.73,False,False
2000-05-12,64.2,False,False
2000-05-13,64.62,False,False
2000-05-14,63.0,False,False
2000-05-15,52.26,False,False
2000-05-16,48.24,False,False
2000-05-17,53.41,False,False
2000-05-18,54.5,False,False
2000-05-19,52.43,False,False
2000-05-20,46.95,False,False
2000-05-21,42.5,False,False
2000-05-22,40.37,False,False
2000-05-23,42.96,False,False
2000-05-24,43.4,False,False
2000-05-25,44.7,False,False
2000-05-26,40.48,False,False
2000-05-27,46.15,False,False
2000-05-28,44.0,False,False
2000-05-29,43.08,False,False
2000-05-30,42.94,False,False
2000-05-31,48.45,False,False
2000-06-01,48.032196,False,False
2000-06-02,52.25832,False,False
2000-06-03,56.967945,False,False
2000-06-04,57.59,False,False
2000-06-05,52.46995,False,False
2000-06-06,56.93035,False,False
2000-06-07,56.33457,False,False
2000-06-08,52.640915,False,False
2000-06-09,55.92753,False,False
2000-06-10,52.463245,False,False
2000-06-11,49.16,False,False
2000-06-12,51.045578,False,False
2000-06-13,46.16748,False,False
2000-06-14,47.9719,False,False
2000-06-15,49.98,False,False
2000-06-16,43.13991,False,False
2000-06-17,42.978058,False,False
2000-06-18,49.16,False,False
2000-06-19,50.977665,False,False
2000-06-20,50.735695,False,False
2000-06-21,47.538486,False,False
2000-06-22,45.883076,False,False
2000-06-23,57.017582,False,False
2000-06-24,72.94751,False,False
2000-06-25,180.5,False,False
2000-06-26,122.58868,False,False
2000-06-27,91.08413,False,False
2000-06-28,77.47981,False,False
2000-06-29,139.35011,False,False
2000-06-30,152.8186,False,False
2000-07-01,151.92052,False,False
2000-07-02,221.0,False,False
2000-07-03,292.58694,False,False
2000-07-04,312.57816,False,False
2000-07-05,309.9725,False,False
2000-07-06,252.65471,False,False
2000-07-07,192.43115,False,False
2000-07-08,251.0745,False,False
2000-07-09,248.9,False,False
2000-07-10,235.7433,False,False
2000-07-11,233.39055,False,False
2000-07-12,238.40408,False,False
2000-07-13,215.38588,False,False
2000-07-14,439.16342,False,False
2000-07-15,585.38354,False,False
2000-07-16,399.8,False,False
2000-07-17,342.45694,False,False
2000-07-18,329.72495,False,False
2000-07-19,257.98557,False,False
2000-07-20,178.9852,False,False
2000-07-21,103.87763,False,False
2000-07-22,111.9881,False,False
2000-07-23,274.7,False,False
2000-07-24,215.15318,False,False
2000-07-25,169.3445,False,False
2000-07-26,167.9332,False,False
2000-07-27,142.09349,False,False
2000-07-28,105.85151,False,False
2000-07-29,82.403435,False,False
2000-07-30,78.99,False,False
2000-07-31,79.343475,False,False
2000-08-01,148.11218,False,False
2000-08-02,178.1448,False,False
2000-08-03,181.08426,False,False
2000-08-04,634.14264,False,False
2000-08-05,778.79114,False,False
2000-08-06,675.6,False,False
2000-08-07,405.25104,False,False
2000-08-08,273.0691,False,False
2000-08-09,183.0336,False,False
2000-08-10,149.39633,False,False
2000-08-11,144.6322,False,False
2000-08-12,135.38173,False,False
2000-08-13,119.0,False,False
2000-08-14,174.07855,False,False
2000-08-15,247.3,False,False
2000-08-16,217.93092,False,False
2000-08-17,232.39494,False,False
2000-08-18,215.25116,False,False
2000-08-19,170.38098,False,False
2000-08-20,183.3,False,False
2000-08-21,163.55646,False,False
2000-08-22,151.35027,False,False
2000-08-23,154.85715,False,False
2000-08-24,193.01779,False,False
2000-08-25,204.32925,False,False
2000-08-26,280.24033,False,False
2000-08-27,903.6,False,False
2000-08-28,1097.4014,False,False
2000-08-29,2281.513,False,False
2000-08-30,1647.3783,False,False
2000-08-31,1225.2054,False,False
2000-09-01,743.7,False,False
2000-09-02,410.63507,False,False
2000-09-03,288.0,False,False
2000-09-04,205.83356,False,False
2000-09-05,215.03815,False,False
2000-09-06,790.1771,False,False
2000-09-07,970.14734,False,False
2000-09-08,980.23865,False,False
2000-09-09,947.72534,False,False
2000-09-10,485.8,False,False
2000-09-11,251.20229,False,False
2000-09-12,190.92435,False,False
2000-09-13,185.05045,False,False
2000-09-14,240.52669,False,False
2000-09-15,653.4099,False,False
2000-09-16,557.2325,False,False
2000-09-17,601.96704,False,False
2000-09-18,519.7209,False,False
2000-09-19,1012.0229,False,False
2000-09-20,651.5178,False,False
2000-09-21,753.6895,False,False
2000-09-22,1077.1469,False,False
2000-09-23,1455.7655,False,False
2000-09-24,1164.0,False,False
2000-09-25,1144.905,False,False
2000-09-26,774.4382,False,False
2000-09-27,414.6655,False,False
2000-09-28,543.6449,False,False
2000-09-29,741.11035,False,False
2000-09-30,529.3094,False,False
2000-10-01,1913.0,False,False
2000-10-02,1777.0,False,False
2000-10-03,1415.6163,False,False
2000-10-04,2097.6614,False,False
2000-10-05,1142.8286,False,False
2000-10-06,626.22534,False,False
2000-10-07,768.6,False,False
2000-10-08,1170.0,False,False
2000-10-09,1993.7932,False,False
2000-10-10,2412.0,False,False
2000-10-11,1862.7943,False,False
2000-10-12,1211.6016,False,False
2000-10-13,1303.5922,False,False
2000-10-14,1399.1318,False,False
2000-10-15,863.8,False,False
2000-10-16,650.68634,False,False
2000-10-17,562.3866,False,False
2000-10-18,483.03815,False,False
2000-10-19,434.62894,False,False
2000-10-20,670.427,False,False
2000-10-21,742.2744,False,False
2000-10-22,661.4,False,False
2000-10-23,1431.1387,False,False
2000-10-24,1737.9496,False,False
2000-10-25,1607.3834,False,False
2000-10-26,882.3,False,False
2000-10-27,561.017,False,False
2000-10-28,405.5453,False,False
2000-10-29,399.8,False,False
2000-10-30,409.2644,False,False
2000-10-31,339.83533,False,False
2000-11-01,363.82053,False,False
2000-11-02,353.51984,False,False
2000-11-03,355.49207,False,False
2000-11-04,331.5897,False,False
2000-11-05,340.2,False,False
2000-11-06,326.58133,False,False
2000-11-07,315.9854,False,False
2000-11-08,312.08725,False,False
2000-11-09,298.9709,False,False
2000-11-10,314.13312,False,False
2000-11-11,308.5,False,False
2000-11-12,274.7,False,False
2000-11-13,258.83508,False,False
2000-11-14,246.33524,False,False
2000-11-15,240.8808,False,False
2000-11-16,244.16039,False,False
2000-11-17,226.39375,False,False
2000-11-18,225.87456,False,False
2000-11-19,219.5,False,False
2000-11-20,227.77641,False,False
2000-11-21,248.22935,False,False
2000-11-22,258.90903,False,False
2000-11-23,252.34682,False,False
2000-11-24,364.06458,False,False
2000-11-25,563.3419,False,False
2000-11-26,431.0,False,False
2000-11-27,323.31927,False,False
2000-11-28,280.15543,False,False
2000-11-29,263.4853,False,False
2000-11-30,270.72678,False,False
2000-12-01,516.8049,False,False
2000-12-02,772.8,False,False
2000-12-03,563.3,False,False
2000-12-04,364.23285,False,False
2000-12-05,307.65442,False,False
2000-12-06,272.03745,False,False
2000-12-07,218.1,False,False
2000-12-08,214.2,False,False
2000-12-09,204.7,False,False
2000-12-10,204.7,False,False
2000-12-11,193.6472,False,False
2000-12-12,184.24817,False,False
2000-12-13,197.02771,False,False
2000-12-14,165.98798,False,False
2000-12-15,168.02287,False,False
2000-12-16,166.31389,False,False
2000-12-17,155.3,False,False
2000-12-18,153.20665,False,False
2000-12-19,154.42984,False,False
2000-12-20,165.94174,False,False
2000-12-21,145.12465,False,False
2000-12-22,141.97365,False,False
2000-12-23,144.44107,False,False
2000-12-24,143.9,False,False
2000-12-25,140.2,False,False
2000-12-26,141.84398,False,False
2000-12-27,130.12267,False,False
2000-12-28,117.8,False,False
2000-12-29,119.80345,False,False
2000-12-30,131.5,False,False
2000-12-31,157.9,False,False
2001-01-01,148.0,False,False
2001-01-02,149.9,False,False
2001-01-03,147.97437,False,False
2001-01-04,138.03452,False,False
2001-01-05,125.022224,False,False
2001-01-06,117.4,False,False
2001-01-07,124.7,False,False
2001-01-08,116.66249,False,False
2001-01-09,116.381004,False,False
2001-01-10,108.74066,False,False
2001-01-11,109.1551,False,False
2001-01-12,110.090004,False,False
2001-01-13,105.6,False,False
2001-01-14,92.03,False,False
2001-01-15,77.540794,False,False
2001-01-16,68.2042,False,False
2001-01-17,76.82492,False,False
2001-01-18,80.24123,False,False
2001-01-19,80.28805,False,False
2001-01-20,88.24346,False,False
2001-01-21,84.1,False,False
2001-01-22,78.7127,False,False
2001-01-23,75.61886,False,False
2001-01-24,63.701725,False,False
2001-01-25,71.34169,False,False
2001-01-26,91.02,False,False
2001-01-27,88.120865,False,False
2001-01-28,90.02,False,False
2001-01-29,88.02205,False,False
2001-01-30,82.99824,False,False
2001-01-31,75.26948,False,False
2001-02-01,78.50469,False,False
2001-02-02,77.489944,False,False
2001-02-03,77.4264,False,False
2001-02-04,70.12,False,False
2001-02-05,63.572903,False,False
2001-02-06,59.132923,False,False
2001-02-07,45.956963,False,False
2001-02-08,47.470284,False,False
2001-02-09,55.58018,False,False
2001-02-10,58.95,False,False
2001-02-11,52.52,False,False
2001-02-12,58.62397,False,False
2001-02-13,60.126133,False,False
2001-02-14,60.818554,False,False
2001-02-15,68.82653,False,False
2001-02-16,72.01634,False,False
2001-02-17,63.519753,False,False
2001-02-18,58.13,False,False
2001-02-19,72.96435,False,False
2001-02-20,66.35916,False,False
2001-02-21,79.31,False,False
2001-02-22,76.87482,False,False
2001-02-23,80.20919,False,False
2001-02-24,79.524956,False,False
2001-02-25,76.5,False,False
2001-02-26,72.79149,False,False
2001-02-27,70.01145,False,False
2001-02-28,68.175125,False,False
2001-03-01,72.75177,False,False
2001-03-02,72.51461,False,False
2001-03-03,76.964966,False,False
2001-03-04,68.35,False,False
2001-03-05,69.19496,False,False
2001-03-06,65.72,False,False
2001-03-07,63.5929,False,False
2001-03-08,64.73243,False,False
2001-03-09,58.66595,False,False
2001-03-10,57.31,False,False
2001-03-11,55.7,False,False
2001-03-12,52.7598,False,False
2001-03-13,56.505875,False,False
2001-03-14,49.953255,False,False
2001-03-15,45.046345,False,False
2001-03-16,45.643257,False,False
2001-03-17,59.538853,False,False
2001-03-18,46.44,False,False
2001-03-19,65.42567,False,False
2001-03-20,67.34032,False,False
2001-03-21,65.496605,False,False
2001-03-22,70.575836,False,False
2001-03-23,68.797745,False,False
2001-03-24,68.738434,False,False
2001-03-25,67.46,False,False
2001-03-26,67.32479,False,False
2001-03-27,63.690662,False,False
2001-03-28,63.844475,False,False
2001-03-29,60.8322,False,False
2001-03-30,51.758583,False,False
2001-03-31,49.618797,False,False
2001-04-01,43.52,False,False
2001-04-02,42.284233,False,False
2001-04-03,40.73817,False,False
2001-04-04,39.87371,False,False
2001-04-05,34.01,False,False
2001-04-06,19.74,False,False
2001-04-07,41.531364,False,False
2001-04-08,55.7,False,False
2001-04-09,56.743217,False,False
2001-04-10,57.82,False,False
2001-04-11,64.3368,False,False
2001-04-12,72.657036,False,False
2001-04-13,88.03,False,False
2001-04-14,261.9765,False,False
2001-04-15,265.3,False,False
2001-04-16,285.19193,False,False
2001-04-17,226.80171,False,False
2001-04-18,179.35129,False,False
2001-04-19,163.0324,False,False
2001-04-20,137.04138,False,False
2001-04-21,109.28861,False,False
2001-04-22,84.1,False,False
2001-04-23,82.42008,False,False
2001-04-24,73.652664,False,False
2001-04-25,73.46817,False,False
2001-04-26,69.94,False,False
2001-04-27,63.37111,False,False
2001-04-28,56.034172,False,False
2001-04-29,52.52,False,False
2001-04-30,52.484375,False,False
2001-05-01,52.317127,False,False
2001-05-02,64.583755,False,False
2001-05-03,72.084854,False,False
2001-05-04,83.11737,False,False
2001-05-05,94.772896,False,False
2001-05-06,106.7,False,False
2001-05-07,142.7,False,False
2001-05-08,213.70807,False,False
2001-05-09,170.42001,False,False
2001-05-10,131.85464,False,False
2001-05-11,111.22765,False,False
2001-05-12,95.05252,False,False
2001-05-13,85.08,False,False
2001-05-14,73.97541,False,False
2001-05-15,70.93064,False,False
2001-05-16,70.203354,False,False
2001-05-17,63.09442,False,False
2001-05-18,56.774456,False,False
2001-05-19,52.810593,False,False
2001-05-20,55.7,False,False
2001-05-21,57.469383,False,False
2001-05-22,64.08391,False,False
2001-05-23,64.17258,False,False
2001-05-24,64.004456,False,False
2001-05-25,69.087906,False,False
2001-05-26,65.00123,False,False
2001-05-27,64.0,False,False
2001-05-28,58.300358,False,False
2001-05-29,63.36415,False,False
2001-05-30,62.75184,False,False
2001-05-31,68.46346,False,False
2001-06-01,68.57605,False,False
2001-06-02,68.17469,False,False
2001-06-03,65.64,False,False
2001-06-04,64.126526,False,False
2001-06-05,63.02,False,False
2001-06-06,61.653873,False,False
2001-06-07,73.047874,False,False
2001-06-08,54.738495,False,False
2001-06-09,54.09774,False,False
2001-06-10,51.44,False,False
2001-06-11,52.84825,False,False
2001-06-12,52.8031,False,False
2001-06-13,52.659557,False,False
2001-06-14,53.06767,False,False
2001-06-15,57.1025,False,False
2001-06-16,69.67841,False,False
2001-06-17,74.7,False,False
2001-06-18,73.761185,False,False
2001-06-19,67.8911,False,False
2001-06-20,60.141445,False,False
2001-06-21,54.72566,False,False
2001-06-22,51.07705,False,False
2001-06-23,54.522602,False,False
2001-06-24,72.85,False,False
2001-06-25,87.17818,False,False
2001-06-26,92.575294,False,False
2001-06-27,317.60626,False,False
2001-06-28,278.9143,False,False
2001-06-29,225.59938,False,False
2001-06-30,229.30893,False,False
2001-07-01,228.1,False,False
2001-07-02,214.08542,False,False
2001-07-03,176.33092,False,False
2001-07-04,167.29268,False,False
2001-07-05,136.65242,False,False
2001-07-06,139.70653,False,False
2001-07-07,267.35318,False,False
2001-07-08,284.4,False,False
2001-07-09,438.8946,False,False
2001-07-10,824.47845,False,False
2001-07-11,934.83746,False,False
2001-07-12,948.19165,False,False
2001-07-13,851.58124,False,False
2001-07-14,585.7399,False,False
2001-07-15,427.2,False,False
2001-07-16,383.915,False,False
2001-07-17,263.2433,False,False
2001-07-18,223.66637,False,False
2001-07-19,186.17628,False,False
2001-07-20,151.25684,False,False
2001-07-21,131.54982,False,False
2001-07-22,132.4,False,False
2001-07-23,127.1672,False,False
2001-07-24,104.54172,False,False
2001-07-25,78.38169,False,False
2001-07-26,64.09259,False,False
2001-07-27,57.66291,False,False
2001-07-28,92.21939,False,False
2001-07-29,142.2,False,False
2001-07-30,149.20296,False,False
2001-07-31,126.621056,False,False
2001-08-01,144.34677,False,False
2001-08-02,143.3574,False,False
2001-08-03,197.969,False,False
2001-08-04,172.6462,False,False
2001-08-05,166.6,False,False
2001-08-06,387.34692,False,False
2001-08-07,430.67957,False,False
2001-08-08,403.09412,False,False
2001-08-09,316.07285,False,False
2001-08-10,289.66815,False,False
2001-08-11,295.58548,False,False
2001-08-12,219.0,False,False
2001-08-13,177.60764,False,False
2001-08-14,163.55498,False,False
2001-08-15,167.9,False,False
2001-08-16,162.19728,False,False
2001-08-17,177.5266,False,False
2001-08-18,173.26068,False,False
2001-08-19,176.0,False,False
2001-08-20,218.60577,False,False
2001-08-21,362.16794,False,False
2001-08-22,453.8,False,False
2001-08-23,467.13858,False,False
2001-08-24,354.01425,False,False
2001-08-25,318.8859,False,False
2001-08-26,387.6,False,False
2001-08-27,420.049,False,False
2001-08-28,427.78833,False,False
2001-08-29,313.35306,False,False
2001-08-30,232.45479,False,False
2001-08-31,199.63116,False,False
2001-09-01,166.4659,False,False
2001-09-02,149.7,False,False
2001-09-03,140.22917,False,False
2001-09-04,137.65463,False,False
2001-09-05,147.32513,False,False
2001-09-06,136.32878,False,False
2001-09-07,132.31245,False,False
2001-09-08,125.59789,False,False
2001-09-09,135.0,False,False
2001-09-10,150.48573,False,False
2001-09-11,180.5805,False,False
2001-09-12,154.93256,False,False
2001-09-13,142.5222,False,False
2001-09-14,176.20224,False,False
2001-09-15,149.93645,False,False
2001-09-16,222.0,False,False
2001-09-17,271.37308,False,False
2001-09-18,406.02814,False,False
2001-09-19,501.21008,False,False
2001-09-20,423.95694,False,False
2001-09-21,441.99005,False,False
2001-09-22,442.9173,False,False
2001-09-23,468.4,False,False
2001-09-24,399.46335,False,False
2001-09-25,410.33182,False,False
2001-09-26,344.52185,False,False
2001-09-27,467.2607,False,False
2001-09-28,362.45517,False,False
2001-09-29,335.45355,False,False
2001-09-30,303.2,False,False
2001-10-01,298.20728,False,False
2001-10-02,353.5,False,False
2001-10-03,287.4465,False,False
2001-10-04,223.15057,False,False
2001-10-05,201.31865,False,False
2001-10-06,217.85152,False,False
2001-10-07,232.7,False,False
2001-10-08,261.97235,False,False
2001-10-09,238.71251,False,False
2001-10-10,227.08519,False,False
2001-10-11,249.22925,False,False
2001-10-12,229.23134,False,False
2001-10-13,690.6182,False,False
2001-10-14,507.0,False,False
2001-10-15,355.8849,False,False
2001-10-16,724.9695,False,False
2001-10-17,539.76917,False,False
2001-10-18,465.36804,False,False
2001-10-19,351.23508,False,False
2001-10-20,296.99155,False,False
2001-10-21,346.1,False,False
2001-10-22,311.28714,False,False
2001-10-23,264.08026,False,False
2001-10-24,215.9869,False,False
2001-10-25,222.029,False,False
2001-10-26,1112.0,False,False
2001-10-27,1213.0,False,False
2001-10-28,776.7,False,False
2001-10-29,471.4831,False,False
2001-10-30,308.60635,False,False
2001-10-31,292.09515,False,False
2001-11-01,271.78995,False,False
2001-11-02,250.69739,False,False
2001-11-03,242.637,False,False
2001-11-04,231.2,False,False
2001-11-05,222.542,False,False
2001-11-06,221.74821,False,False
2001-11-07,465.66348,False,False
2001-11-08,807.1207,False,False
2001-11-09,933.7594,False,False
2001-11-10,595.83813,False,False
2001-11-11,451.7,False,False
2001-11-12,301.92645,False,False
2001-11-13,303.9184,False,False
2001-11-14,251.5,False,False
2001-11-15,226.57666,False,False
2001-11-16,241.39885,False,False
2001-11-17,287.39166,False,False
2001-11-18,319.0,False,False
2001-11-19,284.29623,False,False
2001-11-20,277.9776,False,False
2001-11-21,273.28732,False,False
2001-11-22,257.15634,False,False
2001-11-23,252.58955,False,False
2001-11-24,249.21721,False,False
2001-11-25,248.4,False,False
2001-11-26,237.78857,False,False
2001-11-27,224.41826,False,False
2001-11-28,216.15909,False,False
2001-11-29,204.1698,False,False
2001-11-30,210.1,False,False
2001-12-01,204.439,False,False
2001-12-02,203.0,False,False
2001-12-03,190.17992,False,False
2001-12-04,203.61505,False,False
2001-12-05,194.29109,False,False
2001-12-06,190.6076,False,False
2001-12-07,176.64632,False,False
2001-12-08,178.9862,False,False
2001-12-09,156.0,False,False
2001-12-10,154.58382,False,False
2001-12-11,154.04106,False,False
2001-12-12,154.90051,False,False
2001-12-13,148.61794,False,False
2001-12-14,138.71335,False,False
2001-12-15,133.30688,False,False
2001-12-16,143.3,False,False
2001-12-17,142.1,False,False
2001-12-18,143.09566,False,False
2001-12-19,133.4985,False,False
2001-12-20,132.9768,False,False
2001-12-21,139.48814,False,False
2001-12-22,138.14624,False,False
2001-12-23,140.9,False,False
2001-12-24,138.06512,False,False
2001-12-25,148.3,False,False
2001-12-26,144.8455,False,False
2001-12-27,130.20816,False,False
2001-12-28,123.67549,False,False
2001-12-29,121.522804,False,False
2001-12-30,116.2,False,False
2001-12-31,104.19835,False,False
2002-01-01,98.95148,False,False
2002-01-02,105.0732,False,False
2002-01-03,101.976326,False,False
2002-01-04,91.7241,False,False
2002-01-05,73.61921,False,False
2002-01-06,88.95,False,False
2002-01-07,72.48418,False,False
2002-01-08,87.3153,False,False
2002-01-09,80.452385,False,False
2002-01-10,85.66806,False,False
2002-01-11,84.43537,False,False
2002-01-12,76.01244,False,False
2002-01-13,56.34,False,False
2002-01-14,73.06,False,False
2002-01-15,50.197926,False,False
2002-01-16,47.957676,False,False
2002-01-17,41.699234,False,False
2002-01-18,50.358543,False,False
2002-01-19,60.131752,False,False
2002-01-20,64.43,False,False
2002-01-21,60.217873,False,False
2002-01-22,64.87844,False,False
2002-01-23,59.20729,False,False
2002-01-24,60.552258,False,False
2002-01-25,62.35859,False,False
2002-01-26,80.35,False,False
2002-01-27,67.82,False,False
2002-01-28,65.77074,False,False
2002-01-29,62.02224,False,False
2002-01-30,66.445564,False,False
2002-01-31,67.18711,False,False
2002-02-01,61.32021,False,False
2002-02-02,62.46314,False,False
2002-02-03,66.97,False,False
2002-02-04,44.25152,False,False
2002-02-05,45.03476,False,False
2002-02-06,44.867104,False,False
2002-02-07,40.70517,False,False
2002-02-08,41.26695,False,False
2002-02-09,39.60648,False,False
2002-02-10,38.46,False,False
2002-02-11,36.254383,False,False
2002-02-12,41.97062,False,False
2002-02-13,42.038628,False,False
2002-02-14,40.951664,False,False
2002-02-15,66.22372,False,False
2002-02-16,53.171486,False,False
2002-02-17,43.82,False,False
2002-02-18,59.007904,False,False
2002-02-19,51.75534,False,False
2002-02-20,52.377342,False,False
2002-02-21,54.599888,False,False
2002-02-22,49.31626,False,False
2002-02-23,55.56,False,False
2002-02-24,48.79,False,False
2002-02-25,49.110096,False,False
2002-02-26,41.55263,False,False
2002-02-27,47.655376,False,False
2002-02-28,54.13688,False,False
2002-03-01,63.66259,False,False
2002-03-02,56.17344,False,False
2002-03-03,54.79,False,False
2002-03-04,59.357296,False,False
2002-03-05,56.26203,False,False
2002-03-06,49.573727,False,False
2002-03-07,41.511074,False,False
2002-03-08,32.207695,False,False
2002-03-09,37.026794,False,False
2002-03-10,44.51,False,False
2002-03-11,36.429386,False,False
2002-03-12,32.281273,False,False
2002-03-13,30.522448,False,False
2002-03-14,30.416473,False,False
2002-03-15,32.66108,False,False
2002-03-16,38.49877,False,False
2002-03-17,43.13,False,False
2002-03-18,41.866325,False,False
2002-03-19,31.728313,False,False
2002-03-20,36.197742,False,False
2002-03-21,47.690025,False,False
2002-03-22,50.409042,False,False
2002-03-23,50.79816,False,False
2002-03-24,62.77,False,False
2002-03-25,56.34,False,False
2002-03-26,53.187244,False,False
2002-03-27,51.897453,False,False
2002-03-28,53.583553,False,False
2002-03-29,64.43,False,False
2002-03-30,72.091736,False,False
2002-03-31,62.77,False,False
2002-04-01,60.010822,False,False
2002-04-02,73.94076,False,False
2002-04-03,54.38915,False,False
2002-04-04,41.587345,False,False
2002-04-05,38.949863,False,False
2002-04-06,38.956608,False,False
2002-04-07,43.13,False,False
2002-04-08,40.27975,False,False
2002-04-09,41.51836,False,False
2002-04-10,49.538425,False,False
2002-04-11,49.52081,False,False
2002-04-12,53.601955,False,False
2002-04-13,56.02887,False,False
2002-04-14,51.74,False,False
2002-04-15,50.00439,False,False
2002-04-16,59.381367,False,False
2002-04-17,59.514046,False,False
2002-04-18,53.536476,False,False
2002-04-19,50.282417,False,False
2002-04-20,49.512295,False,False
2002-04-21,58.71,False,False
2002-04-22,41.54867,False,False
2002-04-23,41.30021,False,False
2002-04-24,40.282307,False,False
2002-04-25,56.34,False,False
2002-04-26,52.982285,False,False
2002-04-27,43.555523,False,False
2002-04-28,41.77,False,False
2002-04-29,40.83936,False,False
2002-04-30,29.428024,False,False
2002-05-01,26.279686,False,False
2002-05-02,23.27,False,False
2002-05-03,23.30363,False,False
2002-05-04,23.702093,False,False
2002-05-05,29.34,False,False
2002-05-06,28.319027,False,False
2002-05-07,28.288221,False,False
2002-05-08,41.52678,False,False
2002-05-09,49.519173,False,False
2002-05-10,40.259815,False,False
2002-05-11,44.963116,False,False
2002-05-12,73.06,False,False
2002-05-13,87.48355,False,False
2002-05-14,74.40518,False,False
2002-05-15,61.56873,False,False
2002-05-16,52.583267,False,False
2002-05-17,50.030476,False,False
2002-05-18,38.892162,False,False
2002-05-19,36.54,False,False
2002-05-20,31.774954,False,False
2002-05-21,37.015457,False,False
2002-05-22,35.214066,False,False
2002-05-23,32.250492,False,False
2002-05-24,28.875,False,False
2002-05-25,32.24,False,False
2002-05-26,30.49,False,False
2002-05-27,36.443737,False,False
2002-05-28,38.893063,False,False
2002-05-29,32.841003,False,False
2002-05-30,72.27205,False,False
2002-05-31,42.912994,False,False
2002-06-01,46.347332,False,False
2002-06-02,47.71,False,False
2002-06-03,39.609028,False,False
2002-06-04,38.792362,False,False
2002-06-05,38.621117,False,False
2002-06-06,39.45403,False,False
2002-06-07,35.513283,False,False
2002-06-08,32.320583,False,False
2002-06-09,26.96,False,False
2002-06-10,27.820152,False,False
2002-06-11,32.467327,False,False
2002-06-12,30.822699,False,False
2002-06-13,31.90389,False,False
2002-06-14,37.877506,False,False
2002-06-15,33.93862,False,False
2002-06-16,44.82,False,False
2002-06-17,36.737724,False,False
2002-06-18,35.19558,False,False
2002-06-19,36.06351,False,False
2002-06-20,34.478462,False,False
2002-06-21,36.935135,False,False
2002-06-22,35.27478,False,False
2002-06-23,39.96,False,False
2002-06-24,34.141876,False,False
2002-06-25,48.786823,False,False
2002-06-26,35.53539,False,False
2002-06-27,33.303703,False,False
2002-06-28,35.831207,False,False
2002-06-29,35.94376,False,False
2002-06-30,37.96,False,False
2002-07-01,33.24397,False,False
2002-07-02,24.228296,False,False
2002-07-03,19.497864,False,False
2002-07-04,26.021301,False,False
2002-07-05,31.528389,False,False
2002-07-06,44.349266,False,False
2002-07-07,50.69,False,False
2002-07-08,49.591076,False,False
2002-07-09,48.620007,False,False
2002-07-10,46.018215,False,False
2002-07-11,45.153275,False,False
2002-07-12,41.5749,False,False
2002-07-13,44.838768,False,False
2002-07-14,68.55,False,False
2002-07-15,50.962162,False,False
2002-07-16,49.105896,False,False
2002-07-17,314.3842,False,False
2002-07-18,291.3486,False,False
2002-07-19,201.35289,False,False
2002-07-20,170.0995,False,False
2002-07-21,136.9,False,False
2002-07-22,130.8312,False,False
2002-07-23,91.79736,False,False
2002-07-24,70.63801,False,False
2002-07-25,56.71378,False,False
2002-07-26,79.132454,False,False
2002-07-27,83.59979,False,False
2002-07-28,78.42,False,False
2002-07-29,67.15467,False,False
2002-07-30,49.03875,False,False
2002-07-31,92.75814,False,False
2002-08-01,91.90984,False,False
2002-08-02,91.75279,False,False
2002-08-03,91.39792,False,False
2002-08-04,102.1,False,False
2002-08-05,102.36766,False,False
2002-08-06,86.21449,False,False
2002-08-07,59.10309,False,False
2002-08-08,58.28467,False,False
2002-08-09,317.9422,False,False
2002-08-10,256.4992,False,False
2002-08-11,205.9,False,False
2002-08-12,329.663,False,False
2002-08-13,414.13443,False,False
2002-08-14,317.44556,False,False
2002-08-15,220.7,False,False
2002-08-16,161.8401,False,False
2002-08-17,151.56038,False,False
2002-08-18,156.8,False,False
2002-08-19,642.5537,False,False
2002-08-20,780.2661,False,False
2002-08-21,553.40234,False,False
2002-08-22,373.9698,False,False
2002-08-23,263.29105,False,False
2002-08-24,230.4482,False,False
2002-08-25,242.1,False,False
2002-08-26,231.61668,False,False
2002-08-27,180.03284,False,False
2002-08-28,117.55135,False,False
2002-08-29,85.11602,False,False
2002-08-30,93.047905,False,False
2002-08-31,81.458664,False,False
2002-09-01,79.35,False,False
2002-09-02,71.40186,False,False
2002-09-03,80.319214,False,False
2002-09-04,69.363495,False,False
2002-09-05,81.75845,False,False
2002-09-06,87.56849,False,False
2002-09-07,79.43893,False,False
2002-09-08,183.3,False,False
2002-09-09,343.26764,False,False
2002-09-10,248.4,False,False
2002-09-11,216.82834,False,False
2002-09-12,137.6062,False,False
2002-09-13,90.987785,False,False
2002-09-14,78.63963,False,False
2002-09-15,68.55,False,False
2002-09-16,71.527596,False,False
2002-09-17,375.74808,False,False
2002-09-18,382.26126,False,False
2002-09-19,320.13507,False,False
2002-09-20,320.6672,False,False
2002-09-21,220.24716,False,False
2002-09-22,139.3,False,False
2002-09-23,107.05947,False,False
2002-09-24,82.99004,False,False
2002-09-25,83.989716,False,False
2002-09-26,69.63972,False,False
2002-09-27,76.49928,False,False
2002-09-28,91.29914,False,False
2002-09-29,78.42,False,False
2002-09-30,177.55624,False,False
2002-10-01,173.71622,False,False
2002-10-02,140.5,False,False
2002-10-03,132.37827,False,False
2002-10-04,100.82296,False,False
2002-10-05,99.68568,False,False
2002-10-06,120.6,False,False
2002-10-07,117.34155,False,False
2002-10-08,105.21624,False,False
2002-10-09,100.95105,False,False
2002-10-10,109.96205,False,False
2002-10-11,298.08206,False,False
2002-10-12,232.15935,False,False
2002-10-13,151.7,False,False
2002-10-14,141.8,False,False
2002-10-15,136.9,False,False
2002-10-16,178.93864,False,False
2002-10-17,155.7,False,False
2002-10-18,131.31203,False,False
2002-10-19,102.53831,False,False
2002-10-20,127.5,False,False
2002-10-21,166.3508,False,False
2002-10-22,230.5591,False,False
2002-10-23,168.79785,False,False
2002-10-24,131.72115,False,False
2002-10-25,89.19338,False,False
2002-10-26,93.591324,False,False
2002-10-27,188.8,False,False
2002-10-28,172.35176,False,False
2002-10-29,238.41821,False,False
2002-10-30,590.03906,False,False
2002-10-31,953.9,False,False
2002-11-01,614.2878,False,False
2002-11-02,405.16577,False,False
2002-11-03,380.5,False,False
2002-11-04,319.2,False,False
2002-11-05,243.88405,False,False
2002-11-06,237.87323,False,False
2002-11-07,227.19675,False,False
2002-11-08,230.56288,False,False
2002-11-09,254.1558,False,False
2002-11-10,237.5,False,False
2002-11-11,222.68526,False,False
2002-11-12,194.76997,False,False
2002-11-13,196.17847,False,False
2002-11-14,181.93042,False,False
2002-11-15,173.8633,False,False
2002-11-16,168.041,False,False
2002-11-17,161.9,False,False
2002-11-18,152.04813,False,False
2002-11-19,159.3,False,False
2002-11-20,169.46603,False,False
2002-11-21,163.47086,False,False
2002-11-22,136.41301,False,False
2002-11-23,135.02412,False,False
2002-11-24,127.5,False,False
2002-11-25,128.72603,False,False
2002-11-26,132.80396,False,False
2002-11-27,125.88722,False,False
2002-11-28,127.74359,False,False
2002-11-29,127.50743,False,False
2002-11-30,125.55252,False,False
2002-12-01,123.8,False,False
2002-12-02,157.79002,False,False
2002-12-03,128.085,False,False
2002-12-04,138.69456,False,False
2002-12-05,130.03531,False,False
2002-12-06,119.1,False,False
2002-12-07,138.2233,False,False
2002-12-08,131.0,False,False
2002-12-09,131.12743,False,False
2002-12-10,125.05625,False,False
2002-12-11,120.02042,False,False
2002-12-12,118.906044,False,False
2002-12-13,122.89133,False,False
2002-12-14,110.737854,False,False
2002-12-15,96.21,False,False
2002-12-16,93.94465,False,False
2002-12-17,83.83122,False,False
2002-12-18,91.973976,False,False
2002-12-19,91.15,False,False
2002-12-20,88.18,False,False
2002-12-21,91.7992,False,False
2002-12-22,92.15,False,False
2002-12-23,88.71245,False,False
2002-12-24,87.44477,False,False
2002-12-25,75.94,False,False
2002-12-26,75.04,False,False
2002-12-27,83.36,False,False
2002-12-28,81.47,False,False
2002-12-29,63.86,False,False
2002-12-30,67.409996,False,False
2002-12-31,67.73097,False,False
2003-01-01,66.74882,False,False
2003-01-02,60.002285,False,False
2003-01-03,56.805687,False,False
2003-01-04,49.24676,False,False
2003-01-05,47.85,False,False
2003-01-06,45.50374,False,False
2003-01-07,45.077316,False,False
2003-01-08,43.741867,False,False
2003-01-09,40.91299,False,False
2003-01-10,25.778639,False,False
2003-01-11,55.75661,False,False
2003-01-12,55.93,False,False
2003-01-13,52.91,False,False
2003-01-14,57.47,False,False
2003-01-15,50.71,False,False
2003-01-16,48.56,False,False
2003-01-17,54.719063,False,False
2003-01-18,51.76732,False,False
2003-01-19,44.41,False,False
2003-01-20,46.73179,False,False
2003-01-21,90.3053,False,False
2003-01-22,123.57917,False,False
2003-01-23,140.393,False,False
2003-01-24,169.56807,False,False
2003-01-25,170.35793,False,False
2003-01-26,148.6,False,False
2003-01-27,87.77846,False,False
2003-01-28,65.43523,False,False
2003-01-29,42.933914,False,False
2003-01-30,41.363228,False,False
2003-01-31,41.346542,False,False
2003-02-01,42.465847,False,False
2003-02-02,40.46,False,False
2003-02-03,36.34519,False,False
2003-02-04,32.696354,False,False
2003-02-05,29.787296,False,False
2003-02-06,27.173079,False,False
2003-02-07,25.945665,False,False
2003-02-08,24.480906,False,False
2003-02-09,22.71,False,False
2003-02-10,26.007555,False,False
2003-02-11,24.486433,False,False
2003-02-12,127.3,False,False
2003-02-13,139.96959,False,False
2003-02-14,150.92715,False,False
2003-02-15,151.58186,False,False
2003-02-16,137.1,False,False
2003-02-17,97.42425,False,False
2003-02-18,68.44398,False,False
2003-02-19,43.07,False,False
2003-02-20,34.107536,False,False
2003-02-21,35.191326,False,False
2003-02-22,34.240173,False,False
2003-02-23,30.89,False,False
2003-02-24,27.79972,False,False
2003-02-25,23.370451,False,False
2003-02-26,16.321144,False,False
2003-02-27,18.810036,False,False
2003-02-28,20.51565,False,False
2003-03-01,18.812956,False,False
2003-03-02,24.63,False,False
2003-03-03,20.502205,False,False
2003-03-04,22.440624,False,False
2003-03-05,21.42384,False,False
2003-03-06,19.806614,False,False
2003-03-07,20.466938,False,False
2003-03-08,22.567245,False,False
2003-03-09,23.66,False,False
2003-03-10,23.057995,False,False
2003-03-11,21.958685,False,False
2003-03-12,23.657434,False,False
2003-03-13,22.474379,False,False
2003-03-14,22.24,False,False
2003-03-15,19.895163,False,False
2003-03-16,15.87,False,False
2003-03-17,12.657866,False,False
2003-03-18,19.624773,False,False
2003-03-19,23.635931,False,False
2003-03-20,15.753333,False,False
2003-03-21,67.85461,False,False
2003-03-22,54.317436,False,False
2003-03-23,41.75,False,False
2003-03-24,41.76127,False,False
2003-03-25,27.44408,False,False
2003-03-26,24.507679,False,False
2003-03-27,19.811321,False,False
2003-03-28,20.627583,False,False
2003-03-29,20.682487,False,False
2003-03-30,23.66,False,False
2003-03-31,18.471336,False,False
2003-04-01,18.373745,False,False
2003-04-02,16.65,False,False
2003-04-03,16.864914,False,False
2003-04-04,14.584653,False,False
2003-04-05,14.476304,False,False
2003-04-06,30.34,False,False
2003-04-07,19.796295,False,False
2003-04-08,20.632027,False,False
2003-04-09,18.340878,False,False
2003-04-10,16.44828,False,False
2003-04-11,17.335281,False,False
2003-04-12,19.12,False,False
2003-04-13,17.46,False,False
2003-04-14,16.344473,False,False
2003-04-15,15.87,False,False
2003-04-16,13.229625,False,False
2003-04-17,13.817741,False,False
2003-04-18,16.65,False,False
2003-04-19,18.517416,False,False
2003-04-20,18.28,False,False
2003-04-21,18.45415,False,False
2003-04-22,18.265425,False,False
2003-04-23,17.319933,False,False
2003-04-24,15.752157,False,False
2003-04-25,14.653937,False,False
2003-04-26,11.699472,False,False
2003-04-27,10.34,False,False
2003-04-28,10.12397,False,False
2003-04-29,10.6177635,False,False
2003-04-30,12.321847,False,False
2003-05-01,12.340343,False,False
2003-05-02,11.724793,False,False
2003-05-03,12.324342,False,False
2003-05-04,11.6,False,False
2003-05-05,12.329935,False,False
2003-05-06,12.271071,False,False
2003-05-07,11.80967,False,False
2003-05-08,12.359373,False,False
2003-05-09,11.755353,False,False
2003-05-10,15.822057,False,False
2003-05-11,12.95,False,False
2003-05-12,11.797686,False,False
2003-05-13,11.817568,False,False
2003-05-14,10.879473,False,False
2003-05-15,9.739,False,False
2003-05-16,10.04,False,False
2003-05-17,14.488034,False,False
2003-05-18,21.78,False,False
2003-05-19,20.627851,False,False
2003-05-20,21.51328,False,False
2003-05-21,21.710575,False,False
2003-05-22,22.065338,False,False
2003-05-23,22.476315,False,False
2003-05-24,21.648315,False,False
2003-05-25,21.78,False,False
2003-05-26,20.679,False,False
2003-05-27,24.48521,False,False
2003-05-28,24.024952,False,False
2003-05-29,20.744762,False,False
2003-05-30,19.231775,False,False
2003-05-31,16.753418,False,False
2003-06-01,16.34,False,False
2003-06-02,15.001742,False,False
2003-06-03,12.973366,False,False
2003-06-04,12.348524,False,False
2003-06-05,19.660202,False,False
2003-06-06,25.244246,False,False
2003-06-07,26.269611,False,False
2003-06-08,29.3,False,False
2003-06-09,26.24505,False,False
2003-06-10,20.117752,False,False
2003-06-11,16.428724,False,False
2003-06-12,13.612353,False,False
2003-06-13,13.238088,False,False
2003-06-14,16.049213,False,False
2003-06-15,14.8,False,False
2003-06-16,13.030989,False,False
2003-06-17,9.762341,False,False
2003-06-18,8.836872,False,False
2003-06-19,7.5881176,False,False
2003-06-20,7.5340877,False,False
2003-06-21,6.7970734,False,False
2003-06-22,5.092,False,False
2003-06-23,5.91779,False,False
2003-06-24,5.507125,False,False
2003-06-25,5.4881196,False,False
2003-06-26,5.8017325,False,False
2003-06-27,5.904057,False,False
2003-06-28,36.783245,False,False
2003-06-29,33.15,False,False
2003-06-30,26.717123,False,False
2003-07-01,19.775286,False,False
2003-07-02,19.87471,False,False
2003-07-03,17.315062,False,False
2003-07-04,14.281722,False,False
2003-07-05,12.406684,False,False
2003-07-06,10.04,False,False
2003-07-07,8.192067,False,False
2003-07-08,8.402038,False,False
2003-07-09,23.054129,False,False
2003-07-10,20.934383,False,False
2003-07-11,18.313559,False,False
2003-07-12,16.146317,False,False
2003-07-13,15.56,False,False
2003-07-14,14.725506,False,False
2003-07-15,15.81743,False,False
2003-07-16,16.736818,False,False
2003-07-17,13.241114,False,False
2003-07-18,13.105274,False,False
2003-07-19,13.8942375,False,False
2003-07-20,17.13,False,False
2003-07-21,39.04205,False,False
2003-07-22,38.45852,False,False
2003-07-23,39.296402,False,False
2003-07-24,43.120995,False,False
2003-07-25,35.392395,False,False
2003-07-26,38.979305,False,False
2003-07-27,48.92,False,False
2003-07-28,54.294083,False,False
2003-07-29,47.618965,False,False
2003-07-30,51.4981,False,False
2003-07-31,54.557755,False,False
2003-08-01,64.611496,False,False
2003-08-02,67.76085,False,False
2003-08-03,57.61,False,False
2003-08-04,155.81165,False,False
2003-08-05,175.56964,False,False
2003-08-06,159.00671,False,False
2003-08-07,144.60573,False,False
2003-08-08,123.1577,False,False
2003-08-09,110.93529,False,False
2003-08-10,139.4,False,False
2003-08-11,136.65518,False,False
2003-08-12,101.75044,False,False
2003-08-13,104.07323,False,False
2003-08-14,120.51738,False,False
2003-08-15,127.7,False,False
2003-08-16,148.53362,False,False
2003-08-17,161.7,False,False
2003-08-18,145.80862,False,False
2003-08-19,136.57675,False,False
2003-08-20,169.44435,False,False
2003-08-21,169.98515,False,False
2003-08-22,134.30438,False,False
2003-08-23,148.54932,False,False
2003-08-24,146.6,False,False
2003-08-25,155.00275,False,False
2003-08-26,161.08537,False,False
2003-08-27,173.48286,False,False
2003-08-28,185.48973,False,False
2003-08-29,185.76448,False,False
2003-08-30,204.46518,False,False
2003-08-31,174.8,False,False
2003-09-01,169.23404,False,False
2003-09-02,159.16551,False,False
2003-09-03,159.582,False,False
2003-09-04,165.41663,False,False
2003-09-05,164.571,False,False
2003-09-06,159.96556,False,False
2003-09-07,152.8,False,False
2003-09-08,162.40997,False,False
2003-09-09,171.4085,False,False
2003-09-10,172.48314,False,False
2003-09-11,163.69418,False,False
2003-09-12,142.94765,False,False
2003-09-13,149.3556,False,False
2003-09-14,144.2,False,False
2003-09-15,154.87453,False,False
2003-09-16,151.7461,False,False
2003-09-17,157.37831,False,False
2003-09-18,152.25171,False,False
2003-09-19,138.56575,False,False
2003-09-20,137.93306,False,False
2003-09-21,132.3,False,False
2003-09-22,124.12317,False,False
2003-09-23,118.72516,False,False
2003-09-24,110.53477,False,False
2003-09-25,115.00438,False,False
2003-09-26,116.46707,False,False
2003-09-27,118.7,False,False
2003-09-28,117.6,False,False
2003-09-29,116.6,False,False
2003-09-30,186.61412,False,False
2003-10-01,219.61517,False,False
2003-10-02,197.0,False,False
2003-10-03,235.9,False,False
2003-10-04,197.0,False,False
2003-10-05,283.6,False,False
2003-10-06,220.89957,False,False
2003-10-07,229.56267,False,False
2003-10-08,197.64032,False,False
2003-10-09,181.37814,False,False
2003-10-10,130.89854,False,False
2003-10-11,92.31602,False,False
2003-10-12,73.75,False,False
2003-10-13,72.814285,False,False
2003-10-14,99.6308,False,False
2003-10-15,102.157425,False,False
2003-10-16,130.69101,False,False
2003-10-17,132.32433,False,False
2003-10-18,112.80509,False,False
2003-10-19,177.5,False,False
2003-10-20,207.69672,False,False
2003-10-21,451.60342,False,False
2003-10-22,523.7,False,False
2003-10-23,424.38226,False,False
2003-10-24,328.4,False,False
2003-10-25,240.0964,False,False
2003-10-26,166.9,False,False
2003-10-27,119.87417,False,False
2003-10-28,100.412796,False,False
2003-10-29,89.461685,False,False
2003-10-30,81.92733,False,False
2003-10-31,80.5665,False,False
2003-11-01,80.51267,False,False
2003-11-02,95.85,False,False
2003-11-03,110.55745,False,False
2003-11-04,114.97258,False,False
2003-11-05,115.16527,False,False
2003-11-06,122.90116,False,False
2003-11-07,123.1984,False,False
2003-11-08,125.4,False,False
2003-11-09,114.4,False,False
2003-11-10,161.6856,False,False
2003-11-11,178.93652,False,False
2003-11-12,159.68811,False,False
2003-11-13,134.93443,False,False
2003-11-14,124.42794,False,False
2003-11-15,122.02894,False,False
2003-11-16,119.8,False,False
2003-11-17,142.11014,False,False
2003-11-18,127.87812,False,False
2003-11-19,120.16311,False,False
2003-11-20,123.71795,False,False
2003-11-21,116.63972,False,False
2003-11-22,102.077225,False,False
2003-11-23,113.3,False,False
2003-11-24,120.19682,False,False
2003-11-25,121.54631,False,False
2003-11-26,122.1,False,False
2003-11-27,122.046265,False,False
2003-11-28,112.16663,False,False
2003-11-29,106.93956,False,False
2003-11-30,108.0,False,False
2003-12-01,113.51938,False,False
2003-12-02,115.52467,False,False
2003-12-03,118.512085,False,False
2003-12-04,109.885826,False,False
2003-12-05,102.07478,False,False
2003-12-06,98.92508,False,False
2003-12-07,91.31,False,False
2003-12-08,92.34172,False,False
2003-12-09,78.225555,False,False
2003-12-10,78.14278,False,False
2003-12-11,71.022934,False,False
2003-12-12,70.13085,False,False
2003-12-13,65.78526,False,False
2003-12-14,59.61,False,False
2003-12-15,65.75244,False,False
2003-12-16,62.29953,False,False
2003-12-17,62.052097,False,False
2003-12-18,56.433662,False,False
2003-12-19,56.909115,False,False
2003-12-20,56.37118,False,False
2003-12-21,48.95,False,False
2003-12-22,56.323067,False,False
2003-12-23,50.49945,False,False
2003-12-24,50.554436,False,False
2003-12-25,42.14,False,False
2003-12-26,48.373196,False,False
2003-12-27,40.587044,False,False
2003-12-28,34.8,False,False
2003-12-29,40.420002,False,False
2003-12-30,41.559555,False,False
2003-12-31,39.547375,False,False
2004-01-01,35.371258,False,False
2004-01-02,27.392841,False,False
2004-01-03,23.744879,False,False
2004-01-04,27.83,False,False
2004-01-05,22.57575,False,False
2004-01-06,20.520554,False,False
2004-01-07,24.243822,False,False
2004-01-08,21.438349,False,False
2004-01-09,59.979862,False,False
2004-01-10,54.88,False,False
2004-01-11,35.96,False,False
2004-01-12,34.036617,False,False
2004-01-13,30.538445,False,False
2004-01-14,28.69061,False,False
2004-01-15,28.33,False,False
2004-01-16,27.547264,False,False
2004-01-17,26.763384,False,False
2004-01-18,24.47,False,False
2004-01-19,21.1631,False,False
2004-01-20,22.794954,False,False
2004-01-21,21.030394,False,False
2004-01-22,25.507772,False,False
2004-01-23,21.90688,False,False
2004-01-24,21.204464,False,False
2004-01-25,16.34,False,False
2004-01-26,16.34,False,False
2004-01-27,14.473287,False,False
2004-01-28,21.666862,False,False
2004-01-29,19.512049,False,False
2004-01-30,21.752243,False,False
2004-01-31,22.209145,False,False
2004-02-01,23.57,False,False
2004-02-02,25.41,False,False
2004-02-03,25.617874,False,False
2004-02-04,19.075985,False,False
2004-02-05,25.55308,False,False
2004-02-06,25.500645,False,False
2004-02-07,22.549494,False,False
2004-02-08,16.34,False,False
2004-02-09,15.827615,False,False
2004-02-10,15.847383,False,False
2004-02-11,14.035949,False,False
2004-02-12,16.69673,False,False
2004-02-13,23.513975,False,False
2004-02-14,17.509245,False,False
2004-02-15,17.8,False,False
2004-02-16,16.089617,False,False
2004-02-17,14.372776,False,False
2004-02-18,13.199551,False,False
2004-02-19,12.506308,False,False
2004-02-20,11.288147,False,False
2004-02-21,11.307869,False,False
2004-02-22,12.42,False,False
2004-02-23,9.7631235,False,False
2004-02-24,8.930175,False,False
2004-02-25,22.486189,False,False
2004-02-26,22.617138,False,False
2004-02-27,15.339661,False,False
2004-02-28,12.605685,False,False
2004-02-29,11.26,False,False
2004-03-01,11.118884,False,False
2004-03-02,11.83,False,False
2004-03-03,9.533334,False,False
2004-03-04,9.549252,False,False
2004-03-05,9.087391,False,False
2004-03-06,9.105125,False,False
2004-03-07,9.155,False,False
2004-03-08,7.747435,False,False
2004-03-09,7.394259,False,False
2004-03-10,7.2112384,False,False
2004-03-11,6.7399673,False,False
2004-03-12,6.4308004,False,False
2004-03-13,6.4301486,False,False
2004-03-14,6.496,False,False
2004-03-15,6.520273,False,False
2004-03-16,6.8896475,False,False
2004-03-17,6.868164,False,False
2004-03-18,6.5732584,False,False
2004-03-19,6.3097296,False,False
2004-03-20,5.92112,False,False
2004-03-21,5.554,False,False
2004-03-22,5.406235,False,False
2004-03-23,5.2265944,False,False
2004-03-24,5.594512,False,False
2004-03-25,5.68958,False,False
2004-03-26,5.395966,False,False
2004-03-27,5.251086,False,False
2004-03-28,4.235,False,False
2004-03-29,5.062828,False,False
2004-03-30,5.0478034,False,False
2004-03-31,20.393154,False,False
2004-04-01,17.796127,False,False
2004-04-02,17.409195,False,False
2004-04-03,25.41,False,False
2004-04-04,27.83,False,False
2004-04-05,32.03507,False,False
2004-04-06,34.507904,False,False
2004-04-07,35.180832,False,False
2004-04-08,50.714897,False,False
2004-04-09,40.85,False,False
2004-04-10,33.398525,False,False
2004-04-11,29.35,False,False
2004-04-12,25.541204,False,False
2004-04-13,23.486025,False,False
2004-04-14,18.95,False,False
2004-04-15,18.80423,False,False
2004-04-16,15.751127,False,False
2004-04-17,15.318768,False,False
2004-04-18,11.83,False,False
2004-04-19,10.817598,False,False
2004-04-20,11.671613,False,False
2004-04-21,10.1947,False,False
2004-04-22,11.314993,False,False
2004-04-23,11.965998,False,False
2004-04-24,13.759478,False,False
2004-04-25,24.47,False,False
2004-04-26,19.957594,False,False
2004-04-27,18.329435,False,False
2004-04-28,21.777355,False,False
2004-04-29,21.13882,False,False
2004-04-30,25.266695,False,False
2004-05-01,21.498642,False,False
2004-05-02,19.35,False,False
2004-05-03,17.8,False,False
2004-05-04,18.56,False,False
2004-05-05,35.20817,False,False
2004-05-06,31.188684,False,False
2004-05-07,31.146675,False,False
2004-05-08,22.68,False,False
2004-05-09,18.56,False,False
2004-05-10,20.15,False,False
2004-05-11,39.577007,False,False
2004-05-12,41.56018,False,False
2004-05-13,31.46,False,False
2004-05-14,25.237522,False,False
2004-05-15,21.383682,False,False
2004-05-16,24.47,False,False
2004-05-17,53.11642,False,False
2004-05-18,30.163435,False,False
2004-05-19,20.619242,False,False
2004-05-20,14.966045,False,False
2004-05-21,14.19901,False,False
2004-05-22,12.968182,False,False
2004-05-23,14.96,False,False
2004-05-24,12.163297,False,False
2004-05-25,11.674626,False,False
2004-05-26,12.234395,False,False
2004-05-27,33.42694,False,False
2004-05-28,36.755657,False,False
2004-05-29,23.658148,False,False
2004-05-30,64.59,False,False
2004-05-31,40.548996,False,False
2004-06-01,122.10859,False,False
2004-06-02,244.1648,False,False
2004-06-03,114.3,False,False
2004-06-04,88.307625,False,False
2004-06-05,74.8322,False,False
2004-06-06,64.85,False,False
2004-06-07,55.466785,False,False
2004-06-08,49.55288,False,False
2004-06-09,47.261623,False,False
2004-06-10,39.583977,False,False
2004-06-11,40.743313,False,False
2004-06-12,38.475117,False,False
2004-06-13,35.94,False,False
2004-06-14,37.311607,False,False
2004-06-15,38.12992,False,False
2004-06-16,36.81743,False,False
2004-06-17,36.65275,False,False
2004-06-18,39.84514,False,False
2004-06-19,45.19218,False,False
2004-06-20,64.85,False,False
2004-06-21,607.708,False,False
2004-06-22,393.61078,False,False
2004-06-23,324.0802,False,False
2004-06-24,294.6468,False,False
2004-06-25,190.84167,False,False
2004-06-26,144.64656,False,False
2004-06-27,105.5,False,False
2004-06-28,86.43747,False,False
2004-06-29,62.4654,False,False
2004-06-30,111.711075,False,False
2004-07-01,105.253746,False,False
2004-07-02,314.05328,False,False
2004-07-03,277.2126,False,False
2004-07-04,207.0,False,False
2004-07-05,191.16655,False,False
2004-07-06,338.21878,False,False
2004-07-07,507.1709,False,False
2004-07-08,354.6937,False,False
2004-07-09,253.15042,False,False
2004-07-10,289.3337,False,False
2004-07-11,282.4,False,False
2004-07-12,290.3988,False,False
2004-07-13,467.45157,False,False
2004-07-14,318.09198,False,False
2004-07-15,243.5455,False,False
2004-07-16,207.35353,False,False
2004-07-17,218.82549,False,False
2004-07-18,224.9,False,False
2004-07-19,238.23149,False,False
2004-07-20,198.33408,False,False
2004-07-21,168.67253,False,False
2004-07-22,126.06349,False,False
2004-07-23,97.604195,False,False
2004-07-24,135.53433,False,False
2004-07-25,141.2,False,False
2004-07-26,132.15173,False,False
2004-07-27,169.47829,False,False
2004-07-28,429.16095,False,False
2004-07-29,342.17352,False,False
2004-07-30,267.98737,False,False
2004-07-31,252.55391,False,False
2004-08-01,316.9,False,False
2004-08-02,261.75687,False,False
2004-08-03,221.66545,False,False
2004-08-04,228.60887,False,False
2004-08-05,374.72784,False,False
2004-08-06,1072.2129,False,False
2004-08-07,1079.6329,False,False
2004-08-08,1103.0,False,False
2004-08-09,877.1099,False,False
2004-08-10,641.7478,False,False
2004-08-11,522.4891,False,False
2004-08-12,420.04645,False,False
2004-08-13,282.0811,False,False
2004-08-14,256.71127,False,False
2004-08-15,366.3,False,False
2004-08-16,537.4619,False,False
2004-08-17,446.22568,False,False
2004-08-18,366.51096,False,False
2004-08-19,405.13278,False,False
2004-08-20,342.02185,False,False
2004-08-21,300.60086,False,False
2004-08-22,313.3,False,False
2004-08-23,490.34952,False,False
2004-08-24,450.39468,False,False
2004-08-25,392.16827,False,False
2004-08-26,367.63977,False,False
2004-08-27,368.25055,False,False
2004-08-28,372.41724,False,False
2004-08-29,334.8,False,False
2004-08-30,311.11444,False,False
2004-08-31,231.13994,False,False
2004-09-01,194.02191,False,False
2004-09-02,189.97752,False,False
2004-09-03,203.6545,False,False
2004-09-04,190.5003,False,False
2004-09-05,289.1,False,False
2004-09-06,353.7154,False,False
2004-09-07,511.5,False,False
2004-09-08,435.86633,False,False
2004-09-09,301.505,False,False
2004-09-10,246.32939,False,False
2004-09-11,231.39357,False,False
2004-09-12,246.5,False,False
2004-09-13,263.2548,False,False
2004-09-14,303.1488,False,False
2004-09-15,328.9512,False,False
2004-09-16,798.3506,False,False
2004-09-17,666.1912,False,False
2004-09-18,423.0,False,False
2004-09-19,292.5,False,False
2004-09-20,268.94293,False,False
2004-09-21,263.1854,False,False
2004-09-22,212.135,False,False
2004-09-23,197.73584,False,False
2004-09-24,262.72162,False,False
2004-09-25,385.0241,False,False
2004-09-26,418.9,False,False
2004-09-27,321.20438,False,False
2004-09-28,250.28955,False,False
2004-09-29,209.4774,False,False
2004-09-30,200.44347,False,False
2004-10-01,197.21687,False,False
2004-10-02,195.5,False,False
2004-10-03,282.4,False,False
2004-10-04,499.18896,False,False
2004-10-05,431.68405,False,False
2004-10-06,291.48288,False,False
2004-10-07,218.83546,False,False
2004-10-08,200.80608,False,False
2004-10-09,180.76926,False,False
2004-10-10,176.0,False,False
2004-10-11,169.43994,False,False
2004-10-12,187.59013,False,False
2004-10-13,286.25317,False,False
2004-10-14,490.36102,False,False
2004-10-15,518.0498,False,False
2004-10-16,968.9835,False,False
2004-10-17,923.3,False,False
2004-10-18,559.67377,False,False
2004-10-19,436.50528,False,False
2004-10-20,309.8788,False,False
2004-10-21,281.70804,False,False
2004-10-22,265.8,False,False
2004-10-23,200.0638,False,False
2004-10-24,189.8,False,False
2004-10-25,194.6333,False,False
2004-10-26,198.79228,False,False
2004-10-27,204.18816,False,False
2004-10-28,218.65146,False,False
2004-10-29,210.8979,False,False
2004-10-30,232.5037,False,False
2004-10-31,279.0,False,False
2004-11-01,246.2866,False,False
2004-11-02,296.28436,False,False
2004-11-03,265.83282,False,False
2004-11-04,224.33574,False,False
2004-11-05,204.86836,False,False
2004-11-06,200.10925,False,False
2004-11-07,237.1,False,False
2004-11-08,340.77185,False,False
2004-11-09,350.2588,False,False
2004-11-10,308.1206,False,False
2004-11-11,254.5,False,False
2004-11-12,230.03737,False,False
2004-11-13,202.57559,False,False
2004-11-14,244.9,False,False
2004-11-15,269.1,False,False
2004-11-16,221.21873,False,False
2004-11-17,205.44696,False,False
2004-11-18,225.8895,False,False
2004-11-19,196.14207,False,False
2004-11-20,189.11815,False,False
2004-11-21,184.3,False,False
2004-11-22,173.51875,False,False
2004-11-23,173.69214,False,False
2004-11-24,165.299,False,False
2004-11-25,161.2927,False,False
2004-11-26,152.4,False,False
2004-11-27,143.11813,False,False
2004-11-28,147.4,False,False
2004-11-29,148.22679,False,False
2004-11-30,147.67258,False,False
2004-12-01,153.02513,False,False
2004-12-02,156.18694,False,False
2004-12-03,155.8671,False,False
2004-12-04,132.74321,False,False
2004-12-05,142.8,False,False
2004-12-06,121.810555,False,False
2004-12-07,119.17996,False,False
2004-12-08,114.2263,False,False
2004-12-09,115.66107,False,False
2004-12-10,104.818756,False,False
2004-12-11,92.77688,False,False
2004-12-12,91.14,False,False
2004-12-13,93.70547,False,False
2004-12-14,88.6087,False,False
2004-12-15,101.99551,False,False
2004-12-16,90.42291,False,False
2004-12-17,87.898506,False,False
2004-12-18,85.723335,False,False
2004-12-19,89.16,False,False
2004-12-20,83.716095,False,False
2004-12-21,89.793,False,False
2004-12-22,78.641014,False,False
2004-12-23,79.812096,False,False
2004-12-24,71.92233,False,False
2004-12-25,75.04,False,False
2004-12-26,75.94,False,False
2004-12-27,69.850204,False,False
2004-12-28,55.868008,False,False
2004-12-29,54.300514,False,False
2004-12-30,58.500294,False,False
2004-12-31,55.845364,False,False
2005-01-01,54.47344,False,False
2005-01-02,54.27,False,False
2005-01-03,54.03318,False,False
2005-01-04,55.476036,False,False
2005-01-05,58.20188,False,False
2005-01-06,52.49612,False,False
2005-01-07,55.435078,False,False
2005-01-08,49.12161,False,False
2005-01-09,37.55,False,False
2005-01-10,31.270977,False,False
2005-01-11,34.69072,False,False
2005-01-12,32.516052,False,False
2005-01-13,45.136974,False,False
2005-01-14,44.14,False,False
2005-01-15,45.741627,False,False
2005-01-16,37.55,False,False
2005-01-17,30.829885,False,False
2005-01-18,37.722855,False,False
2005-01-19,40.268436,False,False
2005-01-20,40.728046,False,False
2005-01-21,48.35,False,False
2005-01-22,45.1848,False,False
2005-01-23,48.35,False,False
2005-01-24,45.15359,False,False
2005-01-25,34.75954,False,False
2005-01-26,30.37,False,False
2005-01-27,34.79934,False,False
2005-01-28,31.844622,False,False
2005-01-29,35.47998,False,False
2005-01-30,29.25,False,False
2005-01-31,29.202911,False,False
2005-02-01,29.228903,False,False
2005-02-02,30.081886,False,False
2005-02-03,45.648476,False,False
2005-02-04,57.620537,False,False
2005-02-05,55.79298,False,False
2005-02-06,46.92,False,False
2005-02-07,45.13643,False,False
2005-02-08,39.144566,False,False
2005-02-09,42.836536,False,False
2005-02-10,40.4394,False,False
2005-02-11,30.29214,False,False
2005-02-12,34.722237,False,False
2005-02-13,36.3,False,False
2005-02-14,27.278824,False,False
2005-02-15,29.522497,False,False
2005-02-16,25.449766,False,False
2005-02-17,35.04962,False,False
2005-02-18,29.331936,False,False
2005-02-19,30.566778,False,False
2005-02-20,23.96,False,False
2005-02-21,32.74646,False,False
2005-02-22,28.62647,False,False
2005-02-23,26.519459,False,False
2005-02-24,25.106546,False,False
2005-02-25,28.199762,False,False
2005-02-26,32.113373,False,False
2005-02-27,28.15,False,False
2005-02-28,32.069206,False,False
2005-03-01,32.64764,False,False
2005-03-02,36.440006,False,False
2005-03-03,34.089714,False,False
2005-03-04,37.15386,False,False
2005-03-05,42.12222,False,False
2005-03-06,37.55,False,False
2005-03-07,40.425476,False,False
2005-03-08,48.4851,False,False
2005-03-09,43.88629,False,False
2005-03-10,40.904545,False,False
2005-03-11,37.21122,False,False
2005-03-12,38.83,False,False
2005-03-13,44.14,False,False
2005-03-14,38.83,False,False
2005-03-15,40.359673,False,False
2005-03-16,38.96628,False,False
2005-03-17,33.025013,False,False
2005-03-18,27.117119,False,False
2005-03-19,25.137032,False,False
2005-03-20,24.98,False,False
2005-03-21,27.126581,False,False
2005-03-22,29.352262,False,False
2005-03-23,25.149378,False,False
2005-03-24,32.71742,False,False
2005-03-25,35.07,False,False
2005-03-26,36.383453,False,False
2005-03-27,38.83,False,False
2005-03-28,37.60262,False,False
2005-03-29,38.202534,False,False
2005-03-30,38.75595,False,False
2005-03-31,33.12619,False,False
2005-04-01,40.95872,False,False
2005-04-02,42.005142,False,False
2005-04-03,44.14,False,False
2005-04-04,41.401882,False,False
2005-04-05,39.795265,False,False
2005-04-06,35.250607,False,False
2005-04-07,35.938843,False,False
2005-04-08,112.1,False,False
2005-04-09,72.37,False,False
2005-04-10,77.77,False,False
2005-04-11,56.139423,False,False
2005-04-12,41.285156,False,False
2005-04-13,32.866085,False,False
2005-04-14,52.76,False,False
2005-04-15,52.981575,False,False
2005-04-16,41.417656,False,False
2005-04-17,40.12,False,False
2005-04-18,31.605726,False,False
2005-04-19,28.426756,False,False
2005-04-20,27.940903,False,False
2005-04-21,24.923117,False,False
2005-04-22,22.0,False,False
2005-04-23,23.319391,False,False
2005-04-24,19.22,False,False
2005-04-25,20.151735,False,False
2005-04-26,29.172937,False,False
2005-04-27,33.9443,False,False
2005-04-28,34.222195,False,False
2005-04-29,33.904354,False,False
2005-04-30,45.00418,False,False
2005-05-01,44.14,False,False
2005-05-02,42.12104,False,False
2005-05-03,35.158554,False,False
2005-05-04,38.19806,False,False
2005-05-05,32.683483,False,False
2005-05-06,31.559826,False,False
2005-05-07,42.276253,False,False
2005-05-08,44.14,False,False
2005-05-09,35.1496,False,False
2005-05-10,29.992102,False,False
2005-05-11,29.182371,False,False
2005-05-12,28.122675,False,False
2005-05-13,27.586712,False,False
2005-05-14,38.83,False,False
2005-05-15,42.78,False,False
2005-05-16,50.08149,False,False
2005-05-17,48.09685,False,False
2005-05-18,39.861717,False,False
2005-05-19,36.04065,False,False
2005-05-20,29.246382,False,False
2005-05-21,29.20414,False,False
2005-05-22,24.98,False,False
2005-05-23,20.12,False,False
2005-05-24,27.224691,False,False
2005-05-25,23.995842,False,False
2005-05-26,29.223835,False,False
2005-05-27,55.8439,False,False
2005-05-28,55.60443,False,False
2005-05-29,60.54,False,False
2005-05-30,62.35088,False,False
2005-05-31,82.18263,False,False
2005-06-01,79.84141,False,False
2005-06-02,69.12143,False,False
2005-06-03,57.526978,False,False
2005-06-04,50.102135,False,False
2005-06-05,109.3,False,False
2005-06-06,53.076084,False,False
2005-06-07,48.50288,False,False
2005-06-08,39.782104,False,False
2005-06-09,38.29827,False,False
2005-06-10,34.98789,False,False
2005-06-11,49.24,False,False
2005-06-12,72.14,False,False
2005-06-13,61.15,False,False
2005-06-14,54.22,False,False
2005-06-15,44.46,False,False
2005-06-16,41.477024,False,False
2005-06-17,39.270233,False,False
2005-06-18,39.25267,False,False
2005-06-19,36.92,False,False
2005-06-20,30.472307,False,False
2005-06-21,27.145761,False,False
2005-06-22,23.444868,False,False
2005-06-23,20.502506,False,False
2005-06-24,18.611074,False,False
2005-06-25,17.144642,False,False
2005-06-26,14.64,False,False
2005-06-27,29.372719,False,False
2005-06-28,26.901472,False,False
2005-06-29,21.701057,False,False
2005-06-30,18.035023,False,False
2005-07-01,18.534908,False,False
2005-07-02,15.654224,False,False
2005-07-03,11.29,False,False
2005-07-04,15.630811,False,False
2005-07-05,22.060308,False,False
2005-07-06,19.154346,False,False
2005-07-07,108.07674,False,False
2005-07-08,484.81348,False,False
2005-07-09,450.33353,False,False
2005-07-10,717.4,False,False
2005-07-11,497.16013,False,False
2005-07-12,307.49014,False,False
2005-07-13,476.72873,False,False
2005-07-14,413.295,False,False
2005-07-15,248.40327,False,False
2005-07-16,233.19373,False,False
2005-07-17,405.0,False,False
2005-07-18,383.66068,False,False
2005-07-19,253.95268,False,False
2005-07-20,229.2653,False,False
2005-07-21,227.41815,False,False
2005-07-22,222.00783,False,False
2005-07-23,222.53955,False,False
2005-07-24,215.0,False,False
2005-07-25,216.05713,False,False
2005-07-26,207.17542,False,False
2005-07-27,1010.84937,False,False
2005-07-28,1258.0562,False,False
2005-07-29,787.89606,False,False
2005-07-30,1258.9834,False,False
2005-07-31,1102.0,False,False
2005-08-01,749.9033,False,False
2005-08-02,1992.8661,False,False
2005-08-03,3145.2185,False,False
2005-08-04,2806.524,False,False
2005-08-05,2479.1462,False,False
2005-08-06,1655.0214,False,False
2005-08-07,1302.0,False,False
2005-08-08,796.8017,False,False
2005-08-09,413.4844,False,False
2005-08-10,465.39783,False,False
2005-08-11,287.35925,False,False
2005-08-12,290.54764,False,False
2005-08-13,615.67664,False,False
2005-08-14,412.5,False,False
2005-08-15,612.9,False,False
2005-08-16,369.69608,False,False
2005-08-17,329.2735,False,False
2005-08-18,1540.1041,False,False
2005-08-19,1251.9818,False,False
2005-08-20,582.2472,False,False
2005-08-21,506.7,False,False
2005-08-22,346.09665,False,False
2005-08-23,364.97342,False,False
2005-08-24,361.58386,False,False
2005-08-25,685.5666,False,False
2005-08-26,652.9616,False,False
2005-08-27,463.3967,False,False
2005-08-28,597.5,False,False
2005-08-29,921.39404,False,False
2005-08-30,985.2405,False,False
2005-08-31,638.58716,False,False
2005-09-01,853.9843,False,False
2005-09-02,998.42737,False,False
2005-09-03,628.1639,False,False
2005-09-04,813.4,False,False
2005-09-05,1265.2516,False,False
2005-09-06,810.2033,False,False
2005-09-07,769.6,False,False
2005-09-08,380.18594,False,False
2005-09-09,353.51535,False,False
2005-09-10,341.64856,False,False
2005-09-11,447.0,False,False
2005-09-12,656.8986,False,False
2005-09-13,620.6178,False,False
2005-09-14,496.9002,False,False
2005-09-15,1013.2659,False,False
2005-09-16,1173.5408,False,False
2005-09-17,848.32635,False,False
2005-09-18,760.0,False,False
2005-09-19,463.1649,False,False
2005-09-20,372.95517,False,False
2005-09-21,335.2837,False,False
2005-09-22,361.34085,False,False
2005-09-23,357.48804,False,False
2005-09-24,460.4843,False,False
2005-09-25,439.2,False,False
2005-09-26,342.0446,False,False
2005-09-27,309.96326,False,False
2005-09-28,312.78836,False,False
2005-09-29,243.36978,False,False
2005-09-30,263.36496,False,False
2005-10-01,342.28763,False,False
2005-10-02,379.2,False,False
2005-10-03,373.60428,False,False
2005-10-04,449.02316,False,False
2005-10-05,537.61316,False,False
2005-10-06,634.06616,False,False
2005-10-07,429.8646,False,False
2005-10-08,330.8756,False,False
2005-10-09,390.2,False,False
2005-10-10,781.2857,False,False
2005-10-11,535.6,False,False
2005-10-12,431.5,False,False
2005-10-13,603.79553,False,False
2005-10-14,962.60693,False,False
2005-10-15,1604.488,False,False
2005-10-16,1047.0,False,False
2005-10-17,717.95795,False,False
2005-10-18,471.8109,False,False
2005-10-19,714.9104,False,False
2005-10-20,783.73914,False,False
2005-10-21,843.7306,False,False
2005-10-22,695.55804,False,False
2005-10-23,1386.0,False,False
2005-10-24,3656.0,False,False
2005-10-25,3196.0,False,False
2005-10-26,2095.0,False,False
2005-10-27,1393.0,False,False
2005-10-28,1460.0,False,False
2005-10-29,1118.0,False,False
2005-10-30,838.2,False,False
2005-10-31,578.0,False,False
2005-11-01,729.1,False,False
2005-11-02,1203.0,False,False
2005-11-03,1417.0,False,False
2005-11-04,1118.0,False,False
2005-11-05,1365.0,False,False
2005-11-06,909.1,False,False
2005-11-07,662.0,False,False
2005-11-08,565.2,False,False
2005-11-09,486.5,False,False
2005-11-10,470.5,False,False
2005-11-11,408.8,False,False
2005-11-12,405.0,False,False
2005-11-13,397.6,False,False
2005-11-14,427.7,False,False
2005-11-15,386.5,False,False
2005-11-16,364.7,False,False
2005-11-17,357.6,False,False
2005-11-18,347.0,False,False
2005-11-19,328.9385,False,False
2005-11-20,329.6,False,False
2005-11-21,320.79276,False,False
2005-11-22,317.03253,False,False
2005-11-23,335.08493,False,False
2005-11-24,459.7809,False,False
2005-11-25,507.47433,False,False
2005-11-26,517.7935,False,False
2005-11-27,470.5,False,False
2005-11-28,407.8334,False,False
2005-11-29,388.6461,False,False
2005-11-30,346.39008,False,False
2005-12-01,320.27844,False,False
2005-12-02,317.04205,False,False
2005-12-03,302.78305,False,False
2005-12-04,320.9,False,False
2005-12-05,390.08423,False,False
2005-12-06,384.26947,False,False
2005-12-07,357.16312,False,False
2005-12-08,338.9186,False,False
2005-12-09,317.15277,False,False
2005-12-10,292.3348,False,False
2005-12-11,275.1,False,False
2005-12-12,278.65686,False,False
2005-12-13,292.58908,False,False
2005-12-14,314.92853,False,False
2005-12-15,313.3529,False,False
2005-12-16,281.9,False,False
2005-12-17,268.4,False,False
2005-12-18,248.6,False,False
2005-12-19,236.37073,False,False
2005-12-20,227.03821,False,False
2005-12-21,217.55066,False,False
2005-12-22,211.54053,False,False
2005-12-23,194.02602,False,False
2005-12-24,177.21779,False,False
2005-12-25,179.8,False,False
2005-12-26,185.48373,False,False
2005-12-27,174.52615,False,False
2005-12-28,167.0673,False,False
2005-12-29,158.48499,False,False
2005-12-30,151.6957,False,False
2005-12-31,155.97704,False,False
2006-01-01,141.9,False,False
2006-01-02,129.97267,False,False
2006-01-03,133.465,False,False
2006-01-04,119.81177,False,False
2006-01-05,120.66576,False,False
2006-01-06,120.61781,False,False
2006-01-07,117.204506,False,False
2006-01-08,115.0,False,False
2006-01-09,109.09198,False,False
2006-01-10,126.2082,False,False
2006-01-11,110.6,False,False
2006-01-12,105.16956,False,False
2006-01-13,91.89126,False,False
2006-01-14,91.32757,False,False
2006-01-15,83.97,False,False
2006-01-16,70.668655,False,False
2006-01-17,99.87692,False,False
2006-01-18,95.76931,False,False
2006-01-19,77.14646,False,False
2006-01-20,85.77575,False,False
2006-01-21,85.658775,False,False
2006-01-22,82.06,False,False
2006-01-23,78.15624,False,False
2006-01-24,93.67455,False,False
2006-01-25,99.824394,False,False
2006-01-26,95.81,False,False
2006-01-27,78.21014,False,False
2006-01-28,81.77169,False,False
2006-01-29,78.33,False,False
2006-01-30,76.272064,False,False
2006-01-31,66.146857,False,True
2006-02-01,56.02165,False,False
2006-02-02,57.19,False,False
2006-02-03,62.41554,False,False
2006-02-04,62.398067,False,False
2006-02-05,53.0,False,False
2006-02-06,48.509415,False,False
2006-02-07,29.373396,False,False
2006-02-08,38.92384,False,False
2006-02-09,36.18,False,False
2006-02-10,29.379372,False,False
2006-02-11,42.815792,False,False
2006-02-12,53.0,False,False
2006-02-13,52.105843,False,False
2006-02-14,47.026413,False,False
2006-02-15,52.7011,False,False
2006-02-16,53.067535,False,False
2006-02-17,72.564835,False,False
2006-02-18,63.914272,False,False
2006-02-19,49.98,False,False
2006-02-20,52.89169,False,False
2006-02-21,55.963745,False,False
2006-02-22,56.587738,False,False
2006-02-23,61.537834,False,False
2006-02-24,62.379906,False,False
2006-02-25,52.741196,False,False
2006-02-26,60.91,False,False
2006-02-27,57.52672,False,False
2006-02-28,55.965084,False,False
2006-03-01,49.826477,False,False
2006-03-02,51.07409,False,False
2006-03-03,62.41554,False,False
2006-03-04,40.072914,False,False
2006-03-05,56.1,False,False
2006-03-06,113.92335,False,False
2006-03-07,100.42833,False,False
2006-03-08,209.36896,False,False
2006-03-09,123.8272,False,False
2006-03-10,91.491005,False,False
2006-03-11,77.56373,False,False
2006-03-12,99.92,False,False
2006-03-13,91.50366,False,False
2006-03-14,87.59318,False,False
2006-03-15,101.501236,False,False
2006-03-16,89.52041,False,False
2006-03-17,78.82464,False,False
2006-03-18,89.50115,False,False
2006-03-19,72.88,False,False
2006-03-20,70.77167,False,False
2006-03-21,74.47985,False,False
2006-03-22,69.14409,False,False
2006-03-23,76.29685,False,False
2006-03-24,58.360798,False,False
2006-03-25,67.307556,False,False
2006-03-26,67.62,False,False
2006-03-27,63.909393,False,False
2006-03-28,67.263725,False,False
2006-03-29,62.17245,False,False
2006-03-30,48.5,False,False
2006-03-31,51.40712,False,False
2006-04-01,48.47535,False,False
2006-04-02,59.28,False,False
2006-04-03,58.948025,False,False
2006-04-04,55.97659,False,False
2006-04-05,44.153923,False,False
2006-04-06,41.28188,False,False
2006-04-07,65.73286,False,False
2006-04-08,69.19585,False,False
2006-04-09,69.35,False,False
2006-04-10,68.575,False,False
2006-04-11,64.22,False,False
2006-04-12,57.51446,False,False
2006-04-13,43.598183,False,False
2006-04-14,40.09,False,False
2006-04-15,41.515854,False,False
2006-04-16,37.46,False,False
2006-04-17,41.530045,False,False
2006-04-18,91.40068,False,False
2006-04-19,145.55792,False,False
2006-04-20,130.81996,False,False
2006-04-21,81.46103,False,False
2006-04-22,66.792564,False,False
2006-04-23,67.62,False,False
2006-04-24,56.177834,False,False
2006-04-25,63.920555,False,False
2006-04-26,65.70697,False,False
2006-04-27,59.24769,False,False
2006-04-28,72.01121,False,False
2006-04-29,67.20481,False,False
2006-04-30,60.91,False,False
2006-05-01,45.569065,False,False
2006-05-02,39.39713,False,False
2006-05-03,33.938755,False,False
2006-05-04,29.521149,False,False
2006-05-05,33.00981,False,False
2006-05-06,48.516235,False,False
2006-05-07,47.05,False,False
2006-05-08,45.634037,False,False
2006-05-09,49.92072,False,False
2006-05-10,35.393845,False,False
2006-05-11,37.665897,False,False
2006-05-12,52.824844,False,False
2006-05-13,59.28,False,False
2006-05-14,137.0,False,False
2006-05-15,124.1131,False,False
2006-05-16,89.6148,False,False
2006-05-17,84.94019,False,False
2006-05-18,171.70898,False,False
2006-05-19,189.38498,False,False
2006-05-20,274.7087,False,False
2006-05-21,308.2,False,False
2006-05-22,208.6863,False,False
2006-05-23,109.78357,False,False
2006-05-24,74.45471,False,False
2006-05-25,72.88,False,False
2006-05-26,52.78876,False,False
2006-05-27,52.842133,False,False
2006-05-28,74.67,False,False
2006-05-29,83.76203,False,False
2006-05-30,97.59109,False,False
2006-05-31,108.76259,False,False
2006-06-01,124.86903,False,False
2006-06-02,128.40749,False,False
2006-06-03,112.68648,False,False
2006-06-04,137.4,False,False
2006-06-05,208.4637,False,False
2006-06-06,211.92232,False,False
2006-06-07,199.98724,False,False
2006-06-08,172.93192,False,False
2006-06-09,172.58076,False,False
2006-06-10,163.04636,False,False
2006-06-11,125.3,False,False
2006-06-12,78.15249,False,False
2006-06-13,54.01275,False,False
2006-06-14,46.492104,False,False
2006-06-15,35.69771,False,False
2006-06-16,53.73247,False,False
2006-06-17,70.55132,False,False
2006-06-18,74.63,False,False
2006-06-19,91.65096,False,False
2006-06-20,146.99815,False,False
2006-06-21,135.22609,False,False
2006-06-22,197.08922,False,False
2006-06-23,163.53746,False,False
2006-06-24,140.4871,False,False
2006-06-25,152.6,False,False
2006-06-26,128.34033,False,False
2006-06-27,126.739944,False,False
2006-06-28,217.29012,False,False
2006-06-29,208.73576,False,False
2006-06-30,210.59377,False,False
2006-07-01,216.66766,False,False
2006-07-02,874.2,False,False
2006-07-03,681.5509,False,False
2006-07-04,486.92047,False,False
2006-07-05,827.83984,False,False
2006-07-06,903.69495,False,False
2006-07-07,943.855,False,False
2006-07-08,823.146,False,False
2006-07-09,478.9,False,False
2006-07-10,335.10812,False,False
2006-07-11,338.959,False,False
2006-07-12,248.49573,False,False
2006-07-13,242.9,False,False
2006-07-14,335.4,False,False
2006-07-15,380.06226,False,False
2006-07-16,470.6,False,False
2006-07-17,410.3,False,False
2006-07-18,692.88226,False,False
2006-07-19,1261.0974,False,False
2006-07-20,1485.026,False,False
2006-07-21,1623.5863,False,False
2006-07-22,1249.5072,False,False
2006-07-23,1225.0,False,False
2006-07-24,644.6807,False,False
2006-07-25,456.10303,False,False
2006-07-26,397.09824,False,False
2006-07-27,299.23807,False,False
2006-07-28,260.17972,False,False
2006-07-29,410.44156,False,False
2006-07-30,739.9,False,False
2006-07-31,884.7643,False,False
2006-08-01,502.2781,False,False
2006-08-02,535.3488,False,False
2006-08-03,559.6521,False,False
2006-08-04,497.35556,False,False
2006-08-05,357.4445,False,False
2006-08-06,280.1,False,False
2006-08-07,284.33688,False,False
2006-08-08,743.5738,False,False
2006-08-09,433.82352,False,False
2006-08-10,348.08063,False,False
2006-08-11,278.2767,False,False
2006-08-12,286.8,False,False
2006-08-13,310.7,False,False
2006-08-14,1958.9175,False,False
2006-08-15,1651.0,False,False
2006-08-16,1786.0,False,False
2006-08-17,1849.9904,False,False
2006-08-18,1528.0614,False,False
2006-08-19,1786.0,False,False
2006-08-20,1815.0,False,False
2006-08-21,928.3,False,False
2006-08-22,845.6106,False,False
2006-08-23,541.50024,False,False
2006-08-24,395.3806,False,False
2006-08-25,349.1931,False,False
2006-08-26,333.11594,False,False
2006-08-27,337.2,False,False
2006-08-28,316.79642,False,False
2006-08-29,312.90298,False,False
2006-08-30,318.04312,False,False
2006-08-31,300.52893,False,False
2006-09-01,295.66058,False,False
2006-09-02,317.59848,False,False
2006-09-03,250.8,False,False
2006-09-04,283.78775,False,False
2006-09-05,320.9794,False,False
2006-09-06,242.30168,False,False
2006-09-07,220.05055,False,False
2006-09-08,240.81876,False,False
2006-09-09,263.41232,False,False
2006-09-10,268.5,False,False
2006-09-11,299.26834,False,False
2006-09-12,304.87598,False,False
2006-09-13,264.02905,False,False
2006-09-14,224.13985,False,False
2006-09-15,215.29169,False,False
2006-09-16,236.33678,False,False
2006-09-17,238.2,False,False
2006-09-18,236.10283,False,False
2006-09-19,381.00378,False,False
2006-09-20,407.69434,False,False
2006-09-21,392.32388,False,False
2006-09-22,337.5665,False,False
2006-09-23,334.23083,False,False
2006-09-24,331.8,False,False
2006-09-25,329.76672,False,False
2006-09-26,338.8455,False,False
2006-09-27,390.261,False,False
2006-09-28,391.78134,False,False
2006-09-29,360.9,False,False
2006-09-30,320.43445,False,False
2006-10-01,372.1,False,False
2006-10-02,310.7,False,False
2006-10-03,292.57654,False,False
2006-10-04,251.55238,False,False
2006-10-05,223.42131,False,False
2006-10-06,214.9448,False,False
2006-10-07,215.16872,False,False
2006-10-08,216.8,False,False
2006-10-09,495.7653,False,False
2006-10-10,512.26825,False,False
2006-10-11,389.25003,False,False
2006-10-12,311.71674,False,False
2006-10-13,272.54636,False,False
2006-10-14,242.41524,False,False
2006-10-15,244.5,False,False
2006-10-16,251.84055,False,False
2006-10-17,228.91994,False,False
2006-10-18,228.52249,False,False
2006-10-19,205.78345,False,False
2006-10-20,205.0,False,False
2006-10-21,202.57817,False,False
2006-10-22,196.3,False,False
2006-10-23,238.2,False,False
2006-10-24,230.5,False,False
2006-10-25,210.9,False,False
2006-10-26,201.76897,False,False
2006-10-27,205.84439,False,False
2006-10-28,228.39053,False,False
2006-10-29,250.8,False,False
2006-10-30,265.18112,False,False
2006-10-31,362.45993,False,False
2006-11-01,342.2595,False,False
2006-11-02,309.97513,False,False
2006-11-03,310.13297,False,False
2006-11-04,364.95895,False,False
2006-11-05,387.2,False,False
2006-11-06,342.02136,False,False
2006-11-07,301.45804,False,False
2006-11-08,660.1007,False,False
2006-11-09,420.0121,False,False
2006-11-10,310.13687,False,False
2006-11-11,290.45526,False,False
2006-11-12,244.5,False,False
2006-11-13,217.62717,False,False
2006-11-14,205.43114,False,False
2006-11-15,196.80878,False,False
2006-11-16,201.77701,False,False
2006-11-17,215.88533,False,False
2006-11-18,215.05836,False,False
2006-11-19,242.9,False,False
2006-11-20,275.40024,False,False
2006-11-21,275.29953,False,False
2006-11-22,257.2,False,False
2006-11-23,226.77986,False,False
2006-11-24,228.9,False,False
2006-11-25,220.6824,False,False
2006-11-26,250.8,False,False
2006-11-27,208.61652,False,False
2006-11-28,214.00166,False,False
2006-11-29,208.41745,False,False
2006-11-30,190.95117,False,False
2006-12-01,189.82729,False,False
2006-12-02,189.597,False,False
2006-12-03,163.4,False,False
2006-12-04,168.99724,False,False
2006-12-05,161.99211,False,False
2006-12-06,171.0601,False,False
2006-12-07,163.74355,False,False
2006-12-08,166.66132,False,False
2006-12-09,159.71535,False,False
2006-12-10,158.2,False,False
2006-12-11,149.46924,False,False
2006-12-12,143.1153,False,False
2006-12-13,142.92972,False,False
2006-12-14,152.96606,False,False
2006-12-15,140.65295,False,False
2006-12-16,145.5784,False,False
2006-12-17,130.7,False,False
2006-12-18,119.20144,False,False
2006-12-19,118.99257,False,False
2006-12-20,118.88285,False,False
2006-12-21,126.18716,False,False
2006-12-22,106.055885,False,False
2006-12-23,114.67546,False,False
2006-12-24,110.2,False,False
2006-12-25,110.2,False,False
2006-12-26,110.32567,False,False
2006-12-27,94.49326,False,False
2006-12-28,81.80983,False,False
2006-12-29,76.3052,False,False
2006-12-30,74.2354,False,False
2006-12-31,70.91,False,False
2007-01-01,70.04,False,False
2007-01-02,65.04383,False,False
2007-01-03,54.407433,False,False
2007-01-04,62.31224,False,False
2007-01-05,51.348297,False,False
2007-01-06,52.922234,False,False
2007-01-07,67.46,False,False
2007-01-08,59.154526,False,False
2007-01-09,64.06594,False,False
2007-01-10,57.51339,False,False
2007-01-11,58.64593,False,False
2007-01-12,54.44841,False,False
2007-01-13,50.04,False,False
2007-01-14,47.15,False,False
2007-01-15,55.79489,False,False
2007-01-16,51.52,False,False
2007-01-17,53.01,False,False
2007-01-18,53.77,False,False
2007-01-19,56.07,False,False
2007-01-20,50.04,False,False
2007-01-21,56.07,False,False
2007-01-22,53.77,False,False
2007-01-23,60.82,False,False
2007-01-24,60.02,False,False
2007-01-25,48.461964,False,False
2007-01-26,65.77,False,False
2007-01-27,60.864227,False,False
2007-01-28,48.59,False,False
2007-01-29,40.2081,False,False
2007-01-30,54.53,False,False
2007-01-31,54.47602,False,False
2007-02-01,58.876816,False,False
2007-02-02,51.37631,False,False
2007-02-03,51.356815,False,False
2007-02-04,36.47,False,False
2007-02-05,41.64,False,False
2007-02-06,35.24,False,False
2007-02-07,31.6696,False,False
2007-02-08,35.133213,False,False
2007-02-09,34.457912,False,False
2007-02-10,37.641563,False,False
2007-02-11,33.42,False,False
2007-02-12,44.223583,False,False
2007-02-13,38.92602,False,False
2007-02-14,44.29603,False,False
2007-02-15,39.512478,False,False
2007-02-16,49.939877,False,False
2007-02-17,47.00974,False,False
2007-02-18,59.21,False,False
2007-02-19,60.745213,False,False
2007-02-20,67.43405,False,False
2007-02-21,73.46866,False,False
2007-02-22,78.16333,False,False
2007-02-23,72.696754,False,False
2007-02-24,59.148464,False,False
2007-02-25,59.21,False,False
2007-02-26,52.144165,False,False
2007-02-27,54.464886,False,False
2007-02-28,54.47488,False,False
2007-03-01,59.14792,False,False
2007-03-02,55.8567,False,False
2007-03-03,49.888695,False,False
2007-03-04,44.36,False,False
2007-03-05,44.268536,False,False
2007-03-06,42.861576,False,False
2007-03-07,47.878574,False,False
2007-03-08,44.84781,False,False
2007-03-09,35.508743,False,False
2007-03-10,41.53646,False,False
2007-03-11,39.02,False,False
2007-03-12,34.009285,False,False
2007-03-13,49.174755,False,False
2007-03-14,48.424267,False,False
2007-03-15,53.6781,False,False
2007-03-16,59.222694,False,False
2007-03-17,67.47238,False,False
2007-03-18,65.77,False,False
2007-03-19,70.91,False,False
2007-03-20,72.65393,False,False
2007-03-21,74.632935,False,False
2007-03-22,70.893814,False,False
2007-03-23,70.86719,False,False
2007-03-24,64.0851,False,False
2007-03-25,60.82,False,False
2007-03-26,51.431168,False,False
2007-03-27,47.700665,False,False
2007-03-28,62.35467,False,False
2007-03-29,49.9109,False,False
2007-03-30,54.449154,False,False
2007-03-31,59.21,False,False
2007-04-01,67.46,False,False
2007-04-02,54.424915,False,False
2007-04-03,57.531376,False,False
2007-04-04,60.73413,False,False
2007-04-05,57.545013,False,False
2007-04-06,58.42,False,False
2007-04-07,49.945,False,True
2007-04-08,41.47,False,False
2007-04-09,35.20333333333333,False,True
2007-04-10,28.936666666666667,False,True
2007-04-11,22.67,False,False
2007-04-12,24.970000000000002,False,True
2007-04-13,27.27,False,True
2007-04-14,29.57,False,False
2007-04-15,45.11,False,False
2007-04-16,56.788,False,True
2007-04-17,68.46600000000001,False,True
2007-04-18,,False,False
2007-04-19,,False,False
2007-04-20,103.5,False,False
2007-04-21,83.125,False,True
2007-04-22,62.75,False,False
2007-04-23,62.474805,False,True
2007-04-24,62.19961,False,False
2007-04-25,45.890274,False,False
2007-04-26,45.348885,False,False
2007-04-27,48.71586,False,False
2007-04-28,45.121967,False,False
2007-04-29,39.68,False,False
2007-04-30,42.37,False,False
2007-05-01,46.191666,False,False
2007-05-02,45.11,False,False
2007-05-03,35.450306,False,False
2007-05-04,31.809633,False,False
2007-05-05,76.27613,False,False
2007-05-06,118.6,False,False
2007-05-07,123.8,False,False
2007-05-08,64.84,False,False
2007-05-09,55.210716,False,False
2007-05-10,46.16524,False,False
2007-05-11,42.666897,False,False
2007-05-12,37.98,False,False
2007-05-13,27.98,False,False
2007-05-14,37.73949,False,False
2007-05-15,32.11306,False,False
2007-05-16,32.647434,False,False
2007-05-17,30.441933,False,False
2007-05-18,27.958244,False,False
2007-05-19,25.82,False,False
2007-05-20,21.94,False,False
2007-05-21,22.014584,False,False
2007-05-22,21.966057,False,False
2007-05-23,19.11,False,False
2007-05-24,20.327269,False,False
2007-05-25,16.681126,False,False
2007-05-26,47.711113,False,False
2007-05-27,45.11,False,False
2007-05-28,38.778263,False,False
2007-05-29,38.456715,False,False
2007-05-30,47.46422,False,False
2007-05-31,33.507915,False,False
2007-06-01,43.196785,False,False
2007-06-02,25.764208,False,False
2007-06-03,22.25,False,False
2007-06-04,23.167444,False,False
2007-06-05,21.689194,False,False
2007-06-06,22.631002,False,False
2007-06-07,24.72219,False,False
2007-06-08,58.559067,False,False
2007-06-09,38.0,False,False
2007-06-10,36.65,False,False
2007-06-11,27.252323,False,False
2007-06-12,31.575747,False,False
2007-06-13,24.757044,False,False
2007-06-14,43.02115,False,False
2007-06-15,41.227264,False,False
2007-06-16,31.152296,False,False
2007-06-17,27.26,False,False
2007-06-18,22.02132,False,False
2007-06-19,22.236328,False,True
2007-06-20,22.451336,False,False
2007-06-21,33.328632,False,False
2007-06-22,25.899984,False,False
2007-06-23,22.534992000000003,False,True
2007-06-24,19.17,False,False
2007-06-25,33.232143,False,False
2007-06-26,50.4391,False,False
2007-06-27,42.98892,False,False
2007-06-28,107.54195,False,False
2007-06-29,96.79016,False,False
2007-06-30,128.13618,False,False
2007-07-01,166.4,False,False
2007-07-02,153.71542,False,False
2007-07-03,358.69371,False,True
2007-07-04,563.672,False,False
2007-07-05,604.4,False,False
2007-07-06,775.7,False,False
2007-07-07,759.3,False,False
2007-07-08,634.1,False,False
2007-07-09,954.4,False,False
2007-07-10,797.8,False,False
2007-07-11,658.2436,False,False
2007-07-12,796.96173,False,False
2007-07-13,671.2545,False,False
2007-07-14,1244.0,False,False
2007-07-15,825.8,False,False
2007-07-16,1041.0,False,False
2007-07-17,1363.0,False,False
2007-07-18,2177.0,False,False
2007-07-19,3679.543,False,False
2007-07-20,2364.28,False,False
2007-07-21,999.05133,False,False
2007-07-22,1653.0,False,False
2007-07-23,687.5529,False,False
2007-07-24,599.2265,False,False
2007-07-25,507.36768,False,False
2007-07-26,358.2221,False,False
2007-07-27,450.38864,False,False
2007-07-28,399.3853,False,False
2007-07-29,352.0,False,False
2007-07-30,342.92847,False,False
2007-07-31,290.42035,False,False
2007-08-01,297.6932,False,False
2007-08-02,339.36655,False,False
2007-08-03,309.46887,False,False
2007-08-04,308.02264,False,False
2007-08-05,262.8,False,False
2007-08-06,214.82127,False,False
2007-08-07,465.6089,False,False
2007-08-08,2738.0,False,False
2007-08-09,2631.8667,False,False
2007-08-10,2345.4326,False,False
2007-08-11,3144.0,False,False
2007-08-12,3883.0,False,False
2007-08-13,2175.167,False,False
2007-08-14,1249.4568,False,False
2007-08-15,865.8,False,False
2007-08-16,591.55884,False,False
2007-08-17,520.7225,False,False
2007-08-18,407.2257,False,False
2007-08-19,311.2,False,False
2007-08-20,315.3949,False,False
2007-08-21,287.51102,False,False
2007-08-22,298.50797,False,False
2007-08-23,426.3449,False,False
2007-08-24,431.04758,False,False
2007-08-25,843.23206,False,False
2007-08-26,753.9,False,False
2007-08-27,731.7777,False,False
2007-08-28,598.5532,False,False
2007-08-29,453.42267,False,False
2007-08-30,450.47708,False,False
2007-08-31,343.77472,False,False
2007-09-01,427.3533,False,False
2007-09-02,448.8,False,False
2007-09-03,392.11942,False,False
2007-09-04,732.4,False,False
2007-09-05,1106.7002,False,False
2007-09-06,839.0678,False,False
2007-09-07,849.51013,False,False
2007-09-08,619.2,False,False
2007-09-09,732.4,False,False
2007-09-10,682.19446,False,False
2007-09-11,737.44476,False,False
2007-09-12,628.0725,False,False
2007-09-13,543.81964,False,False
2007-09-14,513.09576,False,False
2007-09-15,484.36832,False,False
2007-09-16,661.9,False,False
2007-09-17,720.8903,False,False
2007-09-18,840.8707,False,False
2007-09-19,829.8053,False,False
2007-09-20,710.6448,False,False
2007-09-21,521.76984,False,False
2007-09-22,517.9652,False,False
2007-09-23,411.2,False,False
2007-09-24,349.71777,False,False
2007-09-25,358.30554,False,False
2007-09-26,475.19836,False,False
2007-09-27,1156.6641,False,False
2007-09-28,1379.2595,False,False
2007-09-29,703.57635,False,False
2007-09-30,415.3,False,False
2007-10-01,391.27786,False,False
2007-10-02,359.6,False,False
2007-10-03,373.0275,False,False
2007-10-04,417.6246,False,False
2007-10-05,483.39047,False,False
2007-10-06,422.53394,False,False
2007-10-07,355.8,False,False
2007-10-08,290.1767,False,False
2007-10-09,219.0412,False,False
2007-10-10,220.70044,False,False
2007-10-11,237.10751,False,False
2007-10-12,216.09932,False,False
2007-10-13,233.6,False,False
2007-10-14,219.7,False,False
2007-10-15,231.39856,False,False
2007-10-16,234.91219,False,False
2007-10-17,195.43652,False,False
2007-10-18,250.12323,False,False
2007-10-19,448.8,False,False
2007-10-20,508.1778,False,False
2007-10-21,921.4,False,False
2007-10-22,642.06195,False,False
2007-10-23,662.7722,False,False
2007-10-24,1163.3528,False,False
2007-10-25,1458.1906,False,False
2007-10-26,917.36975,False,False
2007-10-27,627.77374,False,False
2007-10-28,431.9,False,False
2007-10-29,679.50006,False,False
2007-10-30,1468.9458,False,False
2007-10-31,762.737,False,False
2007-11-01,346.97455,False,False
2007-11-02,290.90915,False,False
2007-11-03,500.0891,False,False
2007-11-04,423.6,False,False
2007-11-05,416.5678,False,False
2007-11-06,331.40033,False,False
2007-11-07,318.32782,False,False
2007-11-08,493.48563,False,False
2007-11-09,461.7,False,False
2007-11-10,336.9,False,False
2007-11-11,322.1,False,False
2007-11-12,242.88786,False,False
2007-11-13,216.20299,False,False
2007-11-14,233.47716,False,False
2007-11-15,228.31099,False,False
2007-11-16,224.88083,False,False
2007-11-17,220.0657,False,False
2007-11-18,230.5,False,False
2007-11-19,215.96742,False,False
2007-11-20,224.08946,False,False
2007-11-21,222.14124,False,False
2007-11-22,239.55731,False,False
2007-11-23,215.68108,False,False
2007-11-24,243.2,False,False
2007-11-25,230.5,False,False
2007-11-26,235.70778,False,False
2007-11-27,211.31241,False,False
2007-11-28,196.81628,False,False
2007-11-29,187.56493,False,False
2007-11-30,188.58673,False,False
2007-12-01,186.8903,False,False
2007-12-02,177.0,False,False
2007-12-03,183.38776,False,False
2007-12-04,179.1096,False,False
2007-12-05,149.39166,False,False
2007-12-06,179.59445,False,False
2007-12-07,153.39088,False,False
2007-12-08,157.2,False,False
2007-12-09,158.5,False,False
2007-12-10,140.87012,False,False
2007-12-11,124.851006,False,False
2007-12-12,130.92052,False,False
2007-12-13,130.01242,False,False
2007-12-14,119.65873,False,False
2007-12-15,121.16103,False,False
2007-12-16,117.1,False,False
2007-12-17,121.036255,False,False
2007-12-18,129.56313,False,False
2007-12-19,120.87053,False,False
2007-12-20,140.93417,False,False
2007-12-21,218.8,False,False
2007-12-22,200.0785,False,False
2007-12-23,164.5,False,False
2007-12-24,127.07372,False,False
2007-12-25,97.2,False,False
2007-12-26,92.702065,False,False
2007-12-27,66.22248,False,False
2007-12-28,71.13237,False,False
2007-12-29,70.746185,False,True
2007-12-30,70.36,False,False
2007-12-31,45.60349,False,False
2008-01-01,35.2859295,False,True
2008-01-02,24.968369,False,False
2008-01-03,49.122013,False,False
2008-01-04,42.978783,False,False
2008-01-05,32.927784,False,False
2008-01-06,44.48,False,False
2008-01-07,42.751945,False,False
2008-01-08,46.467087,False,False
2008-01-09,43.704556,False,False
2008-01-10,43.31107,False,False
2008-01-11,32.759068,False,False
2008-01-12,30.83,False,False
2008-01-13,32.18,False,False
2008-01-14,35.6449,False,False
2008-01-15,37.79,False,False
2008-01-16,44.506496,False,False
2008-01-17,42.553192,False,False
2008-01-18,46.189713,False,False
2008-01-19,49.502613,False,False
2008-01-20,49.15,False,False
2008-01-21,46.26124,False,False
2008-01-22,40.943474,False,False
2008-01-23,40.209908,False,False
2008-01-24,35.52025,False,False
2008-01-25,33.181065,False,False
2008-01-26,36.36,False,False
2008-01-27,42.21,False,False
2008-01-28,27.622791,False,False
2008-01-29,27.221278249999997,False,True
2008-01-30,26.8197655,False,True
2008-01-31,,False,False
2008-02-01,26.01674,False,False
2008-02-02,24.512829,False,False
2008-02-03,26.28,False,False
2008-02-04,24.063742,False,False
2008-02-05,19.3527945,False,True
2008-02-06,14.641847,False,False
2008-02-07,11.392064,False,False
2008-02-08,11.804503,False,False
2008-02-09,18.53,False,False
2008-02-10,17.43,False,False
2008-02-11,12.856026,False,False
2008-02-12,39.338024,False,False
2008-02-13,43.062747,False,True
2008-02-14,46.78747,False,False
2008-02-15,58.441948,False,False
2008-02-16,63.41188,False,False
2008-02-17,48.36,False,False
2008-02-18,51.44061,False,False
2008-02-19,45.105694,False,False
2008-02-20,49.349607,False,True
2008-02-21,53.59352,False,False
2008-02-22,53.167927,False,False
2008-02-23,51.213844,False,False
2008-02-24,43.72,False,False
2008-02-25,57.392708,False,False
2008-02-26,62.53717,False,False
2008-02-27,61.556526,False,False
2008-02-28,66.06985,False,False
2008-02-29,52.889503,False,False
2008-03-01,51.182037,False,False
2008-03-02,43.72,False,False
2008-03-03,55.454834,False,False
2008-03-04,48.218685,False,False
2008-03-05,45.035908,False,False
2008-03-06,40.72559,False,False
2008-03-07,41.265205,False,False
2008-03-08,46.02,False,False
2008-03-09,42.21,False,False
2008-03-10,37.374424,False,False
2008-03-11,30.998072,False,False
2008-03-12,30.580359,False,False
2008-03-13,46.442616,False,False
2008-03-14,47.363033,False,False
2008-03-15,68.452286,False,False
2008-03-16,109.6,False,False
2008-03-17,237.37181,False,False
2008-03-18,209.45952,False,False
2008-03-19,149.32722,False,False
2008-03-20,93.64975,False,False
2008-03-21,83.39,False,False
2008-03-22,97.66701,False,False
2008-03-23,153.6,False,False
2008-03-24,140.41035,False,False
2008-03-25,103.506195,False,False
2008-03-26,87.730385,False,False
2008-03-27,78.50894,False,False
2008-03-28,46.092888,False,False
2008-03-29,43.498558,False,False
2008-03-30,68.56,False,False
2008-03-31,123.07604,False,False
2008-04-01,133.3476,False,False
2008-04-02,116.71656,False,False
2008-04-03,129.669,False,False
2008-04-04,109.21775,False,False
2008-04-05,93.76046,False,False
2008-04-06,79.59,False,False
2008-04-07,77.71,False,False
2008-04-08,86.411575,False,False
2008-04-09,83.226234,False,False
2008-04-10,79.056854,False,False
2008-04-11,70.303427,False,True
2008-04-12,61.55,False,False
2008-04-13,65.02,False,False
2008-04-14,85.32,False,False
2008-04-15,83.78042,False,False
2008-04-16,83.3431,False,False
2008-04-17,78.793396,False,False
2008-04-18,65.02,False,False
2008-04-19,63.285,False,True
2008-04-20,61.55,False,False
2008-04-21,51.205753,False,False
2008-04-22,50.83573,False,False
2008-04-23,51.458836,False,False
2008-04-24,50.724766,False,False
2008-04-25,61.255363,False,False
2008-04-26,62.93869,False,False
2008-04-27,66.78,False,False
2008-04-28,64.41634,False,False
2008-04-29,79.17785,False,False
2008-04-30,84.549904,False,False
2008-05-01,94.16491,False,False
2008-05-02,92.58264,False,False
2008-05-03,91.37764,False,False
2008-05-04,75.85,False,False
2008-05-05,80.30511,False,False
2008-05-06,85.11876,False,False
2008-05-07,78.733185,False,False
2008-05-08,71.323849,False,True
2008-05-09,63.914513,False,False
2008-05-10,124.8,False,False
2008-05-11,140.7,False,False
2008-05-12,120.44371,False,False
2008-05-13,98.000755,False,False
2008-05-14,102.37154,False,False
2008-05-15,85.0014,False,False
2008-05-16,76.081764,False,False
2008-05-17,69.251144,False,False
2008-05-18,58.15,False,False
2008-05-19,69.00499,False,False
2008-05-20,66.78,False,False
2008-05-21,67.49794,False,False
2008-05-22,69.558556,False,False
2008-05-23,83.020805,False,False
2008-05-24,81.993965,False,False
2008-05-25,93.18,False,False
2008-05-26,82.22313,False,False
2008-05-27,118.31598,False,False
2008-05-28,112.075424,False,False
2008-05-29,113.69698,False,False
2008-05-30,123.08416,False,False
2008-05-31,110.55855,False,False
2008-06-01,140.8,False,False
2008-06-02,157.83492,False,False
2008-06-03,237.89128,False,False
2008-06-04,199.85507,False,False
2008-06-05,155.18933,False,False
2008-06-06,113.35106,False,False
2008-06-07,97.96832,False,False
2008-06-08,84.25,False,False
2008-06-09,68.70722,False,False
2008-06-10,97.227455,False,False
2008-06-11,82.77371,False,False
2008-06-12,95.669106,False,False
2008-06-13,75.25288,False,False
2008-06-14,92.48854,False,False
2008-06-15,75.82,False,False
2008-06-16,65.74305,False,False
2008-06-17,66.71201,False,False
2008-06-18,63.061638,False,False
2008-06-19,63.12204,False,False
2008-06-20,66.881294,False,False
2008-06-21,32.798756,False,False
2008-06-22,31.01,False,False
2008-06-23,33.25487,False,False
2008-06-24,32.741776,False,False
2008-06-25,47.679054,False,False
2008-06-26,43.128113,False,False
2008-06-27,63.738045,False,False
2008-06-28,60.973873,False,False
2008-06-29,50.0,False,False
2008-06-30,48.824913,False,False
2008-07-01,53.491467,False,False
2008-07-02,64.850075,False,False
2008-07-03,89.99859,False,False
2008-07-04,89.43267,False,False
2008-07-05,81.86302,False,False
2008-07-06,73.11,False,False
2008-07-07,98.36137,False,False
2008-07-08,125.77924,False,False
2008-07-09,97.428276,False,False
2008-07-10,98.07404,False,False
2008-07-11,142.33313,False,False
2008-07-12,191.29697,False,False
2008-07-13,163.5,False,False
2008-07-14,139.86778,False,False
2008-07-15,108.57036,False,False
2008-07-16,99.30678,False,False
2008-07-17,107.28459,False,False
2008-07-18,78.203415,False,False
2008-07-19,106.112434,False,False
2008-07-20,82.34,False,False
2008-07-21,48.706837,False,False
2008-07-22,63.979813,False,False
2008-07-23,83.71316,False,False
2008-07-24,70.48663,False,False
2008-07-25,88.81162,False,False
2008-07-26,91.6204,False,False
2008-07-27,92.07,False,False
2008-07-28,99.38187,False,False
2008-07-29,97.463005,False,False
2008-07-30,237.05028,False,False
2008-07-31,522.8103,False,False
2008-08-01,324.77362,False,False
2008-08-02,908.56995,False,False
2008-08-03,549.4,False,False
2008-08-04,631.66064,False,False
2008-08-05,603.8944,False,False
2008-08-06,591.1162,False,False
2008-08-07,486.83835,False,False
2008-08-08,332.279,False,False
2008-08-09,237.89592,False,False
2008-08-10,182.3,False,False
2008-08-11,122.99051,False,False
2008-08-12,316.26947,False,False
2008-08-13,707.4456,False,False
2008-08-14,1249.4854,False,False
2008-08-15,2702.0,False,False
2008-08-16,1584.0712,False,False
2008-08-17,971.3,False,False
2008-08-18,771.6678,False,False
2008-08-19,402.45264,False,False
2008-08-20,459.23068,False,False
2008-08-21,464.58194,False,False
2008-08-22,356.7703,False,False
2008-08-23,379.83783,False,False
2008-08-24,293.3,False,False
2008-08-25,299.61948,False,False
2008-08-26,257.59402,False,False
2008-08-27,396.54684,False,False
2008-08-28,691.8089,False,False
2008-08-29,770.953,False,False
2008-08-30,537.5669,False,False
2008-08-31,567.9,False,False
2008-09-01,1150.6492,False,False
2008-09-02,882.0315,False,False
2008-09-03,679.4,False,False
2008-09-04,1071.143,False,False
2008-09-05,655.2471,False,False
2008-09-06,457.976,False,False
2008-09-07,400.2,False,False
2008-09-08,367.62885,False,False
2008-09-09,423.60324,False,False
2008-09-10,487.57132,False,False
2008-09-11,440.69946,False,False
2008-09-12,332.5511,False,False
2008-09-13,306.12497,False,False
2008-09-14,412.1,False,False
2008-09-15,335.04868,False,False
2008-09-16,468.55212,False,False
2008-09-17,634.69135,False,False
2008-09-18,316.36652,False,False
2008-09-19,250.28978,False,False
2008-09-20,282.35382,False,False
2008-09-21,250.4,False,False
2008-09-22,255.39403,False,False
2008-09-23,253.01663,False,False
2008-09-24,244.0197,False,False
2008-09-25,228.20323,False,False
2008-09-26,266.5913,False,False
2008-09-27,252.3183,False,False
2008-09-28,253.6,False,False
2008-09-29,271.46652,False,False
2008-09-30,253.74416,False,False
2008-10-01,253.56749,False,False
2008-10-02,250.4,False,False
2008-10-03,238.44453,False,False
2008-10-04,259.39932,False,False
2008-10-05,276.4,False,False
2008-10-06,285.41843,False,False
2008-10-07,326.74762,False,False
2008-10-08,304.81934,False,False
2008-10-09,335.6,False,False
2008-10-10,386.91605,False,False
2008-10-11,300.20703,False,False
2008-10-12,273.1,False,False
2008-10-13,296.51523,False,False
2008-10-14,284.63293,False,False
2008-10-15,365.88077,False,False
2008-10-16,358.9967,False,False
2008-10-17,328.34613,False,False
2008-10-18,411.19672,False,False
2008-10-19,314.1,False,False
2008-10-20,289.5332,False,False
2008-10-21,361.27997,False,False
2008-10-22,490.97787,False,False
2008-10-23,409.70267,False,False
2008-10-24,455.58594,False,False
2008-10-25,789.2169,False,False
2008-10-26,794.7,False,False
2008-10-27,585.532,False,False
2008-10-28,615.2,False,False
2008-10-29,528.86475,False,False
2008-10-30,275.63635,False,False
2008-10-31,268.73175,False,False
2008-11-01,266.61475,False,False
2008-11-02,253.6,False,False
2008-11-03,260.81528,False,False
2008-11-04,254.96277,False,False
2008-11-05,215.36551,False,False
2008-11-06,197.46956,False,False
2008-11-07,216.23285,False,False
2008-11-08,206.059,False,False
2008-11-09,204.8,False,False
2008-11-10,207.9318,False,False
2008-11-11,217.51065,False,False
2008-11-12,203.26619,False,False
2008-11-13,207.7,False,False
2008-11-14,166.60071,False,False
2008-11-15,190.49713,False,False
2008-11-16,190.6,False,False
2008-11-17,186.38054,False,False
2008-11-18,205.47615,False,False
2008-11-19,198.1823,False,False
2008-11-20,175.15,False,False
2008-11-21,177.84254,False,False
2008-11-22,186.71039,False,False
2008-11-23,176.8,False,False
2008-11-24,222.30458,False,False
2008-11-25,238.10394,False,False
2008-11-26,252.58305,False,False
2008-11-27,226.11928,False,False
2008-11-28,259.87204,False,False
2008-11-29,364.5367,False,False
2008-11-30,369.1,False,False
2008-12-01,358.35168,False,False
2008-12-02,306.8447,False,False
2008-12-03,277.92874,False,False
2008-12-04,243.10484,False,False
2008-12-05,215.34079,False,False
2008-12-06,203.63454,False,False
2008-12-07,180.1,False,False
2008-12-08,219.63943,False,False
2008-12-09,188.4,False,False
2008-12-10,177.97693,False,False
2008-12-11,181.58739,False,False
2008-12-12,166.26086,False,False
2008-12-13,175.07376,False,False
2008-12-14,172.0,False,False
2008-12-15,174.4764,False,False
2008-12-16,148.43619,False,False
2008-12-17,153.37732,False,False
2008-12-18,153.49158,False,False
2008-12-19,133.38312,False,False
2008-12-20,130.09787,False,False
2008-12-21,129.3,False,False
2008-12-22,119.55959,False,False
2008-12-23,125.79369,False,False
2008-12-24,114.54023,False,False
2008-12-25,109.0,False,False
2008-12-26,111.9435,False,False
2008-12-27,79.84141,False,False
2008-12-28,84.36,False,False
2008-12-29,78.70614,False,False
2008-12-30,86.81476,False,False
2008-12-31,77.105606,False,False
2009-01-01,59.78512,False,False
2009-01-02,67.148315,False,False
2009-01-03,61.955112,False,False
2009-01-04,62.65,False,False
2009-01-05,58.792057,False,False
2009-01-06,54.025654,False,False
2009-01-07,57.86448,False,False
2009-01-08,52.91,False,False
2009-01-09,54.27538,False,False
2009-01-10,52.466663,False,False
2009-01-11,45.38,False,False
2009-01-12,39.769714,False,False
2009-01-13,40.4948,False,False
2009-01-14,41.11,False,False
2009-01-15,40.373863,False,False
2009-01-16,34.040768,False,False
2009-01-17,35.072075,False,False
2009-01-18,29.48,False,False
2009-01-19,48.901695,False,False
2009-01-20,56.453304,False,False
2009-01-21,50.688522,False,False
2009-01-22,49.092945,False,False
2009-01-23,52.22046,False,False
2009-01-24,47.20628,False,False
2009-01-25,46.85,False,False
2009-01-26,46.85,False,False
2009-01-27,35.544037,False,False
2009-01-28,34.740158,False,False
2009-01-29,51.073517,False,False
2009-01-30,44.464493,False,False
2009-01-31,35.30494,False,False
2009-02-01,31.91,False,False
2009-02-02,51.512806,False,False
2009-02-03,44.687458,False,False
2009-02-04,35.633324,False,False
2009-02-05,43.65628,False,False
2009-02-06,44.592773,False,False
2009-02-07,32.83698,False,False
2009-02-08,29.48,False,False
2009-02-09,51.118004,False,False
2009-02-10,42.51211,False,False
2009-02-11,52.246902,False,False
2009-02-12,24.59041,False,False
2009-02-13,37.429073,False,False
2009-02-14,51.487736,False,False
2009-02-15,35.72,False,False
2009-02-16,48.047592,False,False
2009-02-17,44.060673,False,False
2009-02-18,52.741287,False,False
2009-02-19,43.268986,False,False
2009-02-20,50.918297,False,False
2009-02-21,51.8257,False,False
2009-02-22,54.49,False,False
2009-02-23,46.410587,False,False
2009-02-24,31.944351,False,False
2009-02-25,37.154125,False,False
2009-02-26,44.119972,False,False
2009-02-27,49.567677,False,False
2009-02-28,44.92343,False,False
2009-03-01,42.51,False,False
2009-03-02,50.205193,False,False
2009-03-03,45.653625,False,False
2009-03-04,61.295906,False,False
2009-03-05,56.51514,False,False
2009-03-06,41.573322,False,False
2009-03-07,34.920742,False,False
2009-03-08,31.91,False,False
2009-03-09,36.897865,False,False
2009-03-10,27.13,False,False
2009-03-11,26.262815,False,False
2009-03-12,29.187595,False,False
2009-03-13,43.947746,False,False
2009-03-14,45.593243,False,False
2009-03-15,28.29,False,False
2009-03-16,33.985313,False,False
2009-03-17,33.88693,False,False
2009-03-18,46.545563,False,False
2009-03-19,38.68789,False,False
2009-03-20,39.784092,False,False
2009-03-21,36.02778,False,False
2009-03-22,35.72,False,False
2009-03-23,51.66001,False,False
2009-03-24,33.264015,False,False
2009-03-25,47.675106,False,False
2009-03-26,42.308025,False,False
2009-03-27,59.32,False,False
2009-03-28,59.91277,False,False
2009-03-29,88.26,False,False
2009-03-30,98.27545,False,False
2009-03-31,73.44788,False,False
2009-04-01,52.51423,False,False
2009-04-02,41.307888,False,False
2009-04-03,37.25467,False,False
2009-04-04,48.744003,False,False
2009-04-05,45.38,False,False
2009-04-06,34.4134,False,False
2009-04-07,35.72,False,False
2009-04-08,56.852894,False,False
2009-04-09,34.458675,False,False
2009-04-10,35.72,False,False
2009-04-11,60.515842,False,False
2009-04-12,56.08,False,False
2009-04-13,37.531868,False,False
2009-04-14,26.74949,False,False
2009-04-15,22.68554,False,False
2009-04-16,27.612316,False,False
2009-04-17,24.553633,False,False
2009-04-18,27.795708,False,False
2009-04-19,30.68,False,False
2009-04-20,29.700216,False,False
2009-04-21,30.021378,False,False
2009-04-22,35.512417,False,False
2009-04-23,58.66093,False,False
2009-04-24,78.28543,False,False
2009-04-25,64.379776,False,False
2009-04-26,64.35,False,False
2009-04-27,56.86421,False,False
2009-04-28,47.97237,False,False
2009-04-29,45.074627,False,False
2009-04-30,36.70728,False,False
2009-05-01,30.623096,False,False
2009-05-02,24.602625,False,False
2009-05-03,22.72,False,False
2009-05-04,21.75465,False,False
2009-05-05,22.27549,False,False
2009-05-06,18.58544,False,False
2009-05-07,24.832512,False,False
2009-05-08,42.659714,False,False
2009-05-09,49.84,False,False
2009-05-10,38.38,False,False
2009-05-11,37.17487,False,False
2009-05-12,57.731762,False,False
2009-05-13,48.33,False,False
2009-05-14,45.414158,False,False
2009-05-15,38.934624,False,False
2009-05-16,60.424442,False,False
2009-05-17,57.69,False,False
2009-05-18,55.27472,False,False
2009-05-19,59.16399,False,False
2009-05-20,72.758896,False,False
2009-05-21,118.809265,False,False
2009-05-22,130.9087,False,False
2009-05-23,113.411575,False,False
2009-05-24,90.25,False,False
2009-05-25,71.72555,False,False
2009-05-26,69.31998,False,False
2009-05-27,77.6372,False,False
2009-05-28,69.5497,False,False
2009-05-29,75.77427,False,False
2009-05-30,66.673035,False,False
2009-05-31,92.25,False,False
2009-06-01,85.25086,False,False
2009-06-02,112.80197,False,False
2009-06-03,87.93142,False,False
2009-06-04,80.05481,False,False
2009-06-05,73.47318,False,False
2009-06-06,63.168865,False,False
2009-06-07,62.27,False,False
2009-06-08,70.64674,False,False
2009-06-09,80.63918,False,False
2009-06-10,69.39018,False,False
2009-06-11,63.632504,False,False
2009-06-12,68.31496,False,False
2009-06-13,61.25238,False,False
2009-06-14,65.56,False,False
2009-06-15,79.71678,False,False
2009-06-16,95.49008,False,False
2009-06-17,49.427177,False,False
2009-06-18,45.109425,False,False
2009-06-19,49.517876,False,False
2009-06-20,43.974854,False,False
2009-06-21,34.03,False,False
2009-06-22,38.582073,False,False
2009-06-23,29.003712,False,False
2009-06-24,26.741472,False,False
2009-06-25,24.659939,False,False
2009-06-26,15.840248,False,False
2009-06-27,15.401745,False,False
2009-06-28,12.03,False,False
2009-06-29,11.624358,False,False
2009-06-30,12.280277,False,False
2009-07-01,14.521071,False,False
2009-07-02,11.634186,False,False
2009-07-03,15.410787,False,False
2009-07-04,11.666367,False,False
2009-07-05,25.11,False,False
2009-07-06,19.416603,False,False
2009-07-07,35.910652,False,False
2009-07-08,41.541634,False,False
2009-07-09,36.497044,False,False
2009-07-10,27.158684,False,False
2009-07-11,42.079342,False,True
2009-07-12,57.0,False,False
2009-07-13,326.48172,False,False
2009-07-14,325.09662,False,False
2009-07-15,256.63214,False,False
2009-07-16,385.53006,False,False
2009-07-17,913.90674,False,False
2009-07-18,1327.0967,False,False
2009-07-19,1553.0,False,False
2009-07-20,1602.0693,False,False
2009-07-21,1179.1279,False,False
2009-07-22,631.944,False,False
2009-07-23,398.9305,False,False
2009-07-24,277.92114,False,False
2009-07-25,733.36194,False,False
2009-07-26,742.4,False,False
2009-07-27,613.75653,False,False
2009-07-28,433.30258,False,False
2009-07-29,226.8081,False,False
2009-07-30,213.33719,False,False
2009-07-31,326.90836,False,False
2009-08-01,360.9585,False,False
2009-08-02,520.7,False,False
2009-08-03,545.9562,False,False
2009-08-04,542.9019,False,False
2009-08-05,347.05014,False,False
2009-08-06,256.67322,False,False
2009-08-07,352.167,False,False
2009-08-08,400.29523,False,False
2009-08-09,430.9,False,False
2009-08-10,271.70932,False,False
2009-08-11,257.6723,False,False
2009-08-12,252.65067,False,False
2009-08-13,259.4388,False,False
2009-08-14,243.7,False,False
2009-08-15,330.7,False,False
2009-08-16,323.2,False,False
2009-08-17,396.11566,False,False
2009-08-18,684.80536,False,False
2009-08-19,543.4391,False,False
2009-08-20,561.7253,False,False
2009-08-21,470.6688,False,False
2009-08-22,392.5832,False,False
2009-08-23,345.8,False,False
2009-08-24,282.34796,False,False
2009-08-25,249.68094,False,False
2009-08-26,236.35582,False,False
2009-08-27,232.07901,False,False
2009-08-28,243.01859,False,False
2009-08-29,253.5821,False,False
2009-08-30,290.8,False,False
2009-08-31,248.44792,False,False
2009-09-01,199.88922,False,False
2009-09-02,254.56526,False,False
2009-09-03,400.88892,False,False
2009-09-04,287.0342,False,False
2009-09-05,238.90854,False,False
2009-09-06,297.9,False,False
2009-09-07,361.63974,False,False
2009-09-08,923.24945,False,False
2009-09-09,1120.1207,False,False
2009-09-10,556.43146,False,False
2009-09-11,322.13007,False,False
2009-09-12,291.36243,False,False
2009-09-13,276.9,False,False
2009-09-14,350.2758,False,False
2009-09-15,896.0971,False,False
2009-09-16,616.17847,False,False
2009-09-17,861.99634,False,False
2009-09-18,821.04926,False,False
2009-09-19,1128.2534,False,False
2009-09-20,852.9,False,False
2009-09-21,1289.0,False,False
2009-09-22,1099.7087,False,False
2009-09-23,819.18866,False,False
2009-09-24,782.76404,False,False
2009-09-25,654.08594,False,False
2009-09-26,592.232,False,False
2009-09-27,497.5,False,False
2009-09-28,479.2,False,False
2009-09-29,513.5463,False,False
2009-09-30,409.1255,False,False
2009-10-01,346.26767,False,False
2009-10-02,332.6,False,False
2009-10-03,361.97983,False,False
2009-10-04,327.0,False,False
2009-10-05,344.59924,False,False
2009-10-06,285.8984,False,False
2009-10-07,274.44446,False,False
2009-10-08,266.99432,False,False
2009-10-09,285.28195,False,False
2009-10-10,240.25851,False,False
2009-10-11,240.5,False,False
2009-10-12,211.25761,False,False
2009-10-13,300.37436,False,False
2009-10-14,606.21106,False,False
2009-10-15,635.6872,False,False
2009-10-16,476.89267,False,False
2009-10-17,361.3,False,False
2009-10-18,287.3,False,False
2009-10-19,257.7442,False,False
2009-10-20,219.96948,False,False
2009-10-21,208.3841,False,False
2009-10-22,222.96822,False,False
2009-10-23,207.97557,False,False
2009-10-24,208.63713,False,False
2009-10-25,180.9,False,False
2009-10-26,215.07048,False,False
2009-10-27,223.70837,False,False
2009-10-28,194.1972,False,False
2009-10-29,200.19598,False,False
2009-10-30,208.41292,False,False
2009-10-31,218.10626,False,False
2009-11-01,206.7,False,False
2009-11-02,206.7,False,False
2009-11-03,181.441,False,False
2009-11-04,167.84076,False,False
2009-11-05,178.2713,False,False
2009-11-06,242.45421,False,False
2009-11-07,254.14772,False,False
2009-11-08,224.8,False,False
2009-11-09,345.80823,False,False
2009-11-10,358.14996,False,False
2009-11-11,350.92804,False,False
2009-11-12,412.29056,False,False
2009-11-13,265.01767,False,False
2009-11-14,215.36226,False,False
2009-11-15,209.6,False,False
2009-11-16,239.92708,False,False
2009-11-17,235.8671,False,False
2009-11-18,283.82285,False,False
2009-11-19,230.71999,False,False
2009-11-20,239.33145,False,False
2009-11-21,269.75284,False,False
2009-11-22,235.7,False,False
2009-11-23,247.83134,False,False
2009-11-24,234.68994,False,False
2009-11-25,212.60283,False,False
2009-11-26,186.59984,False,False
2009-11-27,202.24318,False,False
2009-11-28,178.1,False,False
2009-11-29,189.3,False,False
2009-11-30,151.7577,False,False
2009-12-01,139.54742,False,False
2009-12-02,144.22461,False,False
2009-12-03,132.37848,False,False
2009-12-04,137.31302,False,False
2009-12-05,162.57324,False,False
2009-12-06,182.9,False,False
2009-12-07,162.10248,False,False
2009-12-08,162.28406,False,False
2009-12-09,144.96582,False,False
2009-12-10,131.6322,False,False
2009-12-11,117.3045,False,False
2009-12-12,123.151596,False,False
2009-12-13,137.0,False,False
2009-12-14,118.325836,False,False
2009-12-15,129.81696,False,False
2009-12-16,126.73663,False,False
2009-12-17,104.8102,False,False
2009-12-18,97.25905,False,False
2009-12-19,105.11585,False,False
2009-12-20,102.7,False,False
2009-12-21,97.76111,False,False
2009-12-22,94.96322,False,False
2009-12-23,104.96386,False,False
2009-12-24,103.49486,False,False
2009-12-25,97.17,False,False
2009-12-26,84.09317,False,False
2009-12-27,107.2,False,False
2009-12-28,102.7,False,False
2009-12-29,141.23763,False,False
2009-12-30,124.20594,False,False
2009-12-31,127.690575,False,False
2010-01-01,97.34481,False,False
2010-01-02,95.605995,False,False
2010-01-03,98.27,False,False
2010-01-04,80.69715,False,False
2010-01-05,78.31697,False,False
2010-01-06,77.15409,False,False
2010-01-07,70.55565,False,False
2010-01-08,59.280476,False,False
2010-01-09,57.00541,False,False
2010-01-10,50.65,False,False
2010-01-11,51.58102,False,False
2010-01-12,41.811325,False,False
2010-01-13,46.80158,False,False
2010-01-14,38.18,False,False
2010-01-15,39.310665,False,False
2010-01-16,37.84819,False,False
2010-01-17,47.2,False,False
2010-01-18,49.895866,False,False
2010-01-19,42.618423,False,False
2010-01-20,47.233257,False,False
2010-01-21,36.51193,False,False
2010-01-22,51.151928,False,False
2010-01-23,50.21007,False,False
2010-01-24,55.98,False,False
2010-01-25,48.22521,False,False
2010-01-26,50.65,False,False
2010-01-27,59.026928,False,False
2010-01-28,41.726658,False,False
2010-01-29,55.398113,False,False
2010-01-30,48.92586,False,False
2010-01-31,43.84,False,False
2010-02-01,53.032658,False,False
2010-02-02,48.225033,False,False
2010-02-03,34.953934,False,False
2010-02-04,43.681023,False,False
2010-02-05,40.116383,False,False
2010-02-06,41.37824,False,False
2010-02-07,42.2,False,False
2010-02-08,26.378849,False,False
2010-02-09,25.48851,False,False
2010-02-10,30.766775,False,False
2010-02-11,25.078188,False,False
2010-02-12,31.075005,False,False
2010-02-13,42.163277,False,False
2010-02-14,38.97,False,False
2010-02-15,29.989874,False,False
2010-02-16,26.40023,False,False
2010-02-17,25.725157,False,False
2010-02-18,45.916805,False,False
2010-02-19,34.021233,False,False
2010-02-20,36.406487,False,False
2010-02-21,57.8,False,False
2010-02-22,56.607903,False,False
2010-02-23,54.07988,False,False
2010-02-24,41.130608,False,False
2010-02-25,58.12337,False,False
2010-02-26,52.14266,False,False
2010-02-27,48.92,False,False
2010-02-28,48.92,False,False
2010-03-01,46.882835,False,False
2010-03-02,42.79559,False,False
2010-03-03,31.768816,False,False
2010-03-04,43.125057,False,False
2010-03-05,44.80537,False,False
2010-03-06,47.0198,False,False
2010-03-07,48.06,False,False
2010-03-08,50.88766,False,False
2010-03-09,49.107315,False,False
2010-03-10,45.465412,False,False
2010-03-11,36.110138,False,False
2010-03-12,28.327538,False,False
2010-03-13,30.486856,False,False
2010-03-14,40.57,False,False
2010-03-15,39.949028,False,False
2010-03-16,38.97,False,False
2010-03-17,44.716595,False,False
2010-03-18,48.06838,False,False
2010-03-19,48.48728,False,False
2010-03-20,58.17122,False,False
2010-03-21,35.83,False,False
2010-03-22,33.63772,False,False
2010-03-23,67.47612,False,False
2010-03-24,45.40755,False,False
2010-03-25,61.74374,False,False
2010-03-26,57.978928,False,False
2010-03-27,62.985313,False,False
2010-03-28,57.8,False,False
2010-03-29,33.910168,False,False
2010-03-30,66.39655,False,False
2010-03-31,60.9233,False,False
2010-04-01,57.026676,False,False
2010-04-02,59.64,False,False
2010-04-03,99.26084,False,False
2010-04-04,63.38,False,False
2010-04-05,71.37499,False,False
2010-04-06,62.15008,False,False
2010-04-07,75.00913,False,False
2010-04-08,59.159813,False,False
2010-04-09,48.23309,False,False
2010-04-10,65.91386,False,False
2010-04-11,61.5,False,False
2010-04-12,48.956764,False,False
2010-04-13,47.429466,False,False
2010-04-14,44.68,False,False
2010-04-15,70.40191,False,False
2010-04-16,103.5101,False,False
2010-04-17,91.04716,False,False
2010-04-18,80.15,False,False
2010-04-19,44.565186,False,False
2010-04-20,51.55328,False,False
2010-04-21,93.47417,False,False
2010-04-22,80.57169,False,False
2010-04-23,71.416084,False,False
2010-04-24,100.20015,False,False
2010-04-25,76.08,False,False
2010-04-26,110.44715,False,False
2010-04-27,140.42148,False,False
2010-04-28,109.92023,False,False
2010-04-29,82.78327,False,False
2010-04-30,95.13181,False,False
2010-05-01,95.793755,False,False
2010-05-02,80.15,False,False
2010-05-03,96.23868,False,False
2010-05-04,111.9478,False,False
2010-05-05,102.64468,False,False
2010-05-06,72.45306,False,False
2010-05-07,80.26489,False,False
2010-05-08,64.8797,False,False
2010-05-09,68.16,False,False
2010-05-10,88.53672,False,False
2010-05-11,108.45238,False,False
2010-05-12,79.071815,False,False
2010-05-13,91.77309,False,False
2010-05-14,63.29147,False,False
2010-05-15,61.25443,False,False
2010-05-16,50.65,False,False
2010-05-17,59.940567,False,False
2010-05-18,60.166916,False,False
2010-05-19,56.825775,False,False
2010-05-20,72.56234,False,False
2010-05-21,125.40388,False,False
2010-05-22,143.27306,False,False
2010-05-23,121.2,False,False
2010-05-24,89.8262,False,False
2010-05-25,81.27451,False,False
2010-05-26,104.29042,False,False
2010-05-27,67.2,False,False
2010-05-28,86.104996,False,False
2010-05-29,66.32544,False,False
2010-05-30,64.33,False,False
2010-05-31,156.03378,False,False
2010-06-01,77.868996,False,False
2010-06-02,112.83155,False,False
2010-06-03,106.2292,False,False
2010-06-04,103.87706,False,False
2010-06-05,220.30505,False,False
2010-06-06,175.8,False,False
2010-06-07,176.62222,False,False
2010-06-08,192.28133,False,False
2010-06-09,154.67567,False,False
2010-06-10,129.05528,False,False
2010-06-11,117.07187,False,False
2010-06-12,102.68089,False,False
2010-06-13,87.86,False,False
2010-06-14,85.082306,False,False
2010-06-15,78.929825,False,False
2010-06-16,78.913956,False,False
2010-06-17,68.82171,False,False
2010-06-18,52.569225,False,False
2010-06-19,39.009502,False,False
2010-06-20,44.39,False,False
2010-06-21,38.100777,False,False
2010-06-22,35.95154,False,False
2010-06-23,39.442924,False,False
2010-06-24,26.484947,False,False
2010-06-25,24.146902,False,False
2010-06-26,28.534033,False,False
2010-06-27,26.38,False,False
2010-06-28,28.707388,False,False
2010-06-29,29.675867,False,False
2010-06-30,32.84675,False,False
2010-07-01,25.110508,False,False
2010-07-02,28.38137,False,False
2010-07-03,22.743866,False,False
2010-07-04,32.55,False,False
2010-07-05,29.269617,False,False
2010-07-06,40.027157,False,False
2010-07-07,43.29093,False,False
2010-07-08,37.87284,False,False
2010-07-09,54.538773,False,False
2010-07-10,63.786415,False,False
2010-07-11,70.31,False,False
2010-07-12,201.54596,False,False
2010-07-13,195.58276,False,False
2010-07-14,159.4909,False,False
2010-07-15,111.24508,False,False
2010-07-16,110.54545,False,False
2010-07-17,86.149475,False,False
2010-07-18,77.89,False,False
2010-07-19,60.257515,False,False
2010-07-20,43.281853,False,False
2010-07-21,57.493626,False,False
2010-07-22,43.846134,False,False
2010-07-23,36.42115,False,False
2010-07-24,51.56996,False,False
2010-07-25,77.89,False,False
2010-07-26,116.6547,False,False
2010-07-27,142.63438,False,False
2010-07-28,155.86661,False,False
2010-07-29,143.43008,False,False
2010-07-30,233.6068,False,False
2010-07-31,471.61496,False,False
2010-08-01,595.8,False,False
2010-08-02,534.8219,False,False
2010-08-03,433.28436,False,False
2010-08-04,292.45966,False,False
2010-08-05,193.7736,False,False
2010-08-06,166.23532,False,False
2010-08-07,186.3,False,False
2010-08-08,214.4,False,False
2010-08-09,213.38467,False,False
2010-08-10,189.64513,False,False
2010-08-11,213.66042,False,False
2010-08-12,198.31764,False,False
2010-08-13,199.75493,False,False
2010-08-14,168.99779,False,False
2010-08-15,121.1,False,False
2010-08-16,103.073715,False,False
2010-08-17,104.22476,False,False
2010-08-18,100.33675,False,False
2010-08-19,116.9332,False,False
2010-08-20,140.05322,False,False
2010-08-21,250.77814,False,False
2010-08-22,273.6,False,False
2010-08-23,337.82278,False,False
2010-08-24,366.6024,False,False
2010-08-25,422.9869,False,False
2010-08-26,444.03326,False,False
2010-08-27,392.94733,False,False
2010-08-28,310.34995,False,False
2010-08-29,277.1,False,False
2010-08-30,220.26385,False,False
2010-08-31,274.3167,False,False
2010-09-01,286.70862,False,False
2010-09-02,277.208,False,False
2010-09-03,315.01788,False,False
2010-09-04,344.98044,False,False
2010-09-05,320.6,False,False
2010-09-06,309.42307,False,False
2010-09-07,230.94592,False,False
2010-09-08,195.89136,False,False
2010-09-09,190.89836,False,False
2010-09-10,191.91026,False,False
2010-09-11,208.2,False,False
2010-09-12,227.0,False,False
2010-09-13,301.40768,False,False
2010-09-14,443.33197,False,False
2010-09-15,364.82004,False,False
2010-09-16,326.72308,False,False
2010-09-17,276.33478,False,False
2010-09-18,238.73701,False,False
2010-09-19,214.4,False,False
2010-09-20,201.238,False,False
2010-09-21,194.32684,False,False
2010-09-22,192.16487,False,False
2010-09-23,241.48459,False,False
2010-09-24,277.66867,False,False
2010-09-25,482.32516,False,False
2010-09-26,313.1,False,False
2010-09-27,311.8981,False,False
2010-09-28,349.84473,False,False
2010-09-29,255.20688,False,False
2010-09-30,238.54642,False,False
2010-10-01,257.4063,False,False
2010-10-02,239.9,False,False
2010-10-03,205.2,False,False
2010-10-04,440.6625,False,False
2010-10-05,643.6956,False,False
2010-10-06,442.89362,False,False
2010-10-07,313.05917,False,False
2010-10-08,325.89822,False,False
2010-10-09,309.8248,False,False
2010-10-10,256.5,False,False
2010-10-11,285.78568,False,False
2010-10-12,239.6232,False,False
2010-10-13,196.86215,False,False
2010-10-14,213.89874,False,False
2010-10-15,235.0,False,False
2010-10-16,285.72745,False,False
2010-10-17,261.6,False,False
2010-10-18,243.07443,False,False
2010-10-19,210.77751,False,False
2010-10-20,169.38857,False,False
2010-10-21,163.15538,False,False
2010-10-22,139.07703,False,False
2010-10-23,153.86966,False,False
2010-10-24,146.0,False,False
2010-10-25,157.97572,False,False
2010-10-26,162.1814,False,False
2010-10-27,160.60333,False,False
2010-10-28,153.36919,False,False
2010-10-29,971.5167,False,False
2010-10-30,816.57196,False,False
2010-10-31,403.6,False,False
2010-11-01,332.8005,False,False
2010-11-02,394.76093,False,False
2010-11-03,988.24646,False,False
2010-11-04,1053.9016,False,False
2010-11-05,929.7,False,False
2010-11-06,948.2698,False,False
2010-11-07,1472.0,False,False
2010-11-08,1445.7509,False,False
2010-11-09,1067.8524,False,False
2010-11-10,850.57715,False,False
2010-11-11,708.32245,False,False
2010-11-12,982.7914,False,False
2010-11-13,895.01636,False,False
2010-11-14,1030.0,False,False
2010-11-15,735.56714,False,False
2010-11-16,366.17746,False,False
2010-11-17,374.9,False,False
2010-11-18,506.4405,False,False
2010-11-19,516.70026,False,False
2010-11-20,479.17902,False,False
2010-11-21,403.6,False,False
2010-11-22,419.33582,False,False
2010-11-23,316.50754,False,False
2010-11-24,521.3163,False,False
2010-11-25,441.38126,False,False
2010-11-26,488.9025,False,False
2010-11-27,374.24353,False,False
2010-11-28,399.4,False,False
2010-11-29,303.2171,False,False
2010-11-30,301.41608,False,False
2010-12-01,282.02234,False,False
2010-12-02,302.28702,False,False
2010-12-03,322.40323,False,False
2010-12-04,301.40683,False,False
2010-12-05,329.9,False,False
2010-12-06,282.8003,False,False
2010-12-07,261.66934,False,False
2010-12-08,241.46913,False,False
2010-12-09,230.07993,False,False
2010-12-10,212.70619,False,False
2010-12-11,185.67393,False,False
2010-12-12,173.4,False,False
2010-12-13,155.87999,False,False
2010-12-14,132.73508,False,False
2010-12-15,145.7354,False,False
2010-12-16,138.80763,False,False
2010-12-17,170.6,False,False
2010-12-18,155.43349,False,False
2010-12-19,158.3,False,False
2010-12-20,155.25464,False,False
2010-12-21,130.10696,False,False
2010-12-22,138.72188,False,False
2010-12-23,141.23131,False,False
2010-12-24,134.55214,False,False
2010-12-25,121.5,False,False
2010-12-26,126.3,False,False
2010-12-27,116.6798,False,False
2010-12-28,132.8975,False,False
2010-12-29,118.61307,False,False
2010-12-30,117.8821,False,False
2010-12-31,114.7285,False,False
2011-01-01,94.8727,False,False
2011-01-02,83.9,False,False
2011-01-03,92.66321,False,False
2011-01-04,84.347404,False,False
2011-01-05,74.57324,False,False
2011-01-06,61.12765,False,False
2011-01-07,80.06886,False,False
2011-01-08,60.404903,False,False
2011-01-09,64.7,False,False
2011-01-10,63.949413,False,False
2011-01-11,58.148636,False,False
2011-01-12,48.65529,False,False
2011-01-13,50.095688,False,False
2011-01-14,46.16,False,False
2011-01-15,31.062395,False,False
2011-01-16,62.01,False,False
2011-01-17,59.8991,False,False
2011-01-18,60.67028,False,False
2011-01-19,75.278946,False,False
2011-01-20,64.61837,False,False
2011-01-21,62.895233,False,False
2011-01-22,66.82167,False,False
2011-01-23,57.64,False,False
2011-01-24,57.30378,False,False
2011-01-25,68.42225,False,False
2011-01-26,52.59,False,False
2011-01-27,54.731785,False,False
2011-01-28,47.09753,False,False
2011-01-29,58.869217,False,False
2011-01-30,62.9,False,False
2011-01-31,58.554436,False,False
2011-02-01,84.55427,False,False
2011-02-02,76.03832,False,False
2011-02-03,69.89355,False,False
2011-02-04,70.83728,False,False
2011-02-05,84.29514,False,False
2011-02-06,72.12,False,False
2011-02-07,59.64113,False,False
2011-02-08,48.44275,False,False
2011-02-09,30.782085,False,False
2011-02-10,24.438797,False,False
2011-02-11,24.34222,False,False
2011-02-12,18.031246,False,False
2011-02-13,24.26,False,False
2011-02-14,16.696701,False,False
2011-02-15,17.000296,False,False
2011-02-16,12.02,False,False
2011-02-17,27.390247,False,False
2011-02-18,47.963753,False,False
2011-02-19,61.239418,False,False
2011-02-20,50.94,False,False
2011-02-21,67.29177,False,False
2011-02-22,57.856518,False,False
2011-02-23,73.00278,False,False
2011-02-24,88.01296,False,False
2011-02-25,73.73805,False,False
2011-02-26,151.79918,False,False
2011-02-27,83.9,False,False
2011-02-28,92.44241,False,False
2011-03-01,96.87725,False,False
2011-03-02,85.37655,False,False
2011-03-03,90.83754,False,False
2011-03-04,82.86834,False,False
2011-03-05,70.039375,False,False
2011-03-06,72.12,False,False
2011-03-07,78.96969,False,False
2011-03-08,62.465363,False,False
2011-03-09,63.867138,False,False
2011-03-10,50.58805,False,False
2011-03-11,48.342316,False,False
2011-03-12,60.223244,False,False
2011-03-13,40.11,False,False
2011-03-14,45.798244,False,False
2011-03-15,47.114582,False,False
2011-03-16,47.420307,False,False
2011-03-17,57.209736,False,False
2011-03-18,78.698784,False,False
2011-03-19,71.70796,False,False
2011-03-20,68.37,False,False
2011-03-21,72.351875,False,False
2011-03-22,69.866745,False,False
2011-03-23,81.34114,False,False
2011-03-24,79.77583,False,False
2011-03-25,77.675835,False,False
2011-03-26,63.55404,False,False
2011-03-27,54.24,False,False
2011-03-28,110.68733,False,False
2011-03-29,94.56608,False,False
2011-03-30,72.41702,False,False
2011-03-31,64.2132,False,False
2011-04-01,48.068214,False,False
2011-04-02,63.316372,False,False
2011-04-03,35.13,False,False
2011-04-04,54.24,False,False
2011-04-05,51.600155,False,False
2011-04-06,71.676704,False,False
2011-04-07,74.06245,False,False
2011-04-08,63.86738,False,False
2011-04-09,63.164593,False,False
2011-04-10,70.23,False,False
2011-04-11,88.93107,False,False
2011-04-12,76.12814,False,False
2011-04-13,72.12,False,False
2011-04-14,68.37,False,False
2011-04-15,64.85215,False,False
2011-04-16,64.7,False,False
2011-04-17,50.94,False,False
2011-04-18,64.02361,False,False
2011-04-19,71.34743,False,False
2011-04-20,78.24128,False,False
2011-04-21,66.612816,False,False
2011-04-22,114.4,False,False
2011-04-23,192.84285,False,False
2011-04-24,428.4,False,False
2011-04-25,337.23523,False,False
2011-04-26,230.36761,False,False
2011-04-27,172.91101,False,False
2011-04-28,140.5979,False,False
2011-04-29,90.648155,False,False
2011-04-30,86.18072,False,False
2011-05-01,72.12,False,False
2011-05-02,58.409386,False,False
2011-05-03,61.743713,False,False
2011-05-04,102.33939,False,False
2011-05-05,94.31297,False,False
2011-05-06,94.17393,False,False
2011-05-07,105.75129,False,False
2011-05-08,96.47,False,False
2011-05-09,89.78698,False,False
2011-05-10,86.87947,False,False
2011-05-11,102.368454,False,False
2011-05-12,103.01407,False,False
2011-05-13,104.98246,False,False
2011-05-14,105.85053,False,False
2011-05-15,100.8,False,False
2011-05-16,90.60177,False,False
2011-05-17,109.8,False,False
2011-05-18,112.73836,False,False
2011-05-19,107.455475,False,False
2011-05-20,123.21588,False,False
2011-05-21,120.36423,False,False
2011-05-22,179.0,False,False
2011-05-23,108.202194,False,False
2011-05-24,59.599537,False,False
2011-05-25,101.2664,False,False
2011-05-26,265.5975,False,False
2011-05-27,351.15985,False,False
2011-05-28,168.97083,False,False
2011-05-29,114.4,False,False
2011-05-30,103.294846,False,False
2011-05-31,112.972565,False,False
2011-06-01,96.38141,False,False
2011-06-02,143.39333,False,False
2011-06-03,141.13737,False,False
2011-06-04,126.45904,False,False
2011-06-05,119.6,False,False
2011-06-06,101.69872,False,False
2011-06-07,79.599525,False,False
2011-06-08,83.188705,False,False
2011-06-09,79.894035,False,False
2011-06-10,78.47087,False,False
2011-06-11,78.404686,False,False
2011-06-12,81.22,False,False
2011-06-13,76.6167,False,False
2011-06-14,75.39779,False,False
2011-06-15,75.97273,False,False
2011-06-16,73.01671,False,False
2011-06-17,66.120224,False,False
2011-06-18,66.5134,False,False
2011-06-19,89.85,False,False
2011-06-20,94.46736,False,False
2011-06-21,99.25717,False,False
2011-06-22,105.51895,False,False
2011-06-23,104.45144,False,False
2011-06-24,119.47355,False,False
2011-06-25,106.42188,False,False
2011-06-26,94.84,False,False
2011-06-27,117.17657,False,False
2011-06-28,127.09927,False,False
2011-06-29,129.34729,False,False
2011-06-30,219.08246,False,False
2011-07-01,347.22818,False,False
2011-07-02,348.62195,False,False
2011-07-03,234.9,False,False
2011-07-04,234.88808,False,False
2011-07-05,240.39656,False,False
2011-07-06,228.2215,False,False
2011-07-07,170.4209,False,False
2011-07-08,201.79779,False,False
2011-07-09,172.88626,False,False
2011-07-10,164.2,False,False
2011-07-11,171.93462,False,False
2011-07-12,171.67735,False,False
2011-07-13,153.47348,False,False
2011-07-14,157.29216,False,False
2011-07-15,191.26753,False,False
2011-07-16,229.42516,False,False
2011-07-17,206.9,False,False
2011-07-18,275.0627,False,False
2011-07-19,505.80716,False,False
2011-07-20,845.23724,False,False
2011-07-21,625.0546,False,False
2011-07-22,577.68335,False,False
2011-07-23,445.27414,False,False
2011-07-24,446.2,False,False
2011-07-25,435.21487,False,False
2011-07-26,443.27692,False,False
2011-07-27,494.13965,False,False
2011-07-28,464.94876,False,False
2011-07-29,436.20154,False,False
2011-07-30,313.71426,False,False
2011-07-31,244.7,False,False
2011-08-01,272.23233,False,False
2011-08-02,231.39772,False,False
2011-08-03,183.9792,False,False
2011-08-04,186.42795,False,False
2011-08-05,206.50331,False,False
2011-08-06,260.39844,False,False
2011-08-07,314.9,False,False
2011-08-08,873.86597,False,False
2011-08-09,895.9134,False,False
2011-08-10,810.6071,False,False
2011-08-11,589.6467,False,False
2011-08-12,393.9229,False,False
2011-08-13,340.7561,False,False
2011-08-14,326.2,False,False
2011-08-15,332.0,False,False
2011-08-16,346.2453,False,False
2011-08-17,325.33966,False,False
2011-08-18,403.83075,False,False
2011-08-19,595.6605,False,False
2011-08-20,432.85687,False,False
2011-08-21,320.6,False,False
2011-08-22,338.5066,False,False
2011-08-23,294.61166,False,False
2011-08-24,328.0514,False,False
2011-08-25,355.55832,False,False
2011-08-26,359.84537,False,False
2011-08-27,354.5755,False,False
2011-08-28,411.2,False,False
2011-08-29,358.04013,False,False
2011-08-30,388.54187,False,False
2011-08-31,406.9,False,False
2011-09-01,419.8,False,False
2011-09-02,669.46014,False,False
2011-09-03,1754.2363,False,False
2011-09-04,1417.0,False,False
2011-09-05,1803.6973,False,False
2011-09-06,1888.0818,False,False
2011-09-07,1149.2135,False,False
2011-09-08,1211.3413,False,False
2011-09-09,734.5213,False,False
2011-09-10,454.1101,False,False
2011-09-11,428.5,False,False
2011-09-12,458.76624,False,False
2011-09-13,398.51645,False,False
2011-09-14,369.45114,False,False
2011-09-15,443.62256,False,False
2011-09-16,441.741,False,False
2011-09-17,424.04724,False,False
2011-09-18,385.9,False,False
2011-09-19,364.76913,False,False
2011-09-20,332.77365,False,False
2011-09-21,344.2576,False,False
2011-09-22,342.27502,False,False
2011-09-23,312.3311,False,False
2011-09-24,298.23932,False,False
2011-09-25,251.3,False,False
2011-09-26,272.539,False,False
2011-09-27,265.2632,False,False
2011-09-28,288.76904,False,False
2011-09-29,264.04712,False,False
2011-09-30,286.3979,False,False
2011-10-01,226.54375,False,False
2011-10-02,251.3,False,False
2011-10-03,465.69003,False,False
2011-10-04,434.51694,False,False
2011-10-05,310.22388,False,False
2011-10-06,251.3,False,False
2011-10-07,253.60635,False,False
2011-10-08,224.36552,False,False
2011-10-09,258.0,False,False
2011-10-10,243.6017,False,False
2011-10-11,470.84445,False,False
2011-10-12,405.74094,False,False
2011-10-13,396.71747,False,False
2011-10-14,666.06573,False,False
2011-10-15,426.06247,False,False
2011-10-16,473.4,False,False
2011-10-17,385.9,False,False
2011-10-18,290.4338,False,False
2011-10-19,287.62823,False,False
2011-10-20,250.25288,False,False
2011-10-21,242.7036,False,False
2011-10-22,261.53308,False,False
2011-10-23,303.8,False,False
2011-10-24,280.38785,False,False
2011-10-25,398.11816,False,False
2011-10-26,501.5,False,False
2011-10-27,467.2404,False,False
2011-10-28,369.7732,False,False
2011-10-29,320.7595,False,False
2011-10-30,316.8,False,False
2011-10-31,355.6952,False,False
2011-11-01,303.78934,False,False
2011-11-02,356.27338,False,False
2011-11-03,339.93277,False,False
2011-11-04,617.3602,False,False
2011-11-05,856.0453,False,False
2011-11-06,928.6,False,False
2011-11-07,580.3,False,False
2011-11-08,542.81866,False,False
2011-11-09,395.41446,False,False
2011-11-10,361.4,False,False
2011-11-11,368.73184,False,False
2011-11-12,273.71017,False,False
2011-11-13,258.0,False,False
2011-11-14,288.38766,False,False
2011-11-15,257.76752,False,False
2011-11-16,247.34755,False,False
2011-11-17,229.68652,False,False
2011-11-18,218.73044,False,False
2011-11-19,240.86728,False,False
2011-11-20,228.5,False,False
2011-11-21,232.67085,False,False
2011-11-22,232.84454,False,False
2011-11-23,233.0505,False,False
2011-11-24,225.44382,False,False
2011-11-25,222.10423,False,False
2011-11-26,234.48854,False,False
2011-11-27,254.6,False,False
2011-11-28,283.7525,False,False
2011-11-29,295.88513,False,False
2011-11-30,512.3299,False,False
2011-12-01,449.47824,False,False
2011-12-02,262.9413,False,False
2011-12-03,239.47638,False,False
2011-12-04,196.6,False,False
2011-12-05,213.98752,False,False
2011-12-06,206.1,False,False
2011-12-07,175.10713,False,False
2011-12-08,171.5735,False,False
2011-12-09,167.10258,False,False
2011-12-10,160.53047,False,False
2011-12-11,145.1,False,False
2011-12-12,129.82655,False,False
2011-12-13,129.99405,False,False
2011-12-14,123.44638,False,False
2011-12-15,129.59523,False,False
2011-12-16,117.24905,False,False
2011-12-17,122.640495,False,False
2011-12-18,120.4,False,False
2011-12-19,121.39437,False,False
2011-12-20,118.79589,False,False
2011-12-21,119.00531,False,False
2011-12-22,120.47556,False,False
2011-12-23,117.75883,False,False
2011-12-24,119.189095,False,False
2011-12-25,109.0,False,False
2011-12-26,96.24893,False,False
2011-12-27,98.76885,False,False
2011-12-28,97.15931,False,False
2011-12-29,104.63305,False,False
2011-12-30,97.89316,False,False
2011-12-31,94.822624,False,False
2012-01-01,95.56,False,False
2012-01-02,95.90505,False,False
2012-01-03,83.51597,False,False
2012-01-04,82.80199,False,False
2012-01-05,75.12671,False,False
2012-01-06,66.37645,False,False
2012-01-07,63.167637,False,False
2012-01-08,63.13,False,False
2012-01-09,55.940422,False,False
2012-01-10,45.958763,False,False
2012-01-11,45.109463,False,False
2012-01-12,41.806343,False,False
2012-01-13,44.401196,False,False
2012-01-14,43.568466,False,False
2012-01-15,40.02,False,False
2012-01-16,38.71682,False,False
2012-01-17,39.25016,False,False
2012-01-18,49.988453,False,False
2012-01-19,54.89271,False,False
2012-01-20,58.51152,False,False
2012-01-21,59.3537,False,False
2012-01-22,60.28,False,False
2012-01-23,60.328583,False,False
2012-01-24,56.735916,False,False
2012-01-25,56.244823,False,False
2012-01-26,58.88,False,False
2012-01-27,49.229557,False,False
2012-01-28,55.223656,False,False
2012-01-29,57.5,False,False
2012-01-30,55.183384,False,False
2012-01-31,50.96818,False,False
2012-02-01,46.440655,False,False
2012-02-02,45.624344,False,False
2012-02-03,45.768776,False,False
2012-02-04,51.646538,False,False
2012-02-05,49.59,False,False
2012-02-06,50.47347,False,False
2012-02-07,46.055424,False,False
2012-02-08,45.90323,False,False
2012-02-09,60.286133,False,False
2012-02-10,60.26375,False,False
2012-02-11,54.645473,False,False
2012-02-12,56.14,False,False
2012-02-13,51.77688,False,False
2012-02-14,54.776894,False,False
2012-02-15,45.035423,False,False
2012-02-16,44.84186,False,False
2012-02-17,41.442265,False,False
2012-02-18,41.78513,False,False
2012-02-19,45.87,False,False
2012-02-20,43.48,False,False
2012-02-21,49.686127,False,False
2012-02-22,53.65941,False,False
2012-02-23,53.749233,False,False
2012-02-24,53.97759,False,False
2012-02-25,55.00994,False,False
2012-02-26,56.14,False,False
2012-02-27,55.130554,False,False
2012-02-28,55.600315,False,False
2012-02-29,52.05545,False,False
2012-03-01,59.85297,False,False
2012-03-02,57.355434,False,False
2012-03-03,53.550312,False,False
2012-03-04,57.5,False,False
2012-03-05,58.377293,False,False
2012-03-06,59.800556,False,False
2012-03-07,61.536575,False,False
2012-03-08,58.26176,False,False
2012-03-09,62.289043,False,False
2012-03-10,64.77396,False,False
2012-03-11,63.13,False,False
2012-03-12,65.839836,False,False
2012-03-13,50.92475,False,False
2012-03-14,44.3171,False,False
2012-03-15,44.152046,False,False
2012-03-16,47.198677,False,False
2012-03-17,49.007305,False,False
2012-03-18,42.31,False,False
2012-03-19,44.54322,False,False
2012-03-20,41.869404,False,False
2012-03-21,40.40203,False,False
2012-03-22,41.43785,False,False
2012-03-23,36.71,False,False
2012-03-24,39.663784,False,False
2012-03-25,36.71,False,False
2012-03-26,34.764347,False,False
2012-03-27,29.804901,False,False
2012-03-28,22.027369,False,False
2012-03-29,37.2426,False,False
2012-03-30,37.218174,False,False
2012-03-31,62.652447,False,False
2012-04-01,64.58,False,False
2012-04-02,61.23632,False,False
2012-04-03,67.5394,False,False
2012-04-04,66.239136,False,False
2012-04-05,66.05,False,False
2012-04-06,63.13,False,False
2012-04-07,60.33069,False,False
2012-04-08,70.56,False,False
2012-04-09,68.77131,False,False
2012-04-10,65.06405,False,False
2012-04-11,60.02348,False,False
2012-04-12,60.83002,False,False
2012-04-13,56.989437,False,False
2012-04-14,57.5,False,False
2012-04-15,52.16,False,False
2012-04-16,48.89597,False,False
2012-04-17,44.8061,False,False
2012-04-18,43.819897,False,False
2012-04-19,47.206562,False,False
2012-04-20,73.93029,False,False
2012-04-21,58.429268,False,False
2012-04-22,56.14,False,False
2012-04-23,59.21121,False,False
2012-04-24,57.73681,False,False
2012-04-25,56.114452,False,False
2012-04-26,73.284386,False,False
2012-04-27,69.93215,False,False
2012-04-28,123.03672,False,False
2012-04-29,166.8,False,False
2012-04-30,128.12238,False,False
2012-05-01,84.42684,False,False
2012-05-02,56.628094,False,False
2012-05-03,81.0399,False,False
2012-05-04,48.862442,False,False
2012-05-05,45.675285,False,False
2012-05-06,58.88,False,False
2012-05-07,46.06493,False,False
2012-05-08,42.819607,False,False
2012-05-09,40.857426,False,False
2012-05-10,39.893795,False,False
2012-05-11,60.779247,False,False
2012-05-12,62.996544,False,False
2012-05-13,78.44,False,False
2012-05-14,92.238655,False,False
2012-05-15,84.51756,False,False
2012-05-16,85.88313,False,False
2012-05-17,79.891,False,False
2012-05-18,121.652916,False,False
2012-05-19,94.0305,False,False
2012-05-20,78.44,False,False
2012-05-21,56.7291,False,False
2012-05-22,48.01788,False,False
2012-05-23,44.336708,False,False
2012-05-24,40.48803,False,False
2012-05-25,38.868507,False,False
2012-05-26,50.976555,False,False
2012-05-27,56.14,False,False
2012-05-28,57.181446,False,False
2012-05-29,59.510082,False,False
2012-05-30,57.339626,False,False
2012-05-31,57.91491,False,False
2012-06-01,57.568638,False,False
2012-06-02,58.260303,False,False
2012-06-03,50.71,False,False
2012-06-04,44.715298,False,False
2012-06-05,40.324432,False,False
2012-06-06,38.28293,False,False
2012-06-07,40.177086,False,False
2012-06-08,33.74641,False,False
2012-06-09,39.045654,False,False
2012-06-10,36.57,False,False
2012-06-11,36.91937,False,False
2012-06-12,36.90027,False,False
2012-06-13,35.94185,False,False
2012-06-14,52.802322,False,False
2012-06-15,47.919075,False,False
2012-06-16,43.033436,False,False
2012-06-17,42.71,False,False
2012-06-18,39.14626,False,False
2012-06-19,45.587288,False,False
2012-06-20,48.261665,False,False
2012-06-21,48.632915,False,False
2012-06-22,50.22847,False,False
2012-06-23,53.2188,False,False
2012-06-24,49.42,False,False
2012-06-25,41.99878,False,False
2012-06-26,46.552925,False,False
2012-06-27,52.248524,False,False
2012-06-28,40.97895,False,False
2012-06-29,45.74672,False,False
2012-06-30,51.616806,False,False
2012-07-01,44.48,False,False
2012-07-02,40.283672,False,False
2012-07-03,53.806824,False,False
2012-07-04,47.80874,False,False
2012-07-05,43.06597,False,False
2012-07-06,44.285316,False,False
2012-07-07,54.462414,False,False
2012-07-08,33.74641,False,False
2012-07-09,44.098545,False,False
2012-07-10,51.970715,False,False
2012-07-11,54.636406,False,False
2012-07-12,47.267097,False,False
2012-07-13,56.19389,False,False
2012-07-14,53.241352,False,False
2012-07-15,50.71,False,False
2012-07-16,42.1422,False,False
2012-07-17,44.788433,False,False
2012-07-18,50.77944,False,False
2012-07-19,48.30344,False,False
2012-07-20,44.8245,False,False
2012-07-21,42.053795,False,False
2012-07-22,37.64,False,False
2012-07-23,39.478085,False,False
2012-07-24,34.25241,False,False
2012-07-25,39.876617,False,False
2012-07-26,35.2541,False,False
2012-07-27,38.078835,False,False
2012-07-28,37.761112,False,False
2012-07-29,31.96,False,False
2012-07-30,36.5428,False,False
2012-07-31,37.322495,False,False
2012-08-01,45.766014,False,False
2012-08-02,54.250454,False,False
2012-08-03,49.127026,False,False
2012-08-04,40.989838,False,False
2012-08-05,39.84,False,False
2012-08-06,39.259495,False,False
2012-08-07,37.791763,False,False
2012-08-08,39.483055,False,False
2012-08-09,39.257805,False,False
2012-08-10,47.9505,False,False
2012-08-11,454.7727,False,False
2012-08-12,289.2,False,False
2012-08-13,308.54266,False,False
2012-08-14,313.1724,False,False
2012-08-15,311.6,False,False
2012-08-16,181.47438,False,False
2012-08-17,113.23857,False,False
2012-08-18,71.740555,False,False
2012-08-19,64.64,False,False
2012-08-20,54.68,False,False
2012-08-21,60.191204,False,False
2012-08-22,58.174793,False,False
2012-08-23,62.997704,False,False
2012-08-24,83.9656,False,False
2012-08-25,152.85782,False,False
2012-08-26,134.8,False,False
2012-08-27,114.84592,False,False
2012-08-28,104.33254,False,False
2012-08-29,94.230095,False,False
2012-08-30,94.9302,False,False
2012-08-31,86.46816,False,False
2012-09-01,96.86799,False,False
2012-09-02,117.0,False,False
2012-09-03,106.93529,False,False
2012-09-04,204.10509,False,False
2012-09-05,230.17372,False,False
2012-09-06,210.329,False,False
2012-09-07,210.10245,False,False
2012-09-08,210.96907,False,False
2012-09-09,221.5,False,False
2012-09-10,238.29095,False,False
2012-09-11,280.01227,False,False
2012-09-12,269.94592,False,False
2012-09-13,232.08188,False,False
2012-09-14,282.8793,False,False
2012-09-15,304.39917,False,False
2012-09-16,359.9578,False,False
2012-09-17,411.1404,False,False
2012-09-18,414.56848,False,False
2012-09-19,404.46716,False,False
2012-09-20,370.1244,False,False
2012-09-21,332.63763,False,False
2012-09-22,201.59402,False,False
2012-09-23,149.2,False,False
2012-09-24,118.12026,False,False
2012-09-25,125.73968,False,False
2012-09-26,115.84854,False,False
2012-09-27,112.23792,False,False
2012-09-28,110.65081,False,False
2012-09-29,152.56459,False,False
2012-09-30,209.21658,False,False
2012-10-01,205.66833,False,False
2012-10-02,337.03888,False,False
2012-10-03,340.35925,False,False
2012-10-04,288.78757,False,False
2012-10-05,260.21652,False,False
2012-10-06,357.53192,False,False
2012-10-07,861.78674,False,False
2012-10-08,418.8493,False,False
2012-10-09,365.69302,False,False
2012-10-10,639.02875,False,False
2012-10-11,284.66956,False,False
2012-10-12,153.92863,False,False
2012-10-13,100.465866,False,False
2012-10-14,99.59848,False,False
2012-10-15,140.30045,False,False
2012-10-16,476.79208,False,False
2012-10-17,372.32803,False,False
2012-10-18,212.37952,False,False
2012-10-19,150.1429,False,False
2012-10-20,94.24531,False,False
2012-10-21,94.53057,False,False
2012-10-22,100.547554,False,False
2012-10-23,85.96336,False,False
2012-10-24,90.93161,False,False
2012-10-25,90.990776,False,False
2012-10-26,86.138596,False,False
2012-10-27,79.97143,False,False
2012-10-28,82.985535,False,False
2012-10-29,79.36847,False,False
2012-10-30,90.09416,False,False
2012-10-31,103.02225,False,False
2012-11-01,123.33433,False,False
2012-11-02,385.927,False,False
2012-11-03,380.87952,False,False
2012-11-04,206.3531,False,False
2012-11-05,118.96257,False,False
2012-11-06,98.3219,False,False
2012-11-07,93.59333,False,False
2012-11-08,66.09416,False,False
2012-11-09,63.512726,False,False
2012-11-10,75.7397,False,False
2012-11-11,113.535324,False,False
2012-11-12,116.71956,False,False
2012-11-13,138.6859,False,False
2012-11-14,122.34708,False,False
2012-11-15,112.269485,False,False
2012-11-16,111.55726,False,False
2012-11-17,103.003296,False,False
2012-11-18,95.95588,False,False
2012-11-19,97.12853,False,False
2012-11-20,106.68401,False,False
2012-11-21,75.1318,False,False
2012-11-22,111.631714,False,False
2012-11-23,105.937805,False,False
2012-11-24,115.18436,False,False
2012-11-25,125.179276,False,False
2012-11-26,117.363174,False,False
2012-11-27,132.14183,False,False
2012-11-28,133.1048,False,False
2012-11-29,108.067955,False,False
2012-11-30,108.609474,False,False
2012-12-01,106.20357,False,False
2012-12-02,113.69357,False,False
2012-12-03,105.137024,False,False
2012-12-04,106.714226,False,False
2012-12-05,114.737755,False,False
2012-12-06,130.50912,False,False
2012-12-07,148.833,False,False
2012-12-08,116.863365,False,False
2012-12-09,416.26608,False,False
2012-12-10,618.64703,False,False
2012-12-11,263.74588,False,False
2012-12-12,155.17476,False,False
2012-12-13,112.889046,False,False
2012-12-14,106.39713,False,False
2012-12-15,84.72965,False,False
2012-12-16,106.92621,False,False
2012-12-17,95.89263,False,False
2012-12-18,104.21963,False,False
2012-12-19,93.73922,False,False
2012-12-20,85.27749,False,False
2012-12-21,84.094,False,False
2012-12-22,80.32729,False,False
2012-12-23,81.201385,False,False
2012-12-24,85.12042,False,False
2012-12-25,81.21264,False,False
2012-12-26,68.449684,False,False
2012-12-27,65.40617,False,False
2012-12-28,81.38205,False,False
2012-12-29,68.66761,False,False
2012-12-30,67.583664,False,False
2012-12-31,70.501076,False,False
2013-01-01,81.347916,False,False
2013-01-02,81.53125,False,False
2013-01-03,84.43035,False,False
2013-01-04,64.68569,False,False
2013-01-05,52.39691,False,False
2013-01-06,45.62987,False,False
2013-01-07,39.059692,False,False
2013-01-08,38.874172,False,False
2013-01-09,37.7346,False,False
2013-01-10,38.345078,False,False
2013-01-11,38.020992,False,False
2013-01-12,45.058544,False,False
2013-01-13,49.74593,False,False
2013-01-14,55.09,False,False
2013-01-15,49.082275,False,False
2013-01-16,38.384636,False,False
2013-01-17,55.023613,False,False
2013-01-18,50.19228,False,False
2013-01-19,40.179512,False,False
2013-01-20,38.82,False,False
2013-01-21,33.85271,False,False
2013-01-22,34.11722,False,False
2013-01-23,36.0656,False,False
2013-01-24,33.063637,False,False
2013-01-25,32.62,False,False
2013-01-26,34.48,False,False
2013-01-27,36.38,False,False
2013-01-28,30.712233,False,False
2013-01-29,31.871536,False,False
2013-01-30,28.83956,False,False
2013-01-31,28.036213,False,False
2013-02-01,31.634787,False,False
2013-02-02,28.347902,False,False
2013-02-03,28.11,False,False
2013-02-04,30.450886,False,False
2013-02-05,27.657,False,False
2013-02-06,27.365686,False,False
2013-02-07,27.544954,False,False
2013-02-08,27.491316,False,False
2013-02-09,26.424782,False,False
2013-02-10,28.99,False,False
2013-02-11,28.445368,False,False
2013-02-12,27.40336,False,False
2013-02-13,25.697397,False,False
2013-02-14,65.63322,False,False
2013-02-15,55.70999,False,False
2013-02-16,63.259434,False,False
2013-02-17,98.064156,False,False
2013-02-18,132.5808,False,False
2013-02-19,115.43498,False,False
2013-02-20,121.52321,False,False
2013-02-21,104.17739,False,False
2013-02-22,65.90413,False,False
2013-02-23,52.330135,False,False
2013-02-24,47.49,False,False
2013-02-25,32.24437,False,False
2013-02-26,33.22094,False,False
2013-02-27,30.41984,False,False
2013-02-28,29.181402,False,False
2013-03-01,26.45693,False,False
2013-03-02,29.37339,False,False
2013-03-03,28.11,False,False
2013-03-04,28.437635,False,False
2013-03-05,27.723347,False,False
2013-03-06,27.421207,False,False
2013-03-07,24.907494,False,False
2013-03-08,24.077381,False,False
2013-03-09,23.306414,False,False
2013-03-10,19.86,False,False
2013-03-11,22.212364,False,False
2013-03-12,39.50858,False,False
2013-03-13,37.690662,False,False
2013-03-14,32.479916,False,False
2013-03-15,29.181986,False,False
2013-03-16,27.737747,False,False
2013-03-17,19.86,False,False
2013-03-18,24.459898,False,False
2013-03-19,21.120045,False,False
2013-03-20,21.747519,False,False
2013-03-21,20.69278,False,False
2013-03-22,17.308184,False,False
2013-03-23,18.375063,False,False
2013-03-24,16.13,False,False
2013-03-25,15.8528185,False,False
2013-03-26,16.258894,False,False
2013-03-27,14.642519,False,False
2013-03-28,14.418721,False,False
2013-03-29,27.24,False,False
2013-03-30,27.701044,False,False
2013-03-31,23.04,False,False
2013-04-01,23.296396,False,False
2013-04-02,21.966692,False,False
2013-04-03,20.076586,False,False
2013-04-04,21.343105,False,False
2013-04-05,23.983192,False,False
2013-04-06,18.552391,False,False
2013-04-07,16.85,False,False
2013-04-08,36.60849,False,False
2013-04-09,35.282524,False,False
2013-04-10,31.221516,False,False
2013-04-11,30.78,False,False
2013-04-12,26.078636,False,False
2013-04-13,25.504799,False,False
2013-04-14,20.64,False,False
2013-04-15,22.857836,False,False
2013-04-16,21.588648,False,False
2013-04-17,27.886929,False,False
2013-04-18,25.027014,False,False
2013-04-19,25.688822,False,False
2013-04-20,21.61501,False,False
2013-04-21,16.85,False,False
2013-04-22,15.916002,False,False
2013-04-23,18.436474,False,False
2013-04-24,18.33,False,False
2013-04-25,18.645998,False,False
2013-04-26,17.957726,False,False
2013-04-27,16.479239,False,False
2013-04-28,16.85,False,False
2013-04-29,18.774466,False,False
2013-04-30,15.836594,False,False
2013-05-01,15.675994,False,False
2013-05-02,15.102743,False,False
2013-05-03,14.066809,False,False
2013-05-04,14.204851,False,False
2013-05-05,19.09,False,False
2013-05-06,19.805809,False,False
2013-05-07,20.115168,False,False
2013-05-08,19.711422,False,False
2013-05-09,15.936958,False,False
2013-05-10,15.4187765,False,False
2013-05-11,14.136993,False,False
2013-05-12,14.72,False,False
2013-05-13,25.932129,False,False
2013-05-14,18.80718,False,False
2013-05-15,19.339958,False,False
2013-05-16,14.33634,False,False
2013-05-17,19.315346,False,False
2013-05-18,15.943516,False,False
2013-05-19,16.13,False,False
2013-05-20,14.233087,False,False
2013-05-21,14.310471,False,False
2013-05-22,14.28672,False,False
2013-05-23,13.891182,False,False
2013-05-24,13.691445,False,False
2013-05-25,21.43,False,False
2013-05-26,18.33,False,False
2013-05-27,18.889292,False,False
2013-05-28,15.980769,False,False
2013-05-29,14.152539,False,False
2013-05-30,13.510634,False,False
2013-05-31,15.911126,False,False
2013-06-01,54.395126,False,False
2013-06-02,46.49,False,False
2013-06-03,26.510426,False,False
2013-06-04,26.277374,False,False
2013-06-05,26.016874,False,False
2013-06-06,24.716072,False,False
2013-06-07,21.526346,False,False
2013-06-08,18.5887,False,False
2013-06-09,15.05,False,False
2013-06-10,17.2237,False,False
2013-06-11,17.452456,False,False
2013-06-12,21.982054,False,False
2013-06-13,23.276974,False,False
2013-06-14,22.433792,False,False
2013-06-15,21.867216,False,False
2013-06-16,17.78,False,False
2013-06-17,18.235868,False,False
2013-06-18,18.259365,False,False
2013-06-19,17.949293,False,False
2013-06-20,19.835447,False,False
2013-06-21,21.608297,False,False
2013-06-22,22.787659,False,False
2013-06-23,19.7,False,False
2013-06-24,19.22768,False,False
2013-06-25,70.26412,False,False
2013-06-26,100.117096,False,False
2013-06-27,162.8241,False,False
2013-06-28,878.46313,False,False
2013-06-29,978.69556,False,False
2013-06-30,973.1884,False,False
2013-07-01,416.29724,False,False
2013-07-02,194.0866,False,False
2013-07-03,136.61548,False,False
2013-07-04,164.7738,False,False
2013-07-05,130.62213,False,False
2013-07-06,1240.474,False,False
2013-07-07,770.6,False,False
2013-07-08,604.43854,False,False
2013-07-09,997.11505,False,False
2013-07-10,674.4219,False,False
2013-07-11,415.10187,False,False
2013-07-12,294.76093,False,False
2013-07-13,390.17227,False,False
2013-07-14,512.1649,False,False
2013-07-15,522.5383,False,False
2013-07-16,558.48376,False,False
2013-07-17,440.26868,False,False
2013-07-18,387.35287,False,False
2013-07-19,542.4648,False,False
2013-07-20,484.73984,False,False
2013-07-21,834.60504,False,False
2013-07-22,905.8909,False,False
2013-07-23,573.0879,False,False
2013-07-24,905.8909,False,False
2013-07-25,644.26294,False,False
2013-07-26,1194.0,False,False
2013-07-27,2063.0,False,False
2013-07-28,2246.0,False,False
2013-07-29,1887.0,False,False
2013-07-30,1456.0,False,False
2013-07-31,1300.0,False,False
2013-08-01,561.70374,False,False
2013-08-02,1244.5712,False,False
2013-08-03,2657.0,False,False
2013-08-04,3346.0,False,False
2013-08-05,3414.0,False,False
2013-08-06,2165.0,False,False
2013-08-07,1462.0,False,False
2013-08-08,986.10254,False,False
2013-08-09,716.2,False,False
2013-08-10,727.9619,False,False
2013-08-11,520.7,False,False
2013-08-12,381.96033,False,False
2013-08-13,398.03864,False,False
2013-08-14,421.39545,False,False
2013-08-15,420.0,False,False
2013-08-16,345.993,False,False
2013-08-17,350.8269,False,False
2013-08-18,360.6,False,False
2013-08-19,325.55817,False,False
2013-08-20,324.61176,False,False
2013-08-21,334.43866,False,False
2013-08-22,306.0877,False,False
2013-08-23,336.7057,False,False
2013-08-24,277.97815,False,False
2013-08-25,269.6,False,False
2013-08-26,302.60736,False,False
2013-08-27,280.0147,False,False
2013-08-28,296.5031,False,False
2013-08-29,250.7354,False,False
2013-08-30,257.85648,False,False
2013-08-31,251.44116,False,False
2013-09-01,380.5,False,False
2013-09-02,342.38934,False,False
2013-09-03,306.34976,False,False
2013-09-04,422.08597,False,False
2013-09-05,505.6976,False,False
2013-09-06,353.56097,False,False
2013-09-07,393.57996,False,False
2013-09-08,311.9,False,False
2013-09-09,416.1,False,False
2013-09-10,658.4217,False,False
2013-09-11,476.47073,False,False
2013-09-12,336.1305,False,False
2013-09-13,482.4552,False,False
2013-09-14,689.3352,False,False
2013-09-15,451.2,False,False
2013-09-16,357.21875,False,False
2013-09-17,266.56595,False,False
2013-09-18,234.56937,False,False
2013-09-19,206.89008,False,False
2013-09-20,206.06496,False,False
2013-09-21,217.84587,False,False
2013-09-22,209.9,False,False
2013-09-23,192.29645,False,False
2013-09-24,570.04865,False,False
2013-09-25,361.8148,False,False
2013-09-26,232.5877,False,False
2013-09-27,209.11548,False,False
2013-09-28,209.59726,False,False
2013-09-29,201.5,False,False
2013-09-30,185.13712,False,False
2013-10-01,173.46808,False,False
2013-10-02,183.9,False,False
2013-10-03,286.36044,False,False
2013-10-04,209.64943,False,False
2013-10-05,181.82698,False,False
2013-10-06,190.6,False,False
2013-10-07,163.24094,False,False
2013-10-08,141.13724,False,False
2013-10-09,169.40056,False,False
2013-10-10,208.12878,False,False
2013-10-11,214.86165,False,False
2013-10-12,203.70174,False,False
2013-10-13,190.6,False,False
2013-10-14,164.68954,False,False
2013-10-15,190.91977,False,False
2013-10-16,190.6,False,False
2013-10-17,184.50685,False,False
2013-10-18,304.22818,False,False
2013-10-19,307.75534,False,False
2013-10-20,244.9,False,False
2013-10-21,491.7643,False,False
2013-10-22,440.28708,False,False
2013-10-23,349.8656,False,False
2013-10-24,290.98935,False,False
2013-10-25,381.46463,False,False
2013-10-26,296.90854,False,False
2013-10-27,266.5,False,False
2013-10-28,216.72998,False,False
2013-10-29,189.53513,False,False
2013-10-30,193.58907,False,False
2013-10-31,167.85085,False,False
2013-11-01,168.90358,False,False
2013-11-02,209.9,False,False
2013-11-03,196.0,False,False
2013-11-04,190.67003,False,False
2013-11-05,201.65805,False,False
2013-11-06,234.28636,False,False
2013-11-07,234.47131,False,False
2013-11-08,207.29895,False,False
2013-11-09,195.41217,False,False
2013-11-10,196.0,False,False
2013-11-11,172.15935,False,False
2013-11-12,167.50473,False,False
2013-11-13,190.50377,False,False
2013-11-14,185.4562,False,False
2013-11-15,201.5,False,False
2013-11-16,189.61932,False,False
2013-11-17,227.1,False,False
2013-11-18,286.23566,False,False
2013-11-19,299.4206,False,False
2013-11-20,310.79376,False,False
2013-11-21,277.13882,False,False
2013-11-22,212.71373,False,False
2013-11-23,170.7541,False,False
2013-11-24,196.0,False,False
2013-11-25,529.6743,False,False
2013-11-26,418.6067,False,False
2013-11-27,277.16544,False,False
2013-11-28,172.66252,False,False
2013-11-29,167.79964,False,False
2013-11-30,137.41643,False,False
2013-12-01,128.9,False,False
2013-12-02,127.5178,False,False
2013-12-03,120.34001,False,False
2013-12-04,125.24287,False,False
2013-12-05,122.659935,False,False
2013-12-06,96.602646,False,False
2013-12-07,99.10746,False,False
2013-12-08,100.4,False,False
2013-12-09,82.566795,False,False
2013-12-10,88.82343,False,False
2013-12-11,83.7034,False,False
2013-12-12,77.67409,False,False
2013-12-13,73.616615,False,False
2013-12-14,72.944954,False,False
2013-12-15,74.35,False,False
2013-12-16,75.38479,False,False
2013-12-17,73.21038,False,False
2013-12-18,70.8536,False,False
2013-12-19,74.52496,False,False
2013-12-20,77.98986,False,False
2013-12-21,69.08214,False,False
2013-12-22,64.59,False,False
2013-12-23,68.02173,False,False
2013-12-24,70.41774,False,False
2013-12-25,64.59,False,False
2013-12-26,61.598717,False,False
2013-12-27,65.62005,False,False
2013-12-28,65.519806,False,False
2013-12-29,60.01,False,False
2013-12-30,61.320362,False,False
2013-12-31,65.74855,False,False
2014-01-01,69.58508,False,False
2014-01-02,61.576126,False,False
2014-01-03,65.58492,False,False
2014-01-04,56.317524,False,False
2014-01-05,51.46,False,False
2014-01-06,58.547108,False,False
2014-01-07,46.541214,False,False
2014-01-08,45.205925,False,False
2014-01-09,49.235733,False,False
2014-01-10,38.55625,False,False
2014-01-11,36.41055,False,False
2014-01-12,30.34,False,False
2014-01-13,32.333614,False,False
2014-01-14,32.36,False,False
2014-01-15,30.027563,False,False
2014-01-16,34.528854,False,False
2014-01-17,32.13477,False,False
2014-01-18,29.870628,False,False
2014-01-19,34.46,False,False
2014-01-20,32.246418,False,False
2014-01-21,37.19527,False,False
2014-01-22,38.687317,False,False
2014-01-23,38.17785,False,False
2014-01-24,37.40459,False,False
2014-01-25,39.608185,False,False
2014-01-26,34.46,False,False
2014-01-27,47.994633,False,False
2014-01-28,39.53622,False,False
2014-01-29,37.216923,False,False
2014-01-30,33.340553,False,False
2014-01-31,33.96666,False,False
2014-02-01,34.510635,False,False
2014-02-02,26.52,False,False
2014-02-03,29.6649,False,False
2014-02-04,24.36932,False,False
2014-02-05,24.450838,False,False
2014-02-06,23.95599,False,False
2014-02-07,23.282574,False,False
2014-02-08,22.400633,False,False
2014-02-09,17.56,False,False
2014-02-10,18.418219,False,True
2014-02-11,19.276438,False,False
2014-02-12,17.56,False,False
2014-02-13,17.230947,False,False
2014-02-14,17.556597,False,False
2014-02-15,16.819002,False,False
2014-02-16,15.49,False,False
2014-02-17,12.506844,False,False
2014-02-18,12.692524,False,False
2014-02-19,13.491928,False,False
2014-02-20,36.22055,False,False
2014-02-21,27.047865,False,False
2014-02-22,37.944073,False,False
2014-02-23,41.25,False,False
2014-02-24,41.55122,False,False
2014-02-25,42.044476,False,False
2014-02-26,40.768417,False,False
2014-02-27,40.07,False,False
2014-02-28,35.36222,False,False
2014-03-01,30.370348,False,False
2014-03-02,29.35,False,False
2014-03-03,29.079374,False,False
2014-03-04,39.68455,False,False
2014-03-05,32.430676,False,False
2014-03-06,28.423626,False,False
2014-03-07,23.54019,False,False
2014-03-08,29.206987,False,False
2014-03-09,31.34,False,False
2014-03-10,26.896908,False,False
2014-03-11,22.47311,False,False
2014-03-12,23.160103,False,False
2014-03-13,22.076555,False,False
2014-03-14,22.059658,False,False
2014-03-15,21.600119,False,False
2014-03-16,22.18,False,False
2014-03-17,21.928673,False,False
2014-03-18,14.845129,False,False
2014-03-19,24.055984,False,False
2014-03-20,24.682741,False,False
2014-03-21,39.831287,False,False
2014-03-22,49.15397,False,False
2014-03-23,57.07,False,False
2014-03-24,54.266106,False,False
2014-03-25,51.845394,False,False
2014-03-26,45.965385,False,False
2014-03-27,50.62785,False,False
2014-03-28,40.673687,False,False
2014-03-29,44.36041,False,False
2014-03-30,44.92,False,False
2014-03-31,42.45,False,False
2014-04-01,40.599274,False,False
2014-04-02,38.255703,False,False
2014-04-03,26.383348,False,False
2014-04-04,25.080215,False,False
2014-04-05,26.451408,False,False
2014-04-06,23.01,False,False
2014-04-07,20.33957,False,False
2014-04-08,20.446669,False,False
2014-04-09,19.747131,False,False
2014-04-10,17.486797,False,False
2014-04-11,18.879454,False,False
2014-04-12,17.587254,False,False
2014-04-13,47.47,False,False
2014-04-14,33.4,False,False
2014-04-15,37.993862,False,False
2014-04-16,33.283417,False,False
2014-04-17,50.844257,False,False
2014-04-18,48.78,False,False
2014-04-19,50.12273,False,False
2014-04-20,52.83,False,False
2014-04-21,59.62612,False,False
2014-04-22,73.27934,False,False
2014-04-23,71.12258,False,False
2014-04-24,64.59,False,False
2014-04-25,57.069157,False,False
2014-04-26,51.6083,False,False
2014-04-27,60.01,False,False
2014-04-28,67.4897,False,False
2014-04-29,55.548256,False,False
2014-04-30,65.27288,False,False
2014-05-01,53.839954,False,False
2014-05-02,29.6776,False,False
2014-05-03,37.900265,False,False
2014-05-04,37.76,False,False
2014-05-05,39.676537,False,False
2014-05-06,55.81994,False,False
2014-05-07,51.335114,False,False
2014-05-08,50.44773,False,False
2014-05-09,62.942577,False,False
2014-05-10,55.17472,False,False
2014-05-11,92.48,False,False
2014-05-12,71.14125,False,False
2014-05-13,49.561523,False,False
2014-05-14,41.25,False,False
2014-05-15,36.682495,False,False
2014-05-16,39.317257,False,False
2014-05-17,33.59329,False,False
2014-05-18,31.34,False,False
2014-05-19,23.944826,False,False
2014-05-20,26.084558,False,False
2014-05-21,70.42824,False,False
2014-05-22,56.5701,False,False
2014-05-23,71.52157,False,False
2014-05-24,57.63783,False,False
2014-05-25,54.22,False,False
2014-05-26,55.77621,False,False
2014-05-27,50.704918,False,False
2014-05-28,56.311783,False,False
2014-05-29,73.50436,False,False
2014-05-30,113.88296,False,False
2014-05-31,71.3843,False,False
2014-06-01,80.96,False,False
2014-06-02,79.650085,False,False
2014-06-03,121.35541,False,False
2014-06-04,123.44391,False,False
2014-06-05,138.24597,False,False
2014-06-06,82.700645,False,False
2014-06-07,61.893745,False,False
2014-06-08,50.04,False,False
2014-06-09,38.427288,False,False
2014-06-10,32.20434,False,False
2014-06-11,31.743242,False,False
2014-06-12,33.02133,False,False
2014-06-13,20.858517,False,False
2014-06-14,20.3692585,False,True
2014-06-15,19.88,False,False
2014-06-16,23.872232,False,False
2014-06-17,20.117662,False,False
2014-06-18,23.606615,False,False
2014-06-19,19.712862,False,False
2014-06-20,17.474907,False,False
2014-06-21,22.724562,False,False
2014-06-22,11.06,False,False
2014-06-23,25.70227,False,False
2014-06-24,54.391876,False,False
2014-06-25,121.16658,False,False
2014-06-26,148.72696,False,False
2014-06-27,161.31508,False,False
2014-06-28,140.26555,False,False
2014-06-29,115.6,False,False
2014-06-30,154.30452,False,False
2014-07-01,191.8806,False,False
2014-07-02,120.27539,False,False
2014-07-03,72.09652,False,False
2014-07-04,72.436714,False,False
2014-07-05,61.214577,False,False
2014-07-06,62.01,False,False
2014-07-07,64.19425,False,False
2014-07-08,73.41933,False,False
2014-07-09,66.02089,False,False
2014-07-10,48.64339,False,False
2014-07-11,48.322323,False,False
2014-07-12,38.086266,False,False
2014-07-13,43.7,False,False
2014-07-14,32.82622,False,False
2014-07-15,34.593964,False,False
2014-07-16,37.77898,False,False
2014-07-17,37.740864,False,False
2014-07-18,556.7422,False,False
2014-07-19,505.95578,False,False
2014-07-20,595.7,False,False
2014-07-21,419.96,False,False
2014-07-22,730.6818,False,False
2014-07-23,803.9215,False,False
2014-07-24,832.65845,False,False
2014-07-25,971.1254,False,False
2014-07-26,1057.7166,False,False
2014-07-27,1049.0,False,False
2014-07-28,1012.8777,False,False
2014-07-29,567.9,False,False
2014-07-30,421.42673,False,False
2014-07-31,463.50208,False,False
2014-08-01,450.9937,False,False
2014-08-02,472.1758,False,False
2014-08-03,921.6,False,False
2014-08-04,1166.277,False,False
2014-08-05,1024.6041,False,False
2014-08-06,600.0599,False,False
2014-08-07,660.49677,False,False
2014-08-08,2288.9287,False,False
2014-08-09,2511.42,False,False
2014-08-10,1608.0,False,False
2014-08-11,827.69006,False,False
2014-08-12,401.58325,False,False
2014-08-13,339.38098,False,False
2014-08-14,470.6379,False,False
2014-08-15,591.0,False,False
2014-08-16,567.72797,False,False
2014-08-17,612.2,False,False
2014-08-18,360.12964,False,False
2014-08-19,215.39949,False,False
2014-08-20,284.45572,False,False
2014-08-21,231.117,False,False
2014-08-22,194.86362,False,False
2014-08-23,191.12425,False,False
2014-08-24,347.1,False,False
2014-08-25,265.9649,False,False
2014-08-26,186.52875,False,False
2014-08-27,187.26927,False,False
2014-08-28,161.62115,False,False
2014-08-29,212.1,False,False
2014-08-30,235.3027,False,False
2014-08-31,221.3,False,False
2014-09-01,238.58542,False,False
2014-09-02,215.17607,False,False
2014-09-03,699.8404,False,False
2014-09-04,525.9831,False,False
2014-09-05,759.9781,False,False
2014-09-06,675.4652,False,False
2014-09-07,722.9,False,False
2014-09-08,475.41577,False,False
2014-09-09,342.6168,False,False
2014-09-10,551.60645,False,False
2014-09-11,570.43933,False,False
2014-09-12,452.40585,False,False
2014-09-13,310.71567,False,False
2014-09-14,243.2,False,False
2014-09-15,182.22136,False,False
2014-09-16,197.40065,False,False
2014-09-17,183.15674,False,False
2014-09-18,186.64774,False,False
2014-09-19,178.51596,False,False
2014-09-20,160.2141,False,False
2014-09-21,252.9,False,False
2014-09-22,245.6966,False,False
2014-09-23,233.7431,False,False
2014-09-24,450.151,False,False
2014-09-25,757.8754,False,False
2014-09-26,761.75757,False,False
2014-09-27,943.3058,False,False
2014-09-28,790.4,False,False
2014-09-29,605.3053,False,False
2014-09-30,628.16205,False,False
2014-10-01,440.44138,False,False
2014-10-02,570.4549,False,False
2014-10-03,416.9,False,False
2014-10-04,241.18452,False,False
2014-10-05,185.7,False,False
2014-10-06,215.2,False,False
2014-10-07,403.97495,False,False
2014-10-08,495.13153,False,False
2014-10-09,623.62274,False,False
2014-10-10,485.4525,False,False
2014-10-11,512.95056,False,False
2014-10-12,643.4,False,False
2014-10-13,624.3831,False,False
2014-10-14,614.50854,False,False
2014-10-15,380.58954,False,False
2014-10-16,262.03467,False,False
2014-10-17,248.6715,False,False
2014-10-18,234.60641,False,False
2014-10-19,233.7,False,False
2014-10-20,364.47098,False,False
2014-10-21,371.2416,False,False
2014-10-22,296.3848,False,False
2014-10-23,282.9,False,False
2014-10-24,301.35712,False,False
2014-10-25,272.42026,False,False
2014-10-26,325.1,False,False
2014-10-27,550.0331,False,False
2014-10-28,671.3896,False,False
2014-10-29,531.168,False,False
2014-10-30,429.16956,False,False
2014-10-31,356.74655,False,False
2014-11-01,274.40518,False,False
2014-11-02,256.2,False,False
2014-11-03,193.7849,False,False
2014-11-04,188.6,False,False
2014-11-05,187.0909,False,False
2014-11-06,191.4,False,False
2014-11-07,155.89944,False,False
2014-11-08,164.28467,False,False
2014-11-09,182.9,False,False
2014-11-10,170.31633,False,False
2014-11-11,157.02885,False,False
2014-11-12,170.50946,False,False
2014-11-13,188.5907,False,False
2014-11-14,191.34431,False,False
2014-11-15,198.4458,False,False
2014-11-16,215.2,False,False
2014-11-17,195.7019,False,False
2014-11-18,189.44638,False,False
2014-11-19,192.45505,False,False
2014-11-20,171.76056,False,False
2014-11-21,189.51276,False,False
2014-11-22,165.17041,False,False
2014-11-23,174.4,False,False
2014-11-24,163.6276,False,False
2014-11-25,160.22978,False,False
2014-11-26,163.83151,False,False
2014-11-27,144.00214,False,False
2014-11-28,156.25386,False,False
2014-11-29,164.71913,False,False
2014-11-30,168.9,False,False
2014-12-01,162.89308,False,False
2014-12-02,157.59935,False,False
2014-12-03,148.10559,False,False
2014-12-04,156.9087,False,False
2014-12-05,156.39575,False,False
2014-12-06,141.78511,False,False
2014-12-07,132.2,False,False
2014-12-08,138.99731,False,False
2014-12-09,135.15263,False,False
2014-12-10,122.89588,False,False
2014-12-11,108.08659,False,False
2014-12-12,122.246895,False,False
2014-12-13,238.78654,False,False
2014-12-14,173.9,False,False
2014-12-15,133.273,False,False
2014-12-16,113.34948,False,False
2014-12-17,145.69937,False,False
2014-12-18,97.902306,False,False
2014-12-19,81.76091,False,False
2014-12-20,92.90215,False,False
2014-12-21,86.66,False,False
2014-12-22,63.95802,False,False
2014-12-23,63.659813,False,False
2014-12-24,82.49058,False,False
2014-12-25,78.87,False,False
2014-12-26,71.78579,False,False
2014-12-27,60.718006,False,False
2014-12-28,54.9,False,False
2014-12-29,53.06763,False,False
2014-12-30,56.336163,False,False
2014-12-31,54.853416,False,False
2015-01-01,57.19226,False,False
2015-01-02,54.755367,False,False
2015-01-03,54.762424,False,False
2015-01-04,58.02,False,False
2015-01-05,52.428757,False,False
2015-01-06,42.192215,False,False
2015-01-07,41.797634,False,False
2015-01-08,40.506443,False,False
2015-01-09,42.216747,False,False
2015-01-10,33.758354,False,False
2015-01-11,34.65,False,False
2015-01-12,29.534431,False,False
2015-01-13,27.212786,False,False
2015-01-14,29.322937,False,False
2015-01-15,27.0,False,False
2015-01-16,26.53226,False,False
2015-01-17,21.17641,False,False
2015-01-18,35.83,False,False
2015-01-19,40.621765,False,False
2015-01-20,48.167553,False,False
2015-01-21,46.82364,False,False
2015-01-22,47.40302,False,False
2015-01-23,47.853497,False,False
2015-01-24,44.40194,False,False
2015-01-25,48.97,False,False
2015-01-26,47.55,False,False
2015-01-27,47.574177,False,False
2015-01-28,47.41512,False,False
2015-01-29,47.129314,False,False
2015-01-30,41.236816,False,False
2015-01-31,41.298935,False,False
2015-02-01,30.14,False,False
2015-02-02,25.959997,False,False
2015-02-03,23.409714,False,False
2015-02-04,21.204576,False,False
2015-02-05,19.283718,False,False
2015-02-06,15.601923,False,False
2015-02-07,19.145683,False,False
2015-02-08,16.4,False,False
2015-02-09,18.365196,False,False
2015-02-10,15.691402,False,False
2015-02-11,15.110265,False,False
2015-02-12,15.023026,False,False
2015-02-13,16.159204,False,False
2015-02-14,16.132261,False,False
2015-02-15,14.93,False,False
2015-02-16,14.713442,False,False
2015-02-17,14.22,False,False
2015-02-18,13.501893,False,False
2015-02-19,14.116614,False,False
2015-02-20,13.852352,False,False
2015-02-21,14.183649,False,False
2015-02-22,14.22,False,False
2015-02-23,12.460985,False,False
2015-02-24,15.001921,False,False
2015-02-25,19.523537,False,False
2015-02-26,25.651245,False,False
2015-02-27,26.031729,False,False
2015-02-28,25.83978,False,False
2015-03-01,25.0,False,False
2015-03-02,29.237062,False,False
2015-03-03,48.430588,False,False
2015-03-04,49.373978,False,False
2015-03-05,47.7045,False,False
2015-03-06,29.285912,False,False
2015-03-07,31.689638,False,False
2015-03-08,25.02,False,False
2015-03-09,19.168419,False,False
2015-03-10,41.222122,False,False
2015-03-11,29.132719,False,False
2015-03-12,22.935938,False,False
2015-03-13,23.07919,False,False
2015-03-14,18.78599,False,False
2015-03-15,14.93,False,False
2015-03-16,13.742402,False,False
2015-03-17,14.217015,False,False
2015-03-18,14.077904,False,False
2015-03-19,13.687989,False,False
2015-03-20,13.05407,False,False
2015-03-21,12.638195,False,False
2015-03-22,33.49,False,False
2015-03-23,34.965523,False,False
2015-03-24,28.885073,False,False
2015-03-25,26.279732,False,False
2015-03-26,29.16969,False,False
2015-03-27,26.342833,False,False
2015-03-28,23.34239,False,False
2015-03-29,30.14,False,False
2015-03-30,40.467033,False,False
2015-03-31,33.814285,False,False
2015-04-01,34.28865,False,False
2015-04-02,35.83,False,False
2015-04-03,34.65,False,False
2015-04-04,65.54545,False,False
2015-04-05,58.02,False,False
2015-04-06,64.80697,False,False
2015-04-07,60.495872,False,False
2015-04-08,49.97078,False,False
2015-04-09,44.330173,False,False
2015-04-10,30.093472,False,False
2015-04-11,26.56775,False,False
2015-04-12,22.21,False,False
2015-04-13,22.438416,False,False
2015-04-14,23.13,False,False
2015-04-15,22.298513,False,False
2015-04-16,23.598892,False,False
2015-04-17,49.14861,False,False
2015-04-18,60.493134,False,False
2015-04-19,53.38,False,False
2015-04-20,65.22186,False,False
2015-04-21,64.19065,False,False
2015-04-22,61.19307,False,False
2015-04-23,65.90366,False,False
2015-04-24,73.59253,False,False
2015-04-25,106.43325,False,False
2015-04-26,101.3,False,False
2015-04-27,79.639435,False,False
2015-04-28,87.67357,False,False
2015-04-29,79.24714,False,False
2015-04-30,72.05696,False,False
2015-05-01,77.212685,False,False
2015-05-02,71.913666,False,False
2015-05-03,80.78,False,False
2015-05-04,78.87,False,False
2015-05-05,64.099754,False,False
2015-05-06,59.15502,False,False
2015-05-07,48.31386,False,False
2015-05-08,35.795837,False,False
2015-05-09,45.809586,False,False
2015-05-10,38.27,False,False
2015-05-11,39.57431,False,False
2015-05-12,37.263245,False,False
2015-05-13,49.02617,False,False
2015-05-14,73.941284,False,False
2015-05-15,64.10005,False,False
2015-05-16,78.64803,False,False
2015-05-17,80.78,False,False
2015-05-18,158.54262,False,False
2015-05-19,319.6955,False,False
2015-05-20,236.65755,False,False
2015-05-21,142.93947,False,False
2015-05-22,135.57603,False,False
2015-05-23,91.57001,False,False
2015-05-24,69.72,False,False
2015-05-25,59.194824,False,False
2015-05-26,50.480064,False,False
2015-05-27,62.505383,False,False
2015-05-28,64.45739,False,False
2015-05-29,63.12988,False,False
2015-05-30,106.23903,False,False
2015-05-31,119.8,False,False
2015-06-01,135.82677,False,False
2015-06-02,135.37946,False,False
2015-06-03,209.7116,False,False
2015-06-04,158.19806,False,False
2015-06-05,132.99164,False,False
2015-06-06,205.57777,False,False
2015-06-07,163.2,False,False
2015-06-08,93.35492,False,False
2015-06-09,78.006744,False,False
2015-06-10,64.18539,False,False
2015-06-11,54.307045,False,False
2015-06-12,50.66789,False,False
2015-06-13,48.95788,False,False
2015-06-14,31.18,False,False
2015-06-15,30.336828,False,False
2015-06-16,39.550106,False,False
2015-06-17,37.885994,False,False
2015-06-18,31.114141,False,False
2015-06-19,43.006325,False,False
2015-06-20,40.771297,False,False
2015-06-21,41.51,False,False
2015-06-22,51.460712,False,False
2015-06-23,59.141052,False,False
2015-06-24,46.59748,False,False
2015-06-25,55.629314,False,False
2015-06-26,380.8,False,False
2015-06-27,459.9064,False,False
2015-06-28,465.7,False,False
2015-06-29,404.19012,False,False
2015-06-30,155.99124,False,False
2015-07-01,572.8,False,False
2015-07-02,362.45703,False,False
2015-07-03,242.52203,False,False
2015-07-04,180.86385,False,False
2015-07-05,180.5,False,False
2015-07-06,135.42311,False,False
2015-07-07,106.147354,False,False
2015-07-08,108.52117,False,False
2015-07-09,106.72212,False,False
2015-07-10,113.11681,False,False
2015-07-11,93.21494,False,False
2015-07-12,146.7,False,False
2015-07-13,160.27505,False,False
2015-07-14,145.18512,False,False
2015-07-15,194.7105,False,False
2015-07-16,157.7791,False,False
2015-07-17,162.31277,False,False
2015-07-18,149.4,False,False
2015-07-19,285.2,False,False
2015-07-20,405.12122,False,False
2015-07-21,704.78577,False,False
2015-07-22,677.1015,False,False
2015-07-23,483.32663,False,False
2015-07-24,371.53003,False,False
2015-07-25,425.53464,False,False
2015-07-26,384.8,False,False
2015-07-27,384.60373,False,False
2015-07-28,424.81662,False,False
2015-07-29,355.4083,False,False
2015-07-30,369.79056,False,False
2015-07-31,347.59348,False,False
2015-08-01,286.11996,False,False
2015-08-02,174.7,False,False
2015-08-03,136.1012,False,False
2015-08-04,136.19322,False,False
2015-08-05,110.33467,False,False
2015-08-06,87.62911,False,False
2015-08-07,83.49084,False,False
2015-08-08,90.63885,False,False
2015-08-09,88.3,False,False
2015-08-10,80.09295,False,False
2015-08-11,76.25687,False,False
2015-08-12,74.2522,False,False
2015-08-13,88.370544,False,False
2015-08-14,81.94982,False,False
2015-08-15,257.1,False,False
2015-08-16,303.3,False,False
2015-08-17,351.76746,False,False
2015-08-18,390.9368,False,False
2015-08-19,390.16302,False,False
2015-08-20,456.31406,False,False
2015-08-21,529.7577,False,False
2015-08-22,460.3974,False,False
2015-08-23,461.2,False,False
2015-08-24,667.71643,False,False
2015-08-25,636.9175,False,False
2015-08-26,543.7675,False,False
2015-08-27,450.35355,False,False
2015-08-28,356.8284,False,False
2015-08-29,257.1886,False,False
2015-08-30,236.9,False,False
2015-08-31,243.91951,False,False
2015-09-01,228.34006,False,False
2015-09-02,171.43132,False,False
2015-09-03,150.65587,False,False
2015-09-04,140.32675,False,False
2015-09-05,134.35263,False,False
2015-09-06,163.2,False,False
2015-09-07,109.59449,False,False
2015-09-08,204.43857,False,False
2015-09-09,241.30528,False,False
2015-09-10,164.49437,False,False
2015-09-11,133.51796,False,False
2015-09-12,137.21716,False,False
2015-09-13,133.5,False,False
2015-09-14,91.98935,False,False
2015-09-15,82.25369,False,False
2015-09-16,70.46619,False,False
2015-09-17,84.01,False,False
2015-09-18,80.11704,False,False
2015-09-19,129.6891,False,False
2015-09-20,125.8,False,False
2015-09-21,207.93228,False,False
2015-09-22,288.3837,False,False
2015-09-23,282.749,False,False
2015-09-24,365.80493,False,False
2015-09-25,345.0,False,False
2015-09-26,865.991,False,False
2015-09-27,621.5,False,False
2015-09-28,552.5421,False,False
2015-09-29,554.0486,False,False
2015-09-30,399.27917,False,False
2015-10-01,297.65472,False,False
2015-10-02,236.9,False,False
2015-10-03,277.9554,False,False
2015-10-04,236.9,False,False
2015-10-05,207.11366,False,False
2015-10-06,443.77103,False,False
2015-10-07,625.1321,False,False
2015-10-08,416.30518,False,False
2015-10-09,225.12518,False,False
2015-10-10,150.26405,False,False
2015-10-11,125.8,False,False
2015-10-12,147.32303,False,False
2015-10-13,257.624,False,False
2015-10-14,298.73026,False,False
2015-10-15,229.29413,False,False
2015-10-16,147.81195,False,False
2015-10-17,128.47585,False,False
2015-10-18,88.3,False,False
2015-10-19,105.97352,False,False
2015-10-20,123.04419,False,False
2015-10-21,120.134636,False,False
2015-10-22,130.9,False,False
2015-10-23,147.49187,False,False
2015-10-24,136.1,False,False
2015-10-25,128.4,False,False
2015-10-26,109.0952,False,False
2015-10-27,118.376274,False,False
2015-10-28,106.59546,False,False
2015-10-29,122.12471,False,False
2015-10-30,145.5942,False,False
2015-10-31,163.8825,False,False
2015-11-01,177.6,False,False
2015-11-02,148.98265,False,False
2015-11-03,402.01605,False,False
2015-11-04,407.83466,False,False
2015-11-05,868.79865,False,False
2015-11-06,1060.5802,False,False
2015-11-07,618.92017,False,False
2015-11-08,250.3,False,False
2015-11-09,217.20189,False,False
2015-11-10,366.78906,False,False
2015-11-11,534.1,False,False
2015-11-12,416.97842,False,False
2015-11-13,361.78076,False,False
2015-11-14,282.88687,False,False
2015-11-15,211.0,False,False
2015-11-16,152.41275,False,False
2015-11-17,190.56174,False,False
2015-11-18,207.62889,False,False
2015-11-19,156.32109,False,False
2015-11-20,240.63464,False,False
2015-11-21,268.03757,False,False
2015-11-22,267.5,False,False
2015-11-23,244.7129,False,False
2015-11-24,178.73082,False,False
2015-11-25,190.22948,False,False
2015-11-26,156.34724,False,False
2015-11-27,146.11511,False,False
2015-11-28,144.5405,False,False
2015-11-29,149.4,False,False
2015-11-30,152.5428,False,False
2015-12-01,202.76382,False,False
2015-12-02,204.78458,False,False
2015-12-03,238.70837,False,False
2015-12-04,242.21786,False,False
2015-12-05,173.30995,False,False
2015-12-06,152.6,False,False
2015-12-07,129.03467,False,False
2015-12-08,106.86631,False,False
2015-12-09,86.90398,False,False
2015-12-10,82.27716,False,False
2015-12-11,77.454056,False,False
2015-12-12,70.62987,False,False
2015-12-13,85.42,False,False
2015-12-14,69.847374,False,False
2015-12-15,78.523865,False,False
2015-12-16,90.56224,False,False
2015-12-17,84.38581,False,False
2015-12-18,82.113976,False,False
2015-12-19,75.411514,False,False
2015-12-20,79.32,False,False
2015-12-21,70.19559,False,False
2015-12-22,68.21455,False,False
2015-12-23,63.214886,False,False
2015-12-24,62.31,False,False
2015-12-25,62.31,False,False
2015-12-26,58.272476,False,False
2015-12-27,58.8,False,False
2015-12-28,55.25894,False,False
2015-12-29,51.203625,False,False
2015-12-30,50.639496,False,False
2015-12-31,41.45851,False,False
2016-01-01,50.74236,False,False
2016-01-02,41.473083,False,False
2016-01-03,39.76,False,False
2016-01-04,42.657635,False,False
2016-01-05,40.87291,False,False
2016-01-06,41.172775,False,False
2016-01-07,41.52749,False,False
2016-01-08,41.13433,False,False
2016-01-09,40.43768,False,False
2016-01-10,26.6,False,False
2016-01-11,28.915915,False,False
2016-01-12,28.058382,False,False
2016-01-13,29.604437,False,False
2016-01-14,28.936226,False,False
2016-01-15,34.19,False,False
2016-01-16,52.1492,False,False
2016-01-17,57.08,False,False
2016-01-18,41.742867,False,False
2016-01-19,55.883324,False,False
2016-01-20,51.51256,False,False
2016-01-21,42.11258,False,False
2016-01-22,41.73055,False,False
2016-01-23,43.08091,False,False
2016-01-24,44.19,False,False
2016-01-25,44.37567,False,False
2016-01-26,44.94,False,False
2016-01-27,35.350025,False,False
2016-01-28,34.85029,False,False
2016-01-29,33.977165,False,False
2016-01-30,28.981407,False,False
2016-01-31,22.04,False,False
2016-02-01,23.218571428571426,False,True
2016-02-02,24.397142857142857,False,True
2016-02-03,,False,False
2016-02-04,,False,False
2016-02-05,,False,False
2016-02-06,,False,False
2016-02-07,30.29,False,False
2016-02-08,35.121212,False,False
2016-02-09,33.79307,False,False
2016-02-10,27.658474,False,False
2016-02-11,14.7606125,False,False
2016-02-12,14.79824,False,False
2016-02-13,20.10879,False,False
2016-02-14,13.29,False,False
2016-02-15,14.851704,False,False
2016-02-16,16.772018,False,False
2016-02-17,15.515103,False,False
2016-02-18,15.321938,False,False
2016-02-19,13.166611,False,False
2016-02-20,9.195451,False,False
2016-02-21,13.29,False,False
2016-02-22,8.954,False,False
2016-02-23,9.044672,False,False
2016-02-24,9.050594,False,False
2016-02-25,9.105594,False,False
2016-02-26,8.118358,False,False
2016-02-27,8.1031065,False,False
2016-02-28,48.84,False,False
2016-02-29,37.214622,False,False
2016-03-01,36.416096,False,False
2016-03-02,40.321243,False,False
2016-03-03,30.238571,False,False
2016-03-04,25.734972,False,False
2016-03-05,25.545763,False,False
2016-03-06,18.89,False,False
2016-03-07,20.759306,False,False
2016-03-08,20.343626,False,False
2016-03-09,19.526405,False,False
2016-03-10,23.340958,False,False
2016-03-11,19.269148,False,False
2016-03-12,20.722925,False,False
2016-03-13,15.97,False,False
2016-03-14,18.089415,False,False
2016-03-15,18.32737,False,False
2016-03-16,19.0858,False,False
2016-03-17,20.614979,False,False
2016-03-18,18.848919,False,False
2016-03-19,9.233349,False,False
2016-03-20,19.92,False,False
2016-03-21,9.364075,False,False
2016-03-22,19.190817,False,False
2016-03-23,9.529559,False,False
2016-03-24,12.219061,False,False
2016-03-25,15.97,False,False
2016-03-26,15.331786,False,False
2016-03-27,15.97,False,False
2016-03-28,16.152044,False,False
2016-03-29,16.457985,False,False
2016-03-30,12.0517,False,False
2016-03-31,9.2853775,False,False
2016-04-01,14.219545,False,False
2016-04-02,13.57447,False,False
2016-04-03,10.84,False,False
2016-04-04,8.391196,False,False
2016-04-05,6.569617,False,False
2016-04-06,8.011572,False,False
2016-04-07,6.332508,False,False
2016-04-08,5.469,False,False
2016-04-09,6.495843,False,False
2016-04-10,10.84,False,False
2016-04-11,7.9161496,False,False
2016-04-12,7.773903,False,False
2016-04-13,8.244936,False,False
2016-04-14,6.65,False,False
2016-04-15,50.44764,False,False
2016-04-16,33.813,False,False
2016-04-17,30.29,False,False
2016-04-18,15.939776,False,False
2016-04-19,10.84,False,False
2016-04-20,18.85316,False,False
2016-04-21,14.910441,False,False
2016-04-22,8.600936,False,False
2016-04-23,23.968576,False,False
2016-04-24,12.44,False,False
2016-04-25,11.275353,False,False
2016-04-26,8.818367,False,False
2016-04-27,6.248809,False,False
2016-04-28,11.514459,False,False
2016-04-29,16.610865,False,False
2016-04-30,17.457985,False,False
2016-05-01,16.92,False,False
2016-05-02,17.978556,False,False
2016-05-03,19.086895,False,False
2016-05-04,9.646284,False,False
2016-05-05,16.408773,False,False
2016-05-06,14.412665,False,False
2016-05-07,12.679979,False,False
2016-05-08,19.92,False,False
2016-05-09,12.864169,False,False
2016-05-10,38.21902,False,False
2016-05-11,34.32981,False,False
2016-05-12,22.976969,False,False
2016-05-13,18.407726,False,False
2016-05-14,13.069218,False,False
2016-05-15,19.92,False,False
2016-05-16,12.66283,False,False
2016-05-17,10.290299,False,False
2016-05-18,8.493375,False,False
2016-05-19,12.590045,False,False
2016-05-20,11.339603,False,False
2016-05-21,22.04,False,False
2016-05-22,36.92,False,False
2016-05-23,40.455143,False,False
2016-05-24,40.182526,False,False
2016-05-25,33.664795,False,False
2016-05-26,13.797313,False,False
2016-05-27,12.528337,False,False
2016-05-28,14.115049,False,False
2016-05-29,16.92,False,False
2016-05-30,14.204496,False,False
2016-05-31,10.946605,False,False
2016-06-01,10.375,False,False
2016-06-02,9.644,False,False
2016-06-03,5.452,False,False
2016-06-04,37.269,False,False
2016-06-05,42.033500000000004,False,True
2016-06-06,46.798,False,False
2016-06-07,28.871,False,False
2016-06-08,16.144,False,False
2016-06-09,15.622,False,False
2016-06-10,13.686,False,False
2016-06-11,10.967,False,False
2016-06-12,10.9255,False,True
2016-06-13,10.884,False,False
2016-06-14,10.198,False,False
2016-06-15,9.657,False,False
2016-06-16,8.141117999999999,False,False
2016-06-17,7.972721999999999,False,False
2016-06-18,36.8395285,False,False
2016-06-19,50.31676425,False,True
2016-06-20,63.794,False,False
2016-06-21,74.134,False,False
2016-06-22,51.663,False,False
2016-06-23,53.964,False,False
2016-06-24,46.837,False,False
2016-06-25,47.619,False,False
2016-06-26,48.637,False,True
2016-06-27,49.655,False,False
2016-06-28,46.374,False,False
2016-06-29,33.564,False,False
2016-06-30,18.44,False,False
2016-07-01,61.3,False,False
2016-07-02,49.469,False,False
2016-07-03,51.179500000000004,False,True
2016-07-04,52.89,False,False
2016-07-05,124.34,False,False
2016-07-06,103.155,False,False
2016-07-07,114.941,False,True
2016-07-08,126.727,False,False
2016-07-09,148.074,False,False
2016-07-10,149.28500000000003,False,True
2016-07-11,150.496,False,False
2016-07-12,166.176,False,False
2016-07-13,172.16,False,False
2016-07-14,140.611,False,False
2016-07-15,257.292,False,False
2016-07-16,402.437,False,False
2016-07-17,337.642,False,True
2016-07-18,272.847,False,False
2016-07-19,256.429,False,False
2016-07-20,250.54,False,False
2016-07-21,199.889,False,False
2016-07-22,162.143,False,False
2016-07-23,174.402,False,False
2016-07-24,169.865,False,True
2016-07-25,165.328,False,False
2016-07-26,176.496,False,False
2016-07-27,164.667,False,False
2016-07-28,170.986,False,False
2016-07-29,184.5325,False,False
2016-07-30,206.607,False,False
2016-07-31,180.79000000000002,False,True
2016-08-01,154.973,False,False
2016-08-02,133.43,False,False
2016-08-03,122.764,False,False
2016-08-04,104.881,False,False
2016-08-05,86.428,False,False
2016-08-06,73.204,False,False
2016-08-07,81.1425,False,True
2016-08-08,89.081,False,False
2016-08-09,117.799,False,False
2016-08-10,89.156,False,False
2016-08-11,86.618,False,False
2016-08-12,102.069,False,False
2016-08-13,90.098,False,False
2016-08-14,97.50266666666667,False,True
2016-08-15,104.90733333333333,False,True
2016-08-16,112.312,False,False
2016-08-17,130.563,False,False
2016-08-18,127.114,False,False
2016-08-19,135.664,False,False
2016-08-20,153.666,False,False
2016-08-21,214.7195,False,True
2016-08-22,275.773,False,False
2016-08-23,270.021,False,False
2016-08-24,263.243,False,False
2016-08-25,277.532,False,False
2016-08-26,215.649,False,False
2016-08-27,195.731,False,False
2016-08-28,202.6745,False,True
2016-08-29,209.618,False,False
2016-08-30,205.911,False,False
2016-08-31,210.143,False,False
2016-09-01,396.826,False,False
2016-09-02,216.927,False,False
2016-09-03,152.175,False,False
2016-09-04,135.001,False,True
2016-09-05,117.827,False,True
2016-09-06,100.653,False,False
2016-09-07,92.115,False,False
2016-09-08,95.513,False,False
2016-09-09,433.967,False,False
2016-09-10,470.15,False,False
2016-09-11,459.1,False,False
2016-09-12,463.363,False,False
2016-09-13,463.618,False,False
2016-09-14,399.201,False,False
2016-09-15,398.544,False,False
2016-09-16,352.273,False,False
2016-09-17,337.871,False,False
2016-09-18,333.51,False,False
2016-09-19,290.423,False,False
2016-09-20,272.687,False,False
2016-09-21,189.82,False,False
2016-09-22,77.933,False,False
2016-09-23,77.361,False,False
2016-09-24,46.314,False,False
2016-09-25,37.686,False,False
2016-09-26,38.42,False,False
2016-09-27,31.436,False,False
2016-09-28,38.605,False,False
2016-09-29,40.491,False,False
2016-09-30,38.343,False,False
2016-10-01,38.15,False,False
2016-10-02,34.311,False,False
2016-10-03,40.971,False,False
2016-10-04,38.299,False,False
2016-10-05,38.8655,False,False
2016-10-06,29.235,False,False
2016-10-07,22.945,False,False
2016-10-08,113.917,False,False
2016-10-09,171.516,False,False
2016-10-10,258.517,False,False
2016-10-11,315.364,False,False
2016-10-12,250.206,False,False
2016-10-13,171.391,False,False
2016-10-14,136.645,False,False
2016-10-15,256.879,False,False
2016-10-16,111.048,False,False
2016-10-17,72.69,False,False
2016-10-18,61.08,False,False
2016-10-19,39.532,False,False
2016-10-20,48.245,False,False
2016-10-21,41.774,False,False
2016-10-22,36.901,False,False
2016-10-23,30.371,False,False
2016-10-24,17.865,False,False
2016-10-25,21.586,False,False
2016-10-26,15.335,False,False
2016-10-27,14.747,False,False
2016-10-28,14.94,False,False
2016-10-29,23.435,False,True
2016-10-30,31.93,False,True
2016-10-31,40.425,False,False
2016-11-01,67.6,False,False
2016-11-02,44.147,False,False
2016-11-03,43.56,False,False
2016-11-04,37.613,False,False
2016-11-05,30.0227815,False,False
2016-11-06,31.0691505,False,False
2016-11-07,33.5378975,False,False
2016-11-08,30.382,False,False
2016-11-09,30.364,False,False
2016-11-10,29.258,False,False
2016-11-11,27.521,False,False
2016-11-12,27.117,False,False
2016-11-13,26.389,False,False
2016-11-14,28.154,False,False
2016-11-15,34.756,False,False
2016-11-16,67.185,False,False
2016-11-17,70.574,False,False
2016-11-18,71.308,False,False
2016-11-19,67.183,False,False
2016-11-20,48.3155,False,True
2016-11-21,29.448,False,False
2016-11-22,29.276,False,False
2016-11-23,22.204,False,False
2016-11-24,22.545,False,False
2016-11-25,19.019,False,False
2016-11-26,15.804,False,False
2016-11-27,15.97,False,False
2016-11-28,23.227,False,False
2016-11-29,29.448,False,False
2016-11-30,26.443,False,False
2016-12-01,27.279,False,False
2016-12-02,29.291,False,False
2016-12-03,28.043,False,False
2016-12-04,29.142,False,False
2016-12-05,34.447,False,False
2016-12-06,16.55,False,False
2016-12-07,17.02,False,False
2016-12-08,15.2,False,False
2016-12-09,10.88,False,False
2016-12-10,8.413,False,False
2016-12-11,7.953,False,False
2016-12-12,7.532,False,False
2016-12-13,8.359,False,False
2016-12-14,8.89,False,False
2016-12-15,13.01,False,False
2016-12-16,32.312,False,False
2016-12-17,37.318,False,False
2016-12-18,42.114,False,False
2016-12-19,35.004,False,False
2016-12-20,29.212,False,False
2016-12-21,27.472,False,False
2016-12-22,29.539,False,False
2016-12-23,25.881,False,False
2016-12-24,25.473,False,False
2016-12-25,13.05,False,False
2016-12-26,17.35,False,False
2016-12-27,13.3,False,False
2016-12-28,11.09,False,False
2016-12-29,12.1,False,False
2016-12-30,14.81,False,False
2016-12-31,11.015,False,False
2017-01-01,10.644,False,False
2017-01-02,14.229,False,False
2017-01-03,8.216,False,False
2017-01-04,10.394,False,False
2017-01-05,10.171,False,False
2017-01-06,8.365,False,True
2017-01-07,6.559,False,False
2017-01-08,7.645,False,False
2017-01-09,10.481,False,False
2017-01-10,10.371,False,False
2017-01-11,8.327,False,False
2017-01-12,7.207,False,False
2017-01-13,7.283,False,False
2017-01-14,7.695,False,True
2017-01-15,8.107,False,False
2017-01-16,8.563,False,False
2017-01-17,6.532,False,False
2017-01-18,6.613,False,False
2017-01-19,7.429,False,False
2017-01-20,7.455,False,False
2017-01-21,8.908,False,False
2017-01-22,7.421,False,False
2017-01-23,5.845,False,False
2017-01-24,5.758,False,False
2017-01-25,4.765,False,False
2017-01-26,4.5975,False,True
2017-01-27,4.43,False,False
2017-01-28,4.128,False,False
2017-01-29,3.146,False,False
2017-01-30,5.529,False,False
2017-01-31,4.268,False,False
2017-02-01,3.95,False,False
2017-02-02,4.074,False,False
2017-02-03,4.261,False,False
2017-02-04,3.958,False,False
2017-02-05,3.921,False,False
2017-02-06,4.084,False,False
2017-02-07,4.084,False,False
2017-02-08,3.861,False,False
2017-02-09,3.791,False,False
2017-02-10,3.654,False,False
2017-02-11,3.513,False,False
2017-02-12,3.51,False,False
2017-02-13,3.277,False,False
2017-02-14,3.51,False,False
2017-02-15,3.239,False,False
2017-02-16,4.139,False,False
2017-02-17,4.027,False,False
2017-02-18,3.99,False,False
2017-02-19,3.862,False,False
2017-02-20,3.774,False,False
2017-02-21,3.78,False,False
2017-02-22,3.6,False,False
2017-02-23,3.235,False,False
2017-02-24,3.231,False,True
2017-02-25,3.227,False,False
2017-02-26,2.735,False,False
2017-02-27,2.735,False,False
2017-02-28,1.253,False,False
2017-03-01,1.868,False,False
2017-03-02,1.683,False,False
2017-03-03,1.869,False,False
2017-03-04,1.86,False,False
2017-03-05,1.6465,False,True
2017-03-06,1.433,False,False
2017-03-07,1.668,False,False
2017-03-08,2.849,False,False
2017-03-09,1.768,False,False
2017-03-10,1.78,False,False
2017-03-11,1.968,False,False
2017-03-12,8.382,False,False
2017-03-13,11.02,False,False
2017-03-14,7.68,False,False
2017-03-15,7.747,False,False
2017-03-16,6.756,False,False
2017-03-17,6.179,False,False
2017-03-18,4.219,False,False
2017-03-19,3.834,False,False
2017-03-20,3.834,False,False
2017-03-21,3.53,False,False
2017-03-22,3.249,False,False
2017-03-23,3.576,False,False
2017-03-24,3.881,False,False
2017-03-25,3.284,False,False
2017-03-26,2.968,False,True
2017-03-27,2.652,False,False
2017-03-28,2.307,False,False
2017-03-29,2.257,False,False
2017-03-30,1.933,False,False
2017-03-31,1.68,False,False
2017-04-01,1.646,False,False
2017-04-02,1.713,False,True
2017-04-03,1.78,False,False
2017-04-04,1.785,False,False
2017-04-05,1.778,False,False
2017-04-06,1.253,False,False
2017-04-07,1.329,False,False
2017-04-08,1.343,False,False
2017-04-09,1.1804999999999999,False,True
2017-04-10,1.018,False,False
2017-04-11,1.004,False,False
2017-04-12,1.012,False,False
2017-04-13,0.8885,False,False
2017-04-14,1.0276604,False,True
2017-04-15,1.1668208,False,False
2017-04-16,1.0451603999999999,False,True
2017-04-17,0.9235,False,False
2017-04-18,0.856,False,False
2017-04-19,0.667,False,False
2017-04-20,0.686,False,False
2017-04-21,0.556,False,False
2017-04-22,1.842,False,False
2017-04-23,1.717,False,True
2017-04-24,1.592,False,False
2017-04-25,1.94,False,False
2017-04-26,2.644,False,False
2017-04-27,2.5977369,False,False
2017-04-28,2.633,False,False
2017-04-29,2.152,False,False
2017-04-30,2.2865,False,True
2017-05-01,2.421,False,False
2017-05-02,1.889,False,False
2017-05-03,2.647,False,False
2017-05-04,2.142,False,False
2017-05-05,1.894,False,False
2017-05-06,2.145,False,False
2017-05-07,2.6725000000000003,False,True
2017-05-08,3.2,False,False
2017-05-09,3.158,False,False
2017-05-10,3.346,False,True
2017-05-11,3.534,False,False
2017-05-12,3.535,False,False
2017-05-13,3.89,False,False
2017-05-14,3.5495,False,True
2017-05-15,3.209,False,False
2017-05-16,2.736,False,False
2017-05-17,2.925,False,False
2017-05-18,2.201,False,False
2017-05-19,2.2186637,False,False
2017-05-20,10.047471999999999,False,False
2017-05-21,9.65307,False,True
2017-05-22,9.258668,False,False
2017-05-23,7.568,False,False
2017-05-24,31.061,False,False
2017-05-25,29.543,False,False
2017-05-26,40.986,False,False
2017-05-27,55.169,False,False
2017-05-28,43.315,False,False
2017-05-29,43.315,False,False
2017-05-30,31.24,False,False
2017-05-31,30.06,False,False
2017-06-01,34.475,False,False
2017-06-02,27.715,False,False
2017-06-03,19.332,False,False
2017-06-04,12.9915,False,True
2017-06-05,6.651,False,False
2017-06-06,5.609,False,False
2017-06-07,6.671,False,False
2017-06-08,6.719,False,False
2017-06-09,4.35,False,False
2017-06-10,4.837,False,False
2017-06-11,25.853,False,False
2017-06-12,7.582,False,False
2017-06-13,6.355,False,False
2017-06-14,5.015,False,False
2017-06-15,5.698,False,False
2017-06-16,5.161,False,False
2017-06-17,7.201,False,False
2017-06-18,4.196,False,False
2017-06-19,10.833,False,False
2017-06-20,11.193,False,False
2017-06-21,7.867,False,False
2017-06-22,7.245,False,False
2017-06-23,7.527,False,False
2017-06-24,5.113,False,False
2017-06-25,4.035,False,False
2017-06-26,3.827,False,False
2017-06-27,3.768,False,False
2017-06-28,3.733,False,False
2017-06-29,3.648,False,False
2017-06-30,3.765,False,False
2017-07-01,3.726,False,False
2017-07-02,3.308,False,False
2017-07-03,3.685,False,False
2017-07-04,3.692,False,False
2017-07-05,3.381,False,False
2017-07-06,3.27,False,False
2017-07-07,34.747,False,False
2017-07-08,64.431,False,False
2017-07-09,64.498,False,False
2017-07-10,79.036,False,False
2017-07-11,69.584,False,False
2017-07-12,74.612,False,False
2017-07-13,75.334,False,False
2017-07-14,52.519,False,False
2017-07-15,52.952,False,False
2017-07-16,45.338,False,False
2017-07-17,50.61,False,False
2017-07-18,42.512,False,False
2017-07-19,43.951,False,False
2017-07-20,32.771,False,False
2017-07-21,66.114,False,False
2017-07-22,81.011,False,False
2017-07-23,61.329,False,False
2017-07-24,57.133,False,False
2017-07-25,150.88,False,False
2017-07-26,173.277,False,False
2017-07-27,191.587,False,False
2017-07-28,175.264,False,False
2017-07-29,214.654,False,False
2017-07-30,190.57,False,False
2017-07-31,200.598,False,False
2017-08-01,207.004,False,False
2017-08-02,211.027,False,False
2017-08-03,202.787,False,False
2017-08-04,204.658,False,False
2017-08-05,175.792,False,False
2017-08-06,175.9,False,False
2017-08-07,212.377,False,False
2017-08-08,200.843,False,False
2017-08-09,207.434,False,False
2017-08-10,255.93,False,False
2017-08-11,251.536,False,False
2017-08-12,183.176,False,False
2017-08-13,164.953,False,False
2017-08-14,152.46,False,False
2017-08-15,301.17600000000004,False,True
2017-08-16,449.892,False,False
2017-08-17,380.875,False,False
2017-08-18,250.431,False,False
2017-08-19,173.878,False,False
2017-08-20,112.744,False,False
2017-08-21,140.543,False,False
2017-08-22,99.302,False,False
2017-08-23,92.863,False,False
2017-08-24,174.07,False,False
2017-08-25,189.3505,False,True
2017-08-26,204.631,False,False
2017-08-27,206.812,False,False
2017-08-28,188.87,False,False
2017-08-29,178.436,False,False
2017-08-30,175.758,False,False
2017-08-31,202.971,False,False
2017-09-01,359.213,False,False
2017-09-02,458.2215,False,True
2017-09-03,557.23,False,False
2017-09-04,418.379,False,False
2017-09-05,354.419,False,False
2017-09-06,444.641,False,False
2017-09-07,705.871,False,False
2017-09-08,360.29,False,False
2017-09-09,420.517,False,False
2017-09-10,255.855,False,False
2017-09-11,574.025,False,False
2017-09-12,269.005,False,False
2017-09-13,222.573,False,False
2017-09-14,259.377,False,False
2017-09-15,209.629,False,False
2017-09-16,209.95,False,False
2017-09-17,188.571,False,False
2017-09-18,189.535,False,False
2017-09-19,164.745,False,False
2017-09-20,179.253,False,False
2017-09-21,340.632,False,False
2017-09-22,393.524,False,False
2017-09-23,254.657,False,False
2017-09-24,313.771,False,False
2017-09-25,337.306,False,False
2017-09-26,499.277,False,False
2017-09-27,830.323,False,False
2017-09-28,1333.0,False,False
2017-09-29,975.448,False,False
2017-09-30,540.499,False,False
2017-10-01,480.738,False,False
2017-10-02,387.417,False,False
2017-10-03,358.6,False,False
2017-10-04,307.737,False,False
2017-10-05,323.57,False,False
2017-10-06,756.45,False,False
2017-10-07,668.627,False,False
2017-10-08,663.292,False,False
2017-10-09,696.485,False,False
2017-10-10,406.635,False,False
2017-10-11,500.284,False,False
2017-10-12,611.413,False,False
2017-10-13,500.719,False,False
2017-10-14,646.601,False,False
2017-10-15,721.139,False,False
2017-10-16,534.212,False,False
2017-10-17,306.95,False,False
2017-10-18,245.115,False,True
2017-10-19,183.28,False,False
2017-10-20,147.272,False,False
2017-10-21,128.798,False,False
2017-10-22,148.581,False,False
2017-10-23,117.101,False,False
2017-10-24,78.525,False,False
2017-10-25,94.481,False,False
2017-10-26,86.011,False,True
2017-10-27,77.541,False,False
2017-10-28,72.507,False,False
2017-10-29,117.2615,False,True
2017-10-30,162.016,False,False
2017-10-31,132.972,False,False
2017-11-01,104.781,False,False
2017-11-02,100.115,False,False
2017-11-03,102.862,False,False
2017-11-04,103.504,False,False
2017-11-05,99.0395,False,True
2017-11-06,94.575,False,False
2017-11-07,116.66,False,False
2017-11-08,121.441,False,False
2017-11-09,124.473,False,False
2017-11-10,138.191,False,False
2017-11-11,97.797,False,False
2017-11-12,87.542,False,True
2017-11-13,77.287,False,False
2017-11-14,68.725,False,False
2017-11-15,76.455,False,False
2017-11-16,77.097,False,False
2017-11-17,68.619,False,False
2017-11-18,78.451,False,False
2017-11-19,70.46,False,True
2017-11-20,62.469,False,False
2017-11-21,53.349,False,False
2017-11-22,60.625,False,False
2017-11-23,59.503,False,False
2017-11-24,68.556,False,False
2017-11-25,68.458,False,False
2017-11-26,74.85849999999999,False,True
2017-11-27,81.259,False,False
2017-11-28,75.556,False,False
2017-11-29,81.344,False,False
2017-11-30,81.64,False,False
2017-12-01,83.127,False,False
2017-12-02,122.44533333333334,False,True
2017-12-03,161.76366666666667,False,True
2017-12-04,201.082,False,False
2017-12-05,173.821,False,False
2017-12-06,99.516,False,False
2017-12-07,77.608,False,False
2017-12-08,94.614,False,False
2017-12-09,68.535,False,False
2017-12-10,69.82,False,True
2017-12-11,71.105,False,False
2017-12-12,48.686,False,False
2017-12-13,66.423,False,False
2017-12-14,51.851,False,False
2017-12-15,58.006,False,False
2017-12-16,45.793,False,False
2017-12-17,45.911,False,True
2017-12-18,46.029,False,False
2017-12-19,35.879,False,False
2017-12-20,45.519,False,False
2017-12-21,29.733,False,False
2017-12-22,39.334,False,False
2017-12-23,37.148,False,False
2017-12-24,40.90833333333334,False,True
2017-12-25,44.66866666666667,False,True
2017-12-26,48.429,False,False
2017-12-27,43.022,False,False
2017-12-28,55.397,False,False
2017-12-29,46.473,False,False
2017-12-30,66.469,False,False
2017-12-31,57.515499999999996,False,True
2018-01-01,48.562,False,False
2018-01-02,50.414,False,False
2018-01-03,48.651,False,False
2018-01-04,43.081,False,False
2018-01-05,48.442,False,False
2018-01-06,42.564,False,False
2018-01-07,39.259,False,True
2018-01-08,35.954,False,False
2018-01-09,31.913,False,False
2018-01-10,27.061,False,False
2018-01-11,24.454,False,False
2018-01-12,24.914,False,False
2018-01-13,27.925,False,False
2018-01-14,26.899,False,True
2018-01-15,25.873,False,True
2018-01-16,24.847,False,False
2018-01-17,16.409,False,False
2018-01-18,18.137,False,False
2018-01-19,21.733,False,False
2018-01-20,16.109,False,False
2018-01-21,13.422500000000001,False,True
2018-01-22,10.736,False,False
2018-01-23,21.211,False,False
2018-01-24,21.373,False,False
2018-01-25,30.323,False,False
2018-01-26,26.622,False,True
2018-01-27,22.921,False,False
2018-01-28,20.8765,False,True
2018-01-29,18.832,False,False
2018-01-30,14.733,False,False
2018-01-31,18.013,False,False
2018-02-01,11.596,False,False
2018-02-02,9.97,False,False
2018-02-03,10.232,False,False
2018-02-04,10.1445,False,True
2018-02-05,10.057,False,False
2018-02-06,9.751333333333333,False,True
2018-02-07,9.445666666666668,False,True
2018-02-08,9.14,False,False
2018-02-09,7.712,False,False
2018-02-10,6.423,False,False
2018-02-11,6.362,False,True
2018-02-12,6.301,False,False
2018-02-13,8.209,False,False
2018-02-14,6.87,False,False
2018-02-15,6.266,False,False
2018-02-16,5.61,False,False
2018-02-17,5.464,False,False
2018-02-18,5.5865,False,True
2018-02-19,5.709,False,False
2018-02-20,33.644,False,False
2018-02-21,19.692,False,False
2018-02-22,14.981,False,False
2018-02-23,18.281,False,False
2018-02-24,18.507,False,False
2018-02-25,19.871000000000002,False,True
2018-02-26,21.235,False,False
2018-02-27,26.693,False,False
2018-02-28,24.913,False,False
2018-03-01,19.719,False,False
2018-03-02,9.758,False,False
2018-03-03,10.719,False,False
2018-03-04,9.6705,False,True
2018-03-05,8.622,False,False
2018-03-06,6.051,False,False
2018-03-07,5.808,False,False
2018-03-08,5.163,False,False
2018-03-09,4.249,False,False
2018-03-10,4.525,False,False
2018-03-11,4.247,False,True
2018-03-12,3.969,False,False
2018-03-13,4.071,False,False
2018-03-14,4.284,False,False
2018-03-15,3.883,False,False
2018-03-16,3.936,False,False
2018-03-17,6.894,False,False
2018-03-18,52.825500000000005,False,False
2018-03-19,60.7055,False,False
2018-03-20,55.384,False,False
2018-03-21,34.583,False,False
2018-03-22,29.483,False,False
2018-03-23,24.526,False,False
2018-03-24,19.214,False,False
2018-03-25,17.0245,False,True
2018-03-26,14.835,False,False
2018-03-27,9.742,False,False
2018-03-28,12.006,False,False
2018-03-29,12.397,False,True
2018-03-30,12.788,False,True
2018-03-31,13.179,False,False
2018-04-01,15.349499999999999,False,True
2018-04-02,17.52,False,False
2018-04-03,6.496,False,False
2018-04-04,5.517,False,False
2018-04-05,6.4,False,False
2018-04-06,7.386,False,False
2018-04-07,6.378,False,False
2018-04-08,8.04,False,True
2018-04-09,9.702,False,False
2018-04-10,9.76,False,False
2018-04-11,8.724,False,False
2018-04-12,7.787,False,False
2018-04-13,7.292,False,False
2018-04-14,6.882,False,False
2018-04-15,6.09,False,True
2018-04-16,5.298,False,False
2018-04-17,5.383,False,False
2018-04-18,30.553,False,False
2018-04-19,24.857,False,False
2018-04-20,37.131,False,False
2018-04-21,27.41,False,False
2018-04-22,21.141,False,True
2018-04-23,14.872,False,False
2018-04-24,10.973,False,False
2018-04-25,9.226,False,False
2018-04-26,8.371,False,False
2018-04-27,8.15,False,False
2018-04-28,7.531,False,False
2018-04-29,9.368666666666666,False,True
2018-04-30,11.206333333333333,False,True
2018-05-01,13.044,False,False
2018-05-02,16.002,False,False
2018-05-03,10.743,False,False
2018-05-04,34.276,False,False
2018-05-05,25.355,False,False
2018-05-06,42.7495,False,True
2018-05-07,60.144,False,False
2018-05-08,42.278,False,False
2018-05-09,37.424,False,False
2018-05-10,24.627,False,False
2018-05-11,21.379,False,False
2018-05-12,45.463,False,False
2018-05-13,41.5025,False,True
2018-05-14,37.542,False,False
2018-05-15,87.248,False,False
2018-05-16,60.718999999999994,False,False
2018-05-17,56.416,False,False
2018-05-18,48.696,False,False
2018-05-19,42.781,False,False
2018-05-20,41.796499999999995,False,True
2018-05-21,40.812,False,False
2018-05-22,35.71,False,False
2018-05-23,48.841,False,False
2018-05-24,84.814,False,False
2018-05-25,55.689,False,False
2018-05-26,97.297,False,False
2018-05-27,112.4755,False,True
2018-05-28,127.654,False,False
2018-05-29,129.179,False,False
2018-05-30,80.824,False,False
2018-05-31,55.504,False,False
2018-06-01,56.499,False,False
2018-06-02,45.726,False,False
2018-06-03,42.09,False,False
2018-06-04,45.65,False,False
2018-06-05,76.134,False,False
2018-06-06,64.776,False,False
2018-06-07,44.457,False,False
2018-06-08,51.137,False,False
2018-06-09,49.64,False,False
2018-06-10,30.54,False,False
2018-06-11,25.34,False,False
2018-06-12,29.34,False,False
2018-06-13,25.079,False,False
2018-06-14,23.12,False,False
2018-06-15,23.906,False,False
2018-06-16,25.38,False,False
2018-06-17,826.5,False,False
2018-06-18,626.7,False,False
2018-06-19,268.711,False,False
2018-06-20,99.22,False,False
2018-06-21,70.301,False,False
2018-06-22,48.697,False,False
2018-06-23,526.6495,False,False
2018-06-24,390.9,False,False
2018-06-25,275.501,False,False
2018-06-26,201.054,False,False
2018-06-27,78.888,False,False
2018-06-28,59.884,False,False
2018-06-29,42.941,False,False
2018-06-30,382.369,False,False
2018-07-01,539.0,False,False
2018-07-02,291.9,False,False
2018-07-03,204.6,False,False
2018-07-04,160.2,False,False
2018-07-05,155.2,False,False
2018-07-06,160.3,False,False
2018-07-07,89.73,False,False
2018-07-08,58.8,False,False
2018-07-09,160.5,False,False
2018-07-10,881.8,False,False
2018-07-11,967.2,False,False
2018-07-12,1043.3,False,False
2018-07-13,1259.5,False,False
2018-07-14,1251.8,False,False
2018-07-15,1234.0,False,False
2018-07-16,2726.8,False,False
2018-07-17,3067.6,False,False
2018-07-18,3160.5,False,False
2018-07-19,2064.9,False,False
2018-07-20,2203.1,False,False
2018-07-21,1968.3,False,False
2018-07-22,1810.0,False,False
2018-07-23,2261.4705000000004,False,False
2018-07-24,2317.7,False,False
2018-07-25,1993.566,False,False
2018-07-26,1671.586,False,False
2018-07-27,2210.234,False,False
2018-07-28,1846.693,False,False
2018-07-29,720.2,False,False
2018-07-30,21.865,False,False
2018-07-31,638.8,False,False
2018-08-01,444.144,False,False
2018-08-02,432.198,False,False
2018-08-03,446.538,False,False
2018-08-04,491.923,False,False
2018-08-05,382.7,False,False
2018-08-06,387.529,False,False
2018-08-07,360.798,False,False
2018-08-08,304.646,False,False
2018-08-09,262.912,False,False
2018-08-10,1755.912,False,False
2018-08-11,3895.796,False,False
2018-08-12,3576.0,False,False
2018-08-13,3111.659,False,False
2018-08-14,2560.77,False,False
2018-08-15,3699.0,False,False
2018-08-16,4643.0,False,False
2018-08-17,4907.0,False,False
2018-08-18,5250.7,False,False
2018-08-19,4981.65,True,True
2018-08-20,4712.6,False,False
2018-08-21,2803.1825,False,False
2018-08-22,1773.29475,False,True
2018-08-23,743.4069999999999,False,False
2018-08-24,467.371,False,False
2018-08-25,679.884,False,False
2018-08-26,696.9,False,False
2018-08-27,860.424,False,False
2018-08-28,444.391,False,False
2018-08-29,396.699,False,False
2018-08-30,427.284,False,False
2018-08-31,586.679,False,False
2018-09-01,696.688,False,False
2018-09-02,618.2,False,False
2018-09-03,400.59,False,False
2018-09-04,301.804,False,False
2018-09-05,259.614,False,False
2018-09-06,253.395,False,False
2018-09-07,279.573,False,False
2018-09-08,276.355,False,False
2018-09-09,214.3,False,False
2018-09-10,232.923,False,False
2018-09-11,219.592,False,False
2018-09-12,294.124,False,False
2018-09-13,237.1,False,False
2018-09-14,256.788,False,False
2018-09-15,258.656,False,False
2018-09-16,240.4,False,False
2018-09-17,267.025,False,False
2018-09-18,315.305,False,False
2018-09-19,279.662,False,False
2018-09-20,222.284,False,False
2018-09-21,214.3,False,False
2018-09-22,241.501,False,False
2018-09-23,192.5,False,False
2018-09-24,186.395,False,False
2018-09-25,1066.71,False,False
2018-09-26,566.153,False,False
2018-09-27,769.38,False,False
2018-09-28,653.701,False,False
2018-09-29,382.518,False,False
2018-09-30,469.1,False,False
2018-10-01,354.205,False,False
2018-10-02,275.0,False,False
2018-10-03,185.82,False,False
2018-10-04,215.161,False,False
2018-10-05,205.559,False,False
2018-10-06,221.457,False,False
2018-10-07,257.5,False,False
2018-10-08,230.138,False,False
2018-10-09,222.375,False,False
2018-10-10,298.758,False,False
2018-10-11,417.888,False,False
2018-10-12,309.797,False,False
2018-10-13,212.013,False,False
2018-10-14,180.5,False,False
2018-10-15,183.21,False,False
2018-10-16,349.741,False,False
2018-10-17,333.491,False,False
2018-10-18,785.4,False,False
2018-10-19,675.7,False,False
2018-10-20,675.716,False,False
2018-10-21,428.5,False,False
2018-10-22,428.535,False,False
2018-10-23,268.357,False,False
2018-10-24,152.0,False,False
2018-10-25,151.966,False,False
2018-10-26,134.6,False,False
2018-10-27,138.6,False,False
2018-10-28,121.9,False,False
2018-10-29,140.4,False,False
2018-10-30,152.5,False,False
2018-10-31,160.3,False,False
2018-11-01,174.908,False,False
2018-11-02,178.677,False,False
2018-11-03,177.068,False,False
2018-11-04,183.5,False,False
2018-11-05,205.931,False,False
2018-11-06,192.5,False,False
2018-11-07,172.962,False,False
2018-11-08,150.332,False,False
2018-11-09,146.048,False,False
2018-11-10,145.296,False,False
2018-11-11,149.3,False,False
2018-11-12,140.235,False,False
2018-11-13,140.146,False,False
2018-11-14,148.985,False,False
2018-11-15,154.876,False,False
2018-11-16,140.096,False,False
2018-11-17,145.277,False,False
2018-11-18,168.8,False,False
2018-11-19,154.581,False,False
2018-11-20,138.102,False,False
2018-11-21,168.8,False,False
2018-11-22,141.534,False,False
2018-11-23,141.3,False,False
2018-11-24,174.815,False,False
2018-11-25,189.4,False,False
2018-11-26,180.271,False,False
2018-11-27,176.969,False,False
2018-11-28,186.5,False,False
2018-11-29,146.567,False,False
2018-11-30,140.468,False,False
2018-12-01,137.526,False,False
2018-12-02,139.0,False,False
2018-12-03,137.693,False,False
2018-12-04,125.242,False,False
2018-12-05,119.613,False,False
2018-12-06,95.314,False,False
2018-12-07,98.28,False,False
2018-12-08,95.278,False,False
2018-12-09,89.96,False,False
2018-12-10,78.689,False,False
2018-12-11,74.737,False,False
2018-12-12,72.643,False,False
2018-12-13,66.994,False,False
2018-12-14,71.278,False,False
2018-12-15,70.111,False,False
2018-12-16,74.7,False,False
2018-12-17,71.773,False,False
2018-12-18,65.118,False,False
2018-12-19,65.06,False,False
2018-12-20,56.346,False,False
2018-12-21,48.056,False,False
2018-12-22,51.427,False,False
2018-12-23,58.72,False,False
2018-12-24,58.037,False,False
2018-12-25,57.03,False,False
2018-12-26,50.506,False,False
2018-12-27,48.537,False,False
2018-12-28,47.376,False,False
2018-12-29,42.347,False,False
2018-12-30,32.39,False,False
2018-12-31,37.164,False,False
2019-01-01,41.696,False,False
2019-01-02,38.066,False,False
2019-01-03,34.976,False,False
2019-01-04,23.032,False,False
2019-01-05,20.337,False,False
2019-01-06,20.0,False,False
2019-01-07,23.699,False,False
2019-01-08,23.728,False,False
2019-01-09,20.501,False,False
2019-01-10,17.009,False,False
2019-01-11,18.373,False,False
2019-01-12,40.173,False,False
2019-01-13,40.0,False,False
2019-01-14,39.042,False,False
2019-01-15,39.0,False,False
2019-01-16,26.986,False,False
2019-01-17,26.244,False,False
2019-01-18,20.663,False,False
2019-01-19,23.463,False,False
2019-01-20,23.0,False,False
2019-01-21,17.022,False,False
2019-01-22,17.781,False,False
2019-01-23,57.444,False,False
2019-01-24,54.174,False,False
2019-01-25,46.561499999999995,False,False
2019-01-26,46.0,False,False
2019-01-27,46.0,False,False
2019-01-28,45.510000000000005,False,False
2019-01-29,32.861999999999995,False,False
2019-01-30,23.984,False,False
2019-01-31,16.963,False,False
2019-02-01,17.965,False,False
2019-02-02,16.233,False,False
2019-02-03,16.0,False,False
2019-02-04,0.079,False,False
2019-02-05,25.636,False,False
2019-02-06,43.529,False,False
2019-02-07,40.962,False,False
2019-02-08,36.745,False,False
2019-02-09,31.331,False,False
2019-02-10,31.0,False,False
2019-02-11,14.225,False,False
2019-02-12,11.54,False,False
2019-02-13,8.36,False,False
2019-02-14,8.579,False,False
2019-02-15,8.823,False,False
2019-02-16,13.896,False,False
2019-02-17,13.9,False,False
2019-02-18,13.768,False,False
2019-02-19,36.234,False,False
2019-02-20,44.817,False,False
2019-02-21,46.776,False,False
2019-02-22,25.875,False,False
2019-02-23,19.427,False,False
2019-02-24,19.4,False,False
2019-02-25,7.796,False,False
2019-02-26,7.75,False,False
2019-02-27,7.685,False,False
2019-02-28,13.313,False,False
2019-03-01,29.187,False,False
2019-03-02,24.516,False,False
2019-03-03,23.19,False,False
2019-03-04,22.317,False,False
2019-03-05,19.19,False,False
2019-03-06,19.412,False,False
2019-03-07,9.962,False,False
2019-03-08,9.186,False,False
2019-03-09,11.473,False,False
2019-03-10,21.97,False,False
2019-03-11,20.959,False,False
2019-03-12,13.308,False,False
2019-03-13,15.192,False,False
2019-03-14,18.423,False,False
2019-03-15,18.172,False,False
2019-03-16,15.101,False,False
2019-03-17,18.43,False,False
2019-03-18,17.256,False,False
2019-03-19,15.222,False,False
2019-03-20,15.041,False,False
2019-03-21,20.218,False,False
2019-03-22,14.871,False,False
2019-03-23,13.493,False,False
2019-03-24,16.19,False,False
2019-03-25,10.007,False,False
2019-03-26,10.087,False,False
2019-03-27,9.316,False,False
2019-03-28,11.646,False,False
2019-03-29,8.312,False,False
2019-03-30,14.505,False,False
2019-03-31,12.02,False,False
2019-04-01,21.998,False,False
2019-04-02,22.649,False,False
2019-04-03,19.251,False,False
2019-04-04,23.423,False,False
2019-04-05,13.392,False,False
2019-04-06,11.136,False,False
2019-04-07,11.0,False,False
2019-04-08,9.194,False,False
2019-04-09,8.523,False,False
2019-04-10,9.022,False,False
2019-04-11,21.099,False,False
2019-04-12,43.21,False,False
2019-04-13,35.078,False,False
2019-04-14,35.0,False,False
2019-04-15,8.931,False,False
2019-04-16,20.908,False,False
2019-04-17,20.0,False,False
2019-04-18,21.654,False,False
2019-04-19,21.0,False,False
2019-04-20,15.791,False,False
2019-04-21,15.0,False,False
2019-04-22,21.179,False,False
2019-04-23,30.764,False,False
2019-04-24,36.285,False,False
2019-04-25,20.746,False,False
2019-04-26,22.796,False,False
2019-04-27,22.503,False,False
2019-04-28,22.5,False,False
2019-04-29,16.629,False,False
2019-04-30,18.334,False,False
2019-05-01,24.006,False,False
2019-05-02,35.617,False,False
2019-05-03,39.453,False,False
2019-05-04,60.484,False,False
2019-05-05,60.0,False,False
2019-05-06,34.189,False,False
2019-05-07,24.414,False,False
2019-05-08,21.858,False,False
2019-05-09,33.21,False,False
2019-05-10,31.677,False,False
2019-05-11,33.882,False,False
2019-05-12,33.0,False,False
2019-05-13,29.805,False,False
2019-05-14,24.229,False,False
2019-05-15,21.514,False,False
2019-05-16,22.367,False,False
2019-05-17,24.465,False,False
2019-05-18,24.0,False,False
2019-05-19,24.0,False,False
2019-05-20,30.969,False,False
2019-05-21,22.409,False,False
2019-05-22,15.258,False,False
2019-05-23,14.509,False,False
2019-05-24,9.886,False,False
2019-05-25,15.304,False,False
2019-05-26,15.0,False,False
2019-05-27,8.973,False,False
2019-05-28,10.692,False,False
2019-05-29,8.024,False,False
2019-05-30,40.477,False,False
2019-05-31,44.401,False,False
2019-06-01,50.413,False,False
2019-06-02,31.79,False,False
2019-06-03,43.6,False,False
2019-06-04,46.918,False,False
2019-06-05,41.18,False,False
2019-06-06,41.999,False,False
2019-06-07,34.315,False,False
2019-06-08,30.556,False,False
2019-06-09,33.155,False,False
2019-06-10,31.063,False,False
2019-06-11,26.047,False,False
2019-06-12,27.459,False,False
2019-06-13,21.69,False,False
2019-06-14,15.791,False,False
2019-06-15,21.189,False,False
2019-06-16,16.53,False,False
2019-06-17,17.869,False,False
2019-06-18,21.606,False,False
2019-06-19,15.188,False,False
2019-06-20,20.553,False,False
2019-06-21,13.475,False,False
2019-06-22,10.927,False,False
2019-06-23,9.412,False,False
2019-06-24,9.228,False,False
2019-06-25,9.835,False,False
2019-06-26,6.738,False,False
2019-06-27,10.072,False,False
2019-06-28,9.027,False,False
2019-06-29,7.815,False,False
2019-06-30,7.212,False,False
2019-07-01,9.192,False,False
2019-07-02,8.99,False,False
2019-07-03,8.183,False,False
2019-07-04,8.767,False,False
2019-07-05,9.546,False,False
2019-07-06,7.504,False,False
2019-07-07,6.0,False,False
2019-07-08,6.687,False,False
2019-07-09,7.231,False,False
2019-07-10,6.798,False,False
2019-07-11,6.532,False,False
2019-07-12,7.067,False,False
2019-07-13,6.569,False,False
2019-07-14,6.0,False,False
2019-07-15,11.859,False,False
2019-07-16,13.188,False,False
2019-07-17,10.298,False,False
2019-07-18,7.732,False,False
2019-07-19,10.885,False,False
2019-07-20,14.038,False,False
2019-07-21,9.0,False,False
2019-07-22,9.368,False,False
2019-07-23,206.144,False,False
2019-07-24,210.366,False,False
2019-07-25,216.496,False,False
2019-07-26,208.462,False,False
2019-07-27,256.325,False,False
2019-07-28,254.756,False,True
2019-07-29,253.187,False,False
2019-07-30,278.5,False,False
2019-07-31,308.727,False,False
2019-08-01,253.74,False,False
2019-08-02,215.305,False,False
2019-08-03,174.189,False,False
2019-08-04,149.9,False,False
2019-08-05,122.814,False,False
2019-08-06,132.159,False,False
2019-08-07,147.778,False,False
2019-08-08,153.541,False,False
2019-08-09,167.319,False,False
2019-08-10,2460.145,False,False
2019-08-11,3271.276,False,False
2019-08-12,6691.7,False,False
2019-08-13,6341.6,False,False
2019-08-14,1173.755,False,False
2019-08-15,1460.0,False,False
2019-08-16,521.779,False,False
2019-08-17,766.138,False,False
2019-08-18,865.776,False,False
2019-08-19,964.568,False,False
2019-08-20,730.102,False,False
2019-08-21,421.563,False,False
2019-08-22,473.599,False,False
2019-08-23,595.362,False,False
2019-08-24,337.474,False,False
2019-08-25,332.197,False,False
2019-08-26,323.019,False,False
2019-08-27,363.971,False,False
2019-08-28,295.475,False,False
2019-08-29,321.364,False,False
2019-08-30,460.73,False,False
2019-08-31,388.072,False,False
2019-09-01,344.25,False,False
2019-09-02,325.92,False,False
2019-09-03,331.214,False,False
2019-09-04,313.48,False,False
2019-09-05,823.846,False,False
2019-09-06,1942.691,False,False
2019-09-07,2338.429,False,False
2019-09-08,2087.713,False,False
2019-09-09,2089.712,False,False
2019-09-10,2171.763,False,False
2019-09-11,2087.518,False,False
2019-09-12,1198.516,False,False
2019-09-13,646.288,False,False
2019-09-14,622.505,False,False
2019-09-15,561.987,False,False
2019-09-16,491.025,False,False
2019-09-17,495.465,False,False
2019-09-18,412.143,False,False
2019-09-19,369.994,False,False
2019-09-20,311.403,False,False
2019-09-21,262.694,False,False
2019-09-22,278.874,False,False
2019-09-23,207.726,False,False
2019-09-24,732.683,False,False
2019-09-25,1176.484,False,False
2019-09-26,764.907,False,False
2019-09-27,814.313,False,False
2019-09-28,452.44,False,False
2019-09-29,320.563,False,False
2019-09-30,251.673,False,False
2019-10-01,215.698,False,False
2019-10-02,208.912,False,False
2019-10-03,314.721,False,False
2019-10-04,656.076,False,False
2019-10-05,406.264,False,False
2019-10-06,329.386,False,False
2019-10-07,301.016,False,False
2019-10-08,496.134,False,False
2019-10-09,659.276,False,False
2019-10-10,417.889,False,False
2019-10-11,416.081,False,False
2019-10-12,305.908,False,False
2019-10-13,241.989,False,False
2019-10-14,236.08,False,False
2019-10-15,211.259,False,False
2019-10-16,231.307,False,False
2019-10-17,765.649,False,False
2019-10-18,836.741,False,False
2019-10-19,526.083,False,False
2019-10-20,459.365,False,False
2019-10-21,431.127,False,False
2019-10-22,541.057,False,False
2019-10-23,852.1,False,False
2019-10-24,1557.514,False,False
2019-10-25,820.557,False,False
2019-10-26,518.204,False,False
2019-10-27,496.85,False,False
2019-10-28,805.113,False,False
2019-10-29,676.026,False,False
2019-10-30,626.159,False,False
2019-10-31,421.393,False,False
2019-11-01,312.93,False,False
2019-11-02,311.113,False,False
2019-11-03,392.198,False,False
2019-11-04,234.411,False,False
2019-11-05,289.485,False,False
2019-11-06,223.442,False,False
2019-11-07,185.147,False,False
2019-11-08,220.998,False,False
2019-11-09,298.136,False,False
2019-11-10,611.311,False,False
2019-11-11,638.413,False,False
2019-11-12,527.889,False,False
2019-11-13,314.648,False,False
2019-11-14,228.577,False,False
2019-11-15,199.223,False,False
2019-11-16,192.234,False,False
2019-11-17,202.389,False,False
2019-11-18,201.546,False,False
2019-11-19,193.678,False,False
2019-11-20,177.941,False,False
2019-11-21,198.57,False,False
2019-11-22,212.108,False,False
2019-11-23,205.155,False,False
2019-11-24,202.649,False,False
2019-11-25,204.121,False,False
2019-11-26,180.521,False,False
2019-11-27,185.656,False,False
2019-11-28,186.647,False,False
2019-11-29,189.965,False,False
2019-11-30,200.131,False,False
2019-12-01,199.526,False,False
2019-12-02,203.262,False,False
2019-12-03,233.552,False,False
2019-12-04,239.536,False,False
2019-12-05,215.368,False,False
2019-12-06,194.69,False,False
2019-12-07,174.812,False,False
2019-12-08,167.6,False,False
2019-12-09,172.718,False,False
2019-12-10,157.632,False,False
2019-12-11,207.605,False,False
2019-12-12,201.975,False,False
2019-12-13,160.012,False,False
2019-12-14,154.448,False,False
2019-12-15,151.285,False,False
2019-12-16,149.388,False,False
2019-12-17,152.03,False,False
2019-12-18,141.073,False,False
2019-12-19,136.886,False,False
2019-12-20,140.617,False,False
2019-12-21,139.521,False,False
2019-12-22,136.316,False,False
2019-12-23,134.302,False,False
2019-12-24,112.704,False,False
2019-12-25,118.096,False,False
2019-12-26,105.691,False,False
2019-12-27,95.914,False,False
2019-12-28,88.934,False,False
2019-12-29,89.637,False,False
2019-12-30,83.778,False,False
2019-12-31,82.752,False,False
2020-01-01,79.469,False,False
2020-01-02,69.06,False,False
2020-01-03,68.29,False,False
2020-01-04,64.855,False,False
2020-01-05,64.14,False,True
2020-01-06,63.425,False,False
2020-01-07,63.693,False,False
2020-01-08,59.426,False,False
2020-01-09,61.236,False,False
2020-01-10,59.936,False,False
2020-01-11,57.518,False,False
2020-01-12,53.543,False,True
2020-01-13,49.568,False,False
2020-01-14,49.667,False,False
2020-01-15,51.0035,False,True
2020-01-16,52.34,False,False
2020-01-17,45.526,False,False
2020-01-18,20.054,False,False
2020-01-19,28.612499999999997,False,True
2020-01-20,37.171,False,False
2020-01-21,57.978,False,False
2020-01-22,54.12745454545455,False,True
2020-01-23,50.27690909090909,False,True
2020-01-24,,False,False
2020-01-25,,False,False
2020-01-26,,False,False
2020-01-27,,False,False
2020-01-28,,False,False
2020-01-29,,False,False
2020-01-30,,False,False
2020-01-31,,False,False
2020-02-01,15.622,False,False
2020-02-02,16.74,False,False
2020-02-03,14.462,False,False
2020-02-04,14.462,False,False
2020-02-05,15.707,False,False
2020-02-06,31.496,False,False
2020-02-07,26.562,False,False
2020-02-08,17.971,False,False
2020-02-09,0.0,False,False
2020-02-10,8.694,False,False
2020-02-11,23.386,False,False
2020-02-12,22.244,False,False
2020-02-13,21.19,False,False
2020-02-14,22.934,False,False
2020-02-15,18.489,False,False
2020-02-16,29.0,False,False
2020-02-17,25.17,False,False
2020-02-18,16.082,False,False
2020-02-19,9.968,False,False
2020-02-20,8.842,False,False
2020-02-21,8.519,False,False
2020-02-22,8.691,False,False
2020-02-23,8.0,False,False
2020-02-24,6.639,False,False
2020-02-25,6.086,False,False
2020-02-26,6.248,False,False
2020-02-27,6.136,False,False
2020-02-28,6.181,False,False
2020-02-29,19.41,False,False
2020-03-01,90.0,False,False
2020-03-02,55.398,False,False
2020-03-03,43.815,False,False
2020-03-04,18.873,False,False
2020-03-05,34.458,False,False
2020-03-06,32.174,False,False
2020-03-07,24.284,False,False
2020-03-08,11.0,False,False
2020-03-09,18.25,False,False
2020-03-10,16.44,False,False
2020-03-11,16.417,False,False
2020-03-12,11.953,False,False
2020-03-13,19.137,False,False
2020-03-14,19.439,False,False
2020-03-15,14.0,False,False
2020-03-16,12.34,False,False
2020-03-17,11.307,False,False
2020-03-18,11.409,False,False
2020-03-19,10.546,False,False
2020-03-20,8.45,False,False
2020-03-21,8.707,False,False
2020-03-22,7.0,False,False
2020-03-23,8.664,False,False
2020-03-24,25.104,False,False
2020-03-25,24.652148148148147,False,True
2020-03-26,24.200296296296294,False,True
2020-03-27,,False,False
2020-03-28,,False,False
2020-03-29,,False,False
2020-03-30,,False,False
2020-03-31,,False,False
2020-04-01,,False,False
2020-04-02,,False,False
2020-04-03,,False,False
2020-04-04,,False,False
2020-04-05,,False,False
2020-04-06,,False,False
2020-04-07,,False,False
2020-04-08,,False,False
2020-04-09,,False,False
2020-04-10,,False,False
2020-04-11,,False,False
2020-04-12,,False,False
2020-04-13,,False,False
2020-04-14,,False,False
2020-04-15,,False,False
2020-04-16,,False,False
2020-04-17,,False,False
2020-04-18,,False,False
2020-04-19,,False,False
2020-04-20,12.904,False,False
2020-04-21,10.37,False,False
2020-04-22,12.51,False,False
2020-04-23,20.164,False,False
2020-04-24,15.508,False,False
2020-04-25,40.951,False,False
2020-04-26,32.0,False,False
2020-04-27,58.812,False,False
2020-04-28,46.161,False,False
2020-04-29,40.539,False,False
2020-04-30,41.577,False,False
2020-05-01,0.0,False,False
2020-05-02,84.06,False,False
2020-05-03,55.0,False,False
2020-05-04,40.21,False,False
2020-05-05,40.86,False,False
2020-05-06,41.1,False,False
2020-05-07,19.0,False,False
2020-05-08,20.18,False,False
2020-05-09,15.94,False,False
2020-05-10,11.0,False,False
2020-05-11,24.7,False,False
2020-05-12,26.15,False,False
2020-05-13,25.42,False,False
2020-05-14,16.18,False,False
2020-05-15,14.63,False,False
2020-05-16,16.21,False,False
2020-05-17,18.0,False,False
2020-05-18,14.87,False,False
2020-05-19,21.59,False,False
2020-05-20,136.2,False,False
2020-05-21,87.83,False,False
2020-05-22,63.26,False,False
2020-05-23,86.86,False,False
2020-05-24,60.0,False,False
2020-05-25,63.0,False,False
2020-05-26,61.21,False,False
2020-05-27,51.2,False,False
2020-05-28,49.63,False,False
2020-05-29,72.74,False,False
2020-05-30,73.17,False,False
2020-05-31,155.0,False,False
2020-06-01,127.906,False,False
2020-06-02,112.736,False,False
2020-06-03,83.468,False,False
2020-06-04,71.165,False,False
2020-06-05,54.809,False,False
2020-06-06,46.55,False,False
2020-06-07,50.0,False,False
2020-06-08,45.256,False,False
2020-06-09,42.478,False,False
2020-06-10,31.934,False,False
2020-06-11,192.007,False,False
2020-06-12,45.287,False,False
2020-06-13,90.207,False,False
2020-06-14,80.0,False,False
2020-06-15,77.074,False,False
2020-06-16,78.464,False,False
2020-06-17,81.496,False,False
2020-06-18,81.206,False,False
2020-06-19,69.351,False,False
2020-06-20,58.335,False,False
2020-06-21,60.0,False,False
2020-06-22,77.226,False,False
2020-06-23,82.311,False,False
2020-06-24,71.563,False,False
2020-06-25,61.591,False,False
2020-06-26,54.329,False,False
2020-06-27,60.76,False,False
2020-06-28,65.0,False,False
2020-06-29,61.66,False,False
2020-06-30,62.112,False,False
2020-07-01,90.134,False,False
2020-07-02,77.713,False,False
2020-07-03,70.424,False,False
2020-07-04,65.153,False,False
2020-07-05,68.0,False,False
2020-07-06,85.699,False,False
2020-07-07,70.179,False,False
2020-07-08,65.358,False,False
2020-07-09,56.274,False,False
2020-07-10,72.025,False,False
2020-07-11,64.681,False,False
2020-07-12,70.0,False,False
2020-07-13,65.571,False,False
2020-07-14,69.209,False,False
2020-07-15,66.294,False,False
2020-07-16,110.908,False,False
2020-07-17,134.844,False,False
2020-07-18,141.304,False,False
2020-07-19,155.0,False,False
2020-07-20,154.462,False,False
2020-07-21,203.416,False,False
2020-07-22,198.075,False,False
2020-07-23,178.433,False,False
2020-07-24,176.486,False,False
2020-07-25,180.533,False,False
2020-07-26,190.0,False,False
2020-07-27,217.08,False,False
2020-07-28,209.78,False,False
2020-07-29,247.191,False,False
2020-07-30,121.351,False,False
2020-07-31,156.084,False,False
2020-08-01,100.0,False,False
2020-08-02,85.0,False,False
2020-08-03,106.653,False,False
2020-08-04,93.193,False,False
2020-08-05,94.582,False,False
2020-08-06,131.693,False,False
2020-08-07,1171.115,False,False
2020-08-08,1446.354,False,False
2020-08-09,3150.0,False,False
2020-08-10,3788.4,False,False
2020-08-11,1637.751,False,False
2020-08-12,450.0,False,False
2020-08-13,730.6,False,False
2020-08-14,757.209,False,False
2020-08-15,435.0,False,False
2020-08-16,420.0,False,False
2020-08-17,450.996,False,False
2020-08-18,293.244,False,False
2020-08-19,685.471,False,False
2020-08-20,1214.018,False,False
2020-08-21,349.665,False,False
2020-08-22,255.0,False,False
2020-08-23,235.0,False,False
2020-08-24,279.683,False,False
2020-08-25,214.187,False,False
2020-08-26,177.741,False,False
2020-08-27,173.977,False,False
2020-08-28,139.79,False,False
2020-08-29,165.839,False,False
2020-08-30,160.0,False,False
2020-08-31,141.155,False,False
2020-09-01,191.401,False,False
2020-09-02,484.228,False,False
2020-09-03,663.355,False,False
2020-09-04,597.74,False,False
2020-09-05,380.81,False,False
2020-09-06,285.0,False,False
2020-09-07,218.719,False,False
2020-09-08,258.352,False,False
2020-09-09,265.752,False,False
2020-09-10,295.421,False,False
2020-09-11,323.504,False,False
2020-09-12,257.019,False,False
2020-09-13,230.0,False,False
2020-09-14,261.633,False,False
2020-09-15,392.389,False,False
2020-09-16,449.557,False,False
2020-09-17,418.715,False,False
2020-09-18,362.458,False,False
2020-09-19,379.991,False,False
2020-09-20,350.0,False,False
2020-09-21,594.699,False,False
2020-09-22,2014.765,False,False
2020-09-23,1830.032,False,False
2020-09-24,1061.623,False,False
2020-09-25,958.115,False,False
2020-09-26,372.41,False,False
2020-09-27,200.0,False,False
2020-09-28,229.564,False,False
2020-09-29,234.897,False,False
2020-09-30,242.22,False,False
2020-10-01,398.66,False,False
2020-10-02,342.91600000000005,False,True
2020-10-03,287.172,False,False
2020-10-04,283.92400000000004,False,True
2020-10-05,280.676,False,True
2020-10-06,277.428,False,False
2020-10-07,213.357,False,False
2020-10-08,407.152,False,False
2020-10-09,569.826,False,False
2020-10-10,641.276,False,False
2020-10-11,320.638,False,True
2020-10-12,0.0,False,False
2020-10-13,510.531,False,False
2020-10-14,458.617,False,False
2020-10-15,0.0,False,False
2020-10-16,339.673,False,False
2020-10-17,259.851,False,False
2020-10-18,353.049,False,True
2020-10-19,446.247,False,False
2020-10-20,539.924,False,False
2020-10-21,422.738,False,False
2020-10-22,526.17,False,False
2020-10-23,554.405,False,False
2020-10-24,586.611,False,False
2020-10-25,512.4165,False,True
2020-10-26,438.222,False,False
2020-10-27,391.562,False,False
2020-10-28,298.179,False,False
2020-10-29,249.85,False,False
2020-10-30,244.9,False,True
2020-10-31,239.95,False,True
2020-11-01,235.0,False,False
2020-11-02,176.588,False,False
2020-11-03,194.345,False,False
2020-11-04,231.852,False,False
2020-11-05,223.108,False,False
2020-11-06,219.797,False,False
2020-11-07,492.633,False,False
2020-11-08,455.0,False,False
2020-11-09,303.074,False,False
2020-11-10,246.392,False,False
2020-11-11,251.261,False,False
2020-11-12,211.988,False,False
2020-11-13,211.138,False,False
2020-11-14,205.0,False,False
2020-11-15,240.0,False,False
2020-11-16,289.6,False,False
2020-11-17,311.564,False,False
2020-11-18,380.946,False,False
2020-11-19,337.251,False,False
2020-11-20,271.899,False,False
2020-11-21,241.139,False,False
2020-11-22,225.0,False,False
2020-11-23,212.582,False,False
2020-11-24,194.274,False,False
2020-11-25,197.651,False,False
2020-11-26,202.731,False,False
2020-11-27,212.158,False,False
2020-11-28,245.539,False,False
2020-11-29,220.0,False,False
2020-11-30,190.0,False,False
2020-12-01,187.677,False,False
2020-12-02,181.853,False,False
2020-12-03,176.06,False,False
2020-12-04,169.813,False,False
2020-12-05,201.116,False,False
2020-12-06,214.41950000000003,False,True
2020-12-07,227.723,False,False
2020-12-08,233.16,False,False
2020-12-09,243.439,False,False
2020-12-10,251.706,False,False
2020-12-11,262.468,False,False
2020-12-12,178.532,False,False
2020-12-13,154.4545,False,True
2020-12-14,130.377,False,False
2020-12-15,124.587,False,False
2020-12-16,106.093,False,False
2020-12-17,110.64,False,False
2020-12-18,90.391,False,False
2020-12-19,82.858,False,False
2020-12-20,85.2065,False,True
2020-12-21,87.555,False,False
2020-12-22,69.239,False,False
2020-12-23,58.29,False,False
2020-12-24,74.41,False,False
2020-12-25,69.03649999999999,False,True
2020-12-26,63.663,False,False
2020-12-27,60.0175,False,True
2020-12-28,56.372,False,False
2020-12-29,58.936,False,False
2020-12-30,63.293,False,False
2020-12-31,57.44,False,False
2021-01-01,80.396,False,False
2021-01-02,81.244,False,False
2021-01-03,80.0,False,False
2021-01-04,72.281,False,False
2021-01-05,61.61,False,False
2021-01-06,58.391,False,False
2021-01-07,57.857,False,False
2021-01-08,57.807,False,False
2021-01-09,101.912,False,False
2021-01-10,100.0,False,False
2021-01-11,75.251,False,False
2021-01-12,57.558,False,False
2021-01-13,62.336,False,False
2021-01-14,60.0,False,False
2021-01-15,72.785,False,False
2021-01-16,63.442,False,False
2021-01-17,45.0,False,False
2021-01-18,43.181,False,False
2021-01-19,40.659,False,False
2021-01-20,52.553,False,False
2021-01-21,48.216,False,False
2021-01-22,63.932,False,False
2021-01-23,59.437,False,False
2021-01-24,60.0,False,False
2021-01-25,48.608,False,False
2021-01-26,45.0,False,False
2021-01-27,49.882,False,False
2021-01-28,46.99,False,False
2021-01-29,51.819,False,False
2021-01-30,49.853,False,False
2021-01-31,45.0,False,False
2021-02-01,44.192,False,False
2021-02-02,38.93,False,False
2021-02-03,36.885,False,False
2021-02-04,202.261,False,False
2021-02-05,23.119,False,False
2021-02-06,32.174,False,False
2021-02-07,25.863500000000002,False,True
2021-02-08,19.553,False,False
2021-02-09,17.157,False,False
2021-02-10,17.085,False,False
2021-02-11,13.464,False,False
2021-02-12,0.859,False,False
2021-02-13,10.151,False,False
2021-02-14,10.256,False,True
2021-02-15,10.361,False,False
2021-02-16,9.868,False,False
2021-02-17,28.598,False,False
2021-02-18,7.001,False,False
2021-02-19,7.28,False,False
2021-02-20,6.646,False,False
2021-02-21,6.878,False,True
2021-02-22,7.11,False,False
2021-02-23,59.169,False,False
2021-02-24,230.102,False,False
2021-02-25,32.048,False,False
2021-02-26,56.804,False,False
2021-02-27,41.235,False,False
2021-02-28,37.7365,False,True
2021-03-01,34.238,False,False
2021-03-02,29.838,False,False
2021-03-03,27.446,False,False
2021-03-04,22.188,False,False
2021-03-05,20.137,False,False
2021-03-06,16.82,False,False
2021-03-07,15.684000000000001,False,True
2021-03-08,14.548,False,False
2021-03-09,14.455,False,False
2021-03-10,13.951,False,False
2021-03-11,12.325,False,False
2021-03-12,8.471,False,False
2021-03-13,7.45,False,False
2021-03-14,42.0415,False,True
2021-03-15,76.633,False,False
2021-03-16,5.891,False,False
2021-03-17,0.0,False,False
2021-03-18,5.513,False,False
2021-03-19,10.133,False,False
2021-03-20,9.361,False,False
2021-03-21,18.1115,False,True
2021-03-22,26.862,False,False
2021-03-23,27.481,False,False
2021-03-24,24.5465,False,True
2021-03-25,21.612,False,False
2021-03-26,16.627,False,False
2021-03-27,15.328,False,False
2021-03-28,17.2795,False,True
2021-03-29,19.231,False,False
2021-03-30,14.44,False,False
2021-03-31,182.521,False,False
2021-04-01,32.01,False,False
2021-04-02,42.0,False,False
2021-04-03,27.21,False,False
2021-04-04,19.0,False,False
2021-04-05,17.26,False,False
2021-04-06,12.0,False,False
2021-04-07,11.45,False,False
2021-04-08,15.42,False,False
2021-04-09,14.07,False,False
2021-04-10,11.16,False,False
2021-04-11,9.0,False,False
2021-04-12,8.163,False,False
2021-04-13,7.278,False,False
2021-04-14,7.0,False,False
2021-04-15,8.38,False,False
2021-04-16,11.11,False,False
2021-04-17,9.843,False,False
2021-04-18,50.0,False,False
2021-04-19,54.09,False,False
2021-04-20,42.67,False,False
2021-04-21,40.58,False,False
2021-04-22,42.67,False,False
2021-04-23,48.08,False,False
2021-04-24,46.81,False,False
2021-04-25,75.0,False,False
2021-04-26,90.28,False,False
2021-04-27,77.56,False,False
2021-04-28,51.17,False,False
2021-04-29,40.58,False,False
2021-04-30,41.32,False,False
2021-05-01,23.67,False,False
2021-05-02,27.0,False,False
2021-05-03,27.82,False,False
2021-05-04,2.769,False,False
2021-05-05,38.85,False,False
2021-05-06,32.01,False,False
2021-05-07,27.77,False,False
2021-05-08,29.84,False,False
2021-05-09,19.0,False,False
2021-05-10,10.65,False,False
2021-05-11,11.84,False,False
2021-05-12,10.59,False,False
2021-05-13,13.68,False,False
2021-05-14,38.0,False,False
2021-05-15,62.2,False,False
2021-05-16,70.0,False,False
2021-05-17,62.2,False,False
2021-05-18,51.88,False,False
2021-05-19,73.75,False,False
2021-05-20,61.52,False,False
2021-05-21,56.9,False,False
2021-05-22,68.75,False,False
2021-05-23,53.87,False,False
2021-05-24,57.4,False,False
2021-05-25,51.88,False,False
2021-05-26,48.0,False,False
2021-05-27,46.81,False,False
2021-05-28,72.87,False,False
2021-05-29,63.17,False,False
2021-05-30,45.0,False,False
2021-05-31,36.8,False,False
2021-06-01,24.36,False,False
2021-06-02,24.467,False,False
2021-06-03,24.129,False,False
2021-06-04,17.055,False,False
2021-06-05,14.209,False,False
2021-06-06,15.0,False,False
2021-06-07,58.23,False,False
2021-06-08,73.205,False,False
2021-06-09,57.609,False,False
2021-06-10,51.664,False,False
2021-06-11,46.862,False,False
2021-06-12,47.946,False,False
2021-06-13,45.0,False,False
2021-06-14,47.2,False,False
2021-06-15,41.858,False,False
2021-06-16,48.215,False,False
2021-06-17,47.969,False,False
2021-06-18,46.286,False,False
2021-06-19,51.312,False,False
2021-06-20,48.0,False,False
2021-06-21,49.471,False,False
2021-06-22,85.82,False,False
2021-06-23,231.228,False,False
2021-06-24,216.647,False,False
2021-06-25,226.527,False,False
2021-06-26,121.616,False,False
2021-06-27,205.0,False,False
2021-06-28,232.722,False,False
2021-06-29,196.362,False,False
2021-06-30,182.16,False,False
2021-07-01,78.764,False,False
2021-07-02,43.557,False,False
2021-07-03,39.524,False,False
2021-07-04,55.0,False,False
2021-07-05,60.459,False,False
2021-07-06,97.033,False,False
2021-07-07,149.096,False,False
2021-07-08,177.378,False,False
2021-07-09,110.184,False,False
2021-07-10,92.781,False,False
2021-07-11,80.0,False,False
2021-07-12,81.493,False,False
2021-07-13,87.705,False,False
2021-07-14,78.361,False,False
2021-07-15,83.335,False,False
2021-07-16,73.42,False,False
2021-07-17,123.33,False,False
2021-07-18,310.0,False,False
2021-07-19,490.4,False,False
2021-07-20,448.7,False,False
2021-07-21,390.0,False,False
2021-07-22,286.238,False,False
2021-07-23,227.621,False,False
2021-07-24,244.152,False,False
2021-07-25,900.0,False,False
2021-07-26,991.738,False,False
2021-07-27,917.514,False,False
2021-07-28,927.279,False,False
2021-07-29,759.892,False,False
2021-07-30,636.367,False,False
2021-07-31,498.522,False,False
2021-08-01,265.0,False,False
2021-08-02,225.33,False,False
2021-08-03,226.372,False,False
2021-08-04,167.564,False,False
2021-08-05,106.528,False,False
2021-08-06,98.584,False,False
2021-08-07,96.86,False,False
2021-08-08,125.0,False,False
2021-08-09,202.215,False,False
2021-08-10,382.515,False,False
2021-08-11,297.322,False,False
2021-08-12,296.877,False,False
2021-08-13,257.728,False,False
2021-08-14,182.778,False,False
2021-08-15,165.0,False,False
2021-08-16,171.266,False,False
2021-08-17,152.243,False,False
2021-08-18,124.15,False,False
2021-08-19,179.774,False,False
2021-08-20,200.0,False,False
2021-08-21,203.503,False,False
2021-08-22,305.0,False,False
2021-08-23,366.55,False,False
2021-08-24,263.401,False,False
2021-08-25,204.218,False,False
2021-08-26,195.704,False,False
2021-08-27,318.715,False,False
2021-08-28,367.601,False,False
2021-08-29,445.0,False,False
2021-08-30,421.242,False,False
2021-08-31,416.161,False,False
2021-09-01,417.362,False,False
2021-09-02,406.366,False,False
2021-09-03,415.706,False,False
2021-09-04,579.817,False,False
2021-09-05,620.0,False,False
2021-09-06,512.847,False,False
2021-09-07,443.805,False,False
2021-09-08,372.649,False,False
2021-09-09,337.365,False,False
2021-09-10,325.0,False,False
2021-09-11,325.816,False,False
2021-09-12,320.0,False,False
2021-09-13,311.487,False,False
2021-09-14,329.435,False,False
2021-09-15,322.954,False,False
2021-09-16,533.692,False,False
2021-09-17,486.162,False,False
2021-09-18,407.032,False,False
2021-09-19,360.0,False,False
2021-09-20,329.157,False,False
2021-09-21,344.509,False,False
2021-09-22,307.415,False,False
2021-09-23,259.175,False,False
2021-09-24,257.821,False,False
2021-09-25,243.825,False,False
2021-09-26,145.0,False,False
2021-09-27,287.565,False,False
2021-09-28,327.306,False,False
2021-09-29,308.857,False,False
2021-09-30,285.589,False,False
2021-10-01,278.343,False,False
2021-10-02,375.0,False,False
2021-10-03,400.0,False,False
2021-10-04,370.338,False,False
2021-10-05,335.751,False,False
2021-10-06,348.896,False,False
2021-10-07,418.967,False,False
2021-10-08,494.134,False,False
2021-10-09,409.53,False,False
2021-10-10,425.0,False,False
2021-10-11,454.507,False,False
2021-10-12,708.465,False,False
2021-10-13,713.846,False,False
2021-10-14,510.0,False,False
2021-10-15,360.0,False,False
2021-10-16,410.552,False,False
2021-10-17,400.0,False,False
2021-10-18,449.658,False,False
2021-10-19,425.0,False,False
2021-10-20,277.791,False,False
2021-10-21,295.926,False,False
2021-10-22,1077.212,False,False
2021-10-23,758.793,False,False
2021-10-24,620.0,False,False
2021-10-25,609.513,False,False
2021-10-26,1161.526,False,False
2021-10-27,935.915,False,False
2021-10-28,941.347,False,False
2021-10-29,544.109,False,False
2021-10-30,417.214,False,False
2021-10-31,360.0,False,False
2021-11-01,274.281,False,False
2021-11-02,360.986,False,False
2021-11-03,358.316,False,False
2021-11-04,335.0,False,False
2021-11-05,323.92,False,False
2021-11-06,855.755,False,False
2021-11-07,810.0,False,False
2021-11-08,662.389,False,False
2021-11-09,617.489,False,False
2021-11-10,537.181,False,False
2021-11-11,552.164,False,False
2021-11-12,414.299,False,False
2021-11-13,620.676,False,False
2021-11-14,960.0,False,False
2021-11-15,1277.843,False,False
2021-11-16,1139.434,False,False
2021-11-17,1265.2,False,False
2021-11-18,1191.461,False,False
2021-11-19,1550.0,False,False
2021-11-20,1769.679,False,False
2021-11-21,1620.0,False,False
2021-11-22,1029.229,False,False
2021-11-23,848.434,False,False
2021-11-24,716.241,False,False
2021-11-25,725.457,False,False
2021-11-26,613.721,False,False
2021-11-27,606.62,False,False
2021-11-28,630.0,False,False
2021-11-29,569.419,False,False
2021-11-30,450.608,False,False
2021-12-01,321.55,False,False
2021-12-02,322.214,False,False
2021-12-03,371.336,False,False
2021-12-04,439.611,False,False
2021-12-05,545.0,False,False
2021-12-06,623.775,False,False
2021-12-07,508.015,False,False
2021-12-08,457.371,False,False
2021-12-09,383.976,False,False
2021-12-10,392.097,False,False
2021-12-11,386.696,False,False
2021-12-12,415.0,False,False
2021-12-13,365.456,False,False
2021-12-14,222.305,False,False
2021-12-15,316.842,False,False
2021-12-16,211.133,False,False
2021-12-17,233.62,False,False
2021-12-18,226.6,False,False
2021-12-19,240.0,False,False
2021-12-20,171.095,False,False
2021-12-21,159.519,False,False
2021-12-22,134.348,False,False
2021-12-23,153.657,False,False
2021-12-24,146.544,False,False
2021-12-25,210.0,False,False
2021-12-26,145.0,False,False
2021-12-27,140.297,False,False
2021-12-28,135.692,False,False
2021-12-29,127.309,False,False
2021-12-30,138.184,False,False
2021-12-31,134.774,False,False
2022-01-01,134.433,False,False
2022-01-02,110.0,False,False
2022-01-03,130.527,False,False
2022-01-04,117.805,False,False
2022-01-05,124.398,False,False
2022-01-06,98.673,False,False
2022-01-07,93.794,False,False
2022-01-08,77.689,False,False
2022-01-09,80.0,False,False
2022-01-10,81.661,False,False
2022-01-11,75.435,False,False
2022-01-12,74.508,False,False
2022-01-13,73.885,False,False
2022-01-14,65.0,False,False
2022-01-15,66.01,False,False
2022-01-16,55.0,False,False
2022-01-17,49.17,False,False
2022-01-18,44.142,False,False
2022-01-19,42.9185,False,True
2022-01-20,41.695,False,False
2022-01-21,47.603,False,False
2022-01-22,42.213,False,False
2022-01-23,40.0,False,False
2022-01-24,52.384,False,False
2022-01-25,57.758,False,False
2022-01-26,43.0,False,False
2022-01-27,49.904,False,False
2022-01-28,46.756,False,False
2022-01-29,45.329,False,False
2022-01-30,45.0,False,False
2022-01-31,44.389,False,False
2022-02-01,51.863,False,False
2022-02-02,56.139,False,False
2022-02-03,46.179,False,False
2022-02-04,47.194,False,False
2022-02-05,56.803,False,False
2022-02-06,47.0,False,False
2022-02-07,43.715,False,False
2022-02-08,32.547,False,False
2022-02-09,33.434,False,False
2022-02-10,23.855,False,False
2022-02-11,24.069,False,False
2022-02-12,30.641,False,False
2022-02-13,20.0,False,False
2022-02-14,24.193,False,False
2022-02-15,16.563,False,False
2022-02-16,17.217,False,False
2022-02-17,23.413,False,False
2022-02-18,18.301,False,False
2022-02-19,27.578,False,False
2022-02-20,28.0,False,False
2022-02-21,29.184,False,False
2022-02-22,40.4,False,False
2022-02-23,72.691,False,False
2022-02-24,57.892,False,False
2022-02-25,71.369,False,False
2022-02-26,34.009,False,False
2022-02-27,43.0,False,False
2022-02-28,47.663,False,False
2022-03-01,38.917,False,False
2022-03-02,49.816,False,False
2022-03-03,46.327,False,False
2022-03-04,49.694,False,False
2022-03-05,48.861,False,False
2022-03-06,50.0,False,False
2022-03-07,49.718,False,False
2022-03-08,49.27,False,False
2022-03-09,44.627,False,False
2022-03-10,46.851,False,False
2022-03-11,45.771,False,False
2022-03-12,46.609,False,False
2022-03-13,41.0,False,False
2022-03-14,36.727,False,False
2022-03-15,25.178,False,False
2022-03-16,29.217,False,False
2022-03-17,54.419,False,False
2022-03-18,56.683,False,False
2022-03-19,57.01,False,False
2022-03-20,54.0,False,False
2022-03-21,56.238,False,False
2022-03-22,91.119,False,False
2022-03-23,61.31,False,False
2022-03-24,82.02,False,False
2022-03-25,74.38,False,False
2022-03-26,78.37,False,False
2022-03-27,80.0,False,False
2022-03-28,74.94,False,False
2022-03-29,78.46,False,False
2022-03-30,73.11,False,False
2022-03-31,71.21,False,False
2022-04-01,71.44,False,False
2022-04-02,77.39,False,False
2022-04-03,70.0,False,False
2022-04-04,56.339,False,False
2022-04-05,62.35,False,False
2022-04-06,52.587,False,False
2022-04-07,31.077,False,False
2022-04-08,19.786,False,False
2022-04-09,52.208,False,False
2022-04-10,38.0,False,False
2022-04-11,52.651,False,False
2022-04-12,64.4,False,False
2022-04-13,55.89,False,False
2022-04-14,49.0,False,False
2022-04-15,67.58500000000001,False,True
2022-04-16,86.17,False,False
2022-04-17,85.0,False,False
2022-04-18,90.31,False,False
2022-04-19,120.07,False,False
2022-04-20,106.63,False,False
2022-04-21,114.96,False,False
2022-04-22,102.83,False,False
2022-04-23,60.58,False,False
2022-04-24,70.0,False,False
2022-04-25,62.67,False,False
2022-04-26,70.42,False,False
2022-04-27,64.02,False,False
2022-04-28,53.03,False,False
2022-04-29,52.4,False,False
2022-04-30,51.11,False,False
2022-05-01,50.0,False,False
2022-05-02,105.16,False,False
2022-05-03,195.0,False,False
2022-05-04,151.81,False,False
2022-05-05,119.44,False,False
2022-05-06,147.73,False,False
2022-05-07,151.25,False,False
2022-05-08,105.0,False,False
2022-05-09,104.66,False,False
2022-05-10,103.61,False,False
2022-05-11,130.31,False,False
2022-05-12,159.4,False,False
2022-05-13,132.24,False,False
2022-05-14,128.39,False,False
2022-05-15,210.0,False,False
2022-05-16,155.0,False,False
2022-05-17,142.69,False,False
2022-05-18,815.19,False,False
2022-05-19,617.4,False,False
2022-05-20,1273.58,False,False
2022-05-21,763.5,False,False
2022-05-22,430.0,False,False
2022-05-23,304.41,False,False
2022-05-24,252.81,False,False
2022-05-25,267.47,False,False
2022-05-26,178.16,False,False
2022-05-27,163.5,False,False
2022-05-28,125.8,False,False
2022-05-29,100.0,False,False
2022-05-30,111.4,False,False
2022-05-31,90.76,False,False
2022-06-01,85.2,False,False
2022-06-02,140.4,False,False
2022-06-03,119.9,False,False
2022-06-04,126.8,False,False
2022-06-05,117.3,False,False
2022-06-06,207.9,False,False
2022-06-07,569.5,False,False
2022-06-08,368.6,False,False
2022-06-09,235.5,False,False
2022-06-10,218.8,False,False
2022-06-11,171.1,False,False
2022-06-12,137.6,False,False
2022-06-13,111.4,False,False
2022-06-14,93.29,False,False
2022-06-15,90.12,False,False
2022-06-16,129.2,False,False
2022-06-17,149.9,False,False
2022-06-18,348.4,False,False
2022-06-19,299.3,False,False
2022-06-20,192.0,False,False
2022-06-21,271.9,False,False
2022-06-22,178.3,False,False
2022-06-23,138.9,False,False
2022-06-24,182.6,False,False
2022-06-25,129.2,False,False
2022-06-26,124.8,False,False
2022-06-27,101.3,False,False
2022-06-28,154.9,False,False
2022-06-29,106.0,False,False
2022-06-30,88.94,False,False
2022-07-01,87.64,False,False
2022-07-02,75.52,False,False
2022-07-03,93.92,False,False
2022-07-04,89.24,False,False
2022-07-05,82.77,False,False
2022-07-06,85.46,False,False
2022-07-07,84.09,False,False
2022-07-08,108.2,False,False
2022-07-09,114.6,False,False
2022-07-10,165.0,False,False
2022-07-11,597.7,False,False
2022-07-12,2657.0,False,False
2022-07-13,2723.0,False,False
2022-07-14,2086.0,False,False
2022-07-15,3072.0,False,False
2022-07-16,3171.0,False,False
2022-07-17,3215.0,False,False
2022-07-18,3208.0,False,False
2022-07-19,2684.0,False,False
2022-07-20,2223.0,False,False
2022-07-21,1325.0,False,False
2022-07-22,1129.0,False,False
2022-07-23,880.2,False,False
2022-07-24,926.3,False,False
2022-07-25,648.2,False,False
2022-07-26,548.2,False,False
2022-07-27,460.6,False,False
2022-07-28,565.6,False,False
2022-07-29,588.7,False,False
2022-07-30,521.8,False,False
2022-07-31,786.1,False,False
2022-08-01,1253.0,False,False
2022-08-02,1524.0,False,False
2022-08-03,3539.0,False,False
2022-08-04,4804.0,False,False
2022-08-05,4879.0,False,False
2022-08-06,4167.0,False,False
2022-08-07,3821.0,False,False
2022-08-08,4159.0,False,False
2022-08-09,3855.0,False,False
2022-08-10,3867.0,False,False
2022-08-11,4159.0,False,False
2022-08-12,2499.0,False,False
2022-08-13,2212.0,False,False
2022-08-14,2522.0,False,False
2022-08-15,1912.0,False,False
2022-08-16,1023.0,False,False
2022-08-17,522.8,False,False
2022-08-18,551.5,False,False
2022-08-19,398.8,False,False
2022-08-20,381.8,False,False
2022-08-21,325.6,False,False
2022-08-22,307.9,False,False
2022-08-23,417.2,False,False
2022-08-24,349.6,False,False
2022-08-25,557.0,False,False
2022-08-26,1379.0,False,False
2022-08-27,1951.0,False,False
2022-08-28,3173.0,False,False
2022-08-29,3208.0,False,False
2022-08-30,3913.0,False,False
2022-08-31,3556.0,False,False
2022-09-01,1924.0,False,False
2022-09-02,1456.0,False,False
2022-09-03,1510.0,False,False
2022-09-04,1600.0,False,False
2022-09-05,1632.0,False,False
2022-09-06,3220.0,False,False
2022-09-07,3330.0,False,False
2022-09-08,2933.0,False,False
2022-09-09,1826.0,False,False
2022-09-10,1632.0,False,False
2022-09-11,1435.0,False,False
2022-09-12,1018.0,False,False
2022-09-13,1093.0,False,False
2022-09-14,1619.0,False,False
2022-09-15,1478.0,False,False
2022-09-16,1084.0,False,False
2022-09-17,914.0,False,False
2022-09-18,758.1,False,False
2022-09-19,759.4,False,False
2022-09-20,666.1,False,False
2022-09-21,503.4,False,False
2022-09-22,453.8,False,False
2022-09-23,393.7,False,False
2022-09-24,312.9,False,False
2022-09-25,277.5,False,False
2022-09-26,301.2,False,False
2022-09-27,350.5,False,False
2022-09-28,346.0,False,False
2022-09-29,317.0,False,False
2022-09-30,287.3,False,False
2022-10-01,294.8,False,False
2022-10-02,376.05,False,False
2022-10-03,469.6,False,False
2022-10-04,476.1,False,False
2022-10-05,489.7,False,False
2022-10-06,431.4,False,False
2022-10-07,438.2,False,False
2022-10-08,412.1,False,False
2022-10-09,329.4,False,False
2022-10-10,319.8,False,False
2022-10-11,938.3,False,False
2022-10-12,696.8,False,False
2022-10-13,1360.0,False,False
2022-10-14,1366.0,False,False
2022-10-15,2252.0,False,False
2022-10-16,4754.0,False,False
2022-10-17,4587.0,False,False
2022-10-18,2997.0,False,False
2022-10-19,2020.0,False,False
2022-10-20,2076.0,False,False
2022-10-21,3065.0,False,False
2022-10-22,2213.0,False,False
2022-10-23,2159.0,False,False
2022-10-24,1600.0,False,False
2022-10-25,902.3,False,False
2022-10-26,619.6,False,False
2022-10-27,584.1,False,False
2022-10-28,479.3,False,False
2022-10-29,427.4,False,False
2022-10-30,427.5,False,False
2022-10-31,440.3,False,False
2022-11-01,536.4,False,False
2022-11-02,559.6,False,False
2022-11-03,759.1,False,False
2022-11-04,588.9,False,False
2022-11-05,505.2,False,False
2022-11-06,471.5,False,False
2022-11-07,403.6,False,False
2022-11-08,409.8,False,False
2022-11-09,419.1,False,False
2022-11-10,382.4,False,False
2022-11-11,375.5,False,False
2022-11-12,447.6,False,False
2022-11-13,570.2,False,False
2022-11-14,667.9,False,False
2022-11-15,566.4,False,False
2022-11-16,444.5,False,False
2022-11-17,375.7,False,False
2022-11-18,389.9,False,False
2022-11-19,335.1,False,False
2022-11-20,345.0,False,False
2022-11-21,321.4,False,False
2022-11-22,327.1,False,False
2022-11-23,330.3,False,False
2022-11-24,360.55,False,True
2022-11-25,390.8,False,False
2022-11-26,511.4,False,False
2022-11-27,385.3,False,False
2022-11-28,361.9,False,False
2022-11-29,359.4,False,False
2022-11-30,318.7,False,False
2022-12-01,367.6,False,False
2022-12-02,300.7,False,False
2022-12-03,297.3,False,False
2022-12-04,295.6,False,False
2022-12-05,257.4,False,False
2022-12-06,248.5,False,False
2022-12-07,271.1,False,False
2022-12-08,372.3,False,False
2022-12-09,319.7,False,False
2022-12-10,249.0,False,False
2022-12-11,284.7,False,False
2022-12-12,367.5,False,False
2022-12-13,498.6,False,False
2022-12-14,484.5,False,False
2022-12-15,428.1,False,False
2022-12-16,325.3,False,False
2022-12-17,307.5,False,False
2022-12-18,288.3,False,False
2022-12-19,213.6,False,False
2022-12-20,236.8,False,False
2022-12-21,214.2,False,False
2022-12-22,195.8,False,False
2022-12-23,158.5,False,False
2022-12-24,198.4,False,False
2022-12-25,170.8,False,False
2022-12-26,147.3,False,False
2022-12-27,150.4,False,False
2022-12-28,148.1,False,False
2022-12-29,152.4,False,False
2022-12-30,137.8,False,False
2022-12-31,159.7,False,False
2023-01-01,157.1,False,False
2023-01-02,141.1,False,False
2023-01-03,139.4,False,False
2023-01-04,112.2,False,False
2023-01-05,114.4,False,False
2023-01-06,112.8,False,False
2023-01-07,104.6,False,False
2023-01-08,83.94,False,False
2023-01-09,76.13,False,False
2023-01-10,71.26,False,False
2023-01-11,73.18,False,False
2023-01-12,60.54,False,False
2023-01-13,73.39,False,False
2023-01-14,61.79,False,False
2023-01-15,48.29,False,False
2023-01-16,59.66,False,False
2023-01-17,47.21,False,False
2023-01-18,58.09,False,False
2023-01-19,39.95,False,False
2023-01-20,44.27,False,False
2023-01-21,41.35,False,False
2023-01-22,46.78,False,False
2023-01-23,54.67,False,False
2023-01-24,69.88,False,False
2023-01-25,67.7,False,False
2023-01-26,79.91,False,False
2023-01-27,82.03,False,False
2023-01-28,86.6,False,False
2023-01-29,88.07,False,False
2023-01-30,63.77,False,False
2023-01-31,68.7,False,False
2023-02-01,111.8,False,False
2023-02-02,87.23,False,False
2023-02-03,63.23,False,False
2023-02-04,93.72,False,False
2023-02-05,88.07,False,False
2023-02-06,72.16,False,False
2023-02-07,54.99,False,False
2023-02-08,60.9,False,False
2023-02-09,47.98,False,False
2023-02-10,45.78,False,False
2023-02-11,43.42,False,False
2023-02-12,48.29,False,False
2023-02-13,44.25,False,False
2023-02-14,30.53,False,False
2023-02-15,29.68,False,False
2023-02-16,28.95,False,False
2023-02-17,24.545,False,False
2023-02-18,53.18,False,False
2023-02-19,38.23,False,False
2023-02-20,10.27,False,False
2023-02-21,38.42,False,False
2023-02-22,48.64,False,False
2023-02-23,37.87,False,False
2023-02-24,42.31,False,False
2023-02-25,34.89,False,False
2023-02-26,38.23,False,False
2023-02-27,45.56,False,False
2023-02-28,56.69,False,False
2023-03-01,38.73,False,False
2023-03-02,52.35,False,False
2023-03-03,41.97,False,False
2023-03-04,61.32,False,False
2023-03-05,45.29,False,False
2023-03-06,51.02,False,False
2023-03-07,38.35,False,False
2023-03-08,39.32,False,False
2023-03-09,38.35,False,False
2023-03-10,45.16,False,False
2023-03-11,36.83,False,False
2023-03-12,36.89,False,False
2023-03-13,45.52,False,False
2023-03-14,37.97,False,False
2023-03-15,41.08,False,False
2023-03-16,41.64,False,False
2023-03-17,55.22,False,False
2023-03-18,52.91,False,False
2023-03-19,56.23,False,False
2023-03-20,47.36,False,False
2023-03-21,69.0,False,False
2023-03-22,43.05,False,False
2023-03-23,41.21,False,False
2023-03-24,56.23,False,False
2023-03-25,38.15,False,False
2023-03-26,36.89,False,False
2023-03-27,28.96,False,False
2023-03-28,30.03,False,False
2023-03-29,59.85,False,False
2023-03-30,51.63,False,False
2023-03-31,62.51,False,False
2023-04-01,77.57,False,False
2023-04-02,70.28,False,False
2023-04-03,64.61,False,False
2023-04-04,45.144999999999996,False,False
2023-04-05,73.08,False,False
2023-04-06,60.91,False,False
2023-04-07,78.965,False,False
2023-04-08,56.01,False,False
2023-04-09,42.39,False,False
2023-04-10,40.97,False,False
2023-04-11,42.98,False,False
2023-04-12,39.12,False,False
2023-04-13,28.53,False,False
2023-04-14,20.79,False,False
2023-04-15,27.35,False,False
2023-04-16,24.9,False,False
2023-04-17,24.53,False,False
2023-04-18,19.59,False,False
2023-04-19,10.39,False,False
2023-04-20,11.15,False,False
2023-04-21,8.14,False,False
2023-04-22,7.616,False,False
2023-04-23,6.509,False,False
2023-04-24,8.11,False,False
2023-04-25,8.07,False,False
2023-04-26,13.2,False,False
2023-04-27,12.74,False,False
2023-04-28,10.22,False,False
2023-04-29,23.0,False,False
2023-04-30,30.59,False,False
2023-05-01,25.83,False,False
2023-05-02,106.38,False,False
2023-05-03,104.31,False,False
2023-05-04,216.76,False,False
2023-05-05,168.7,False,False
2023-05-06,98.79,False,False
2023-05-07,168.7,False,False
2023-05-08,92.5,False,False
2023-05-09,124.27,False,False
2023-05-10,128.4,False,False
2023-05-11,176.944,False,False
2023-05-12,149.41,False,False
2023-05-13,115.8,False,False
2023-05-14,101.1,False,False
2023-05-15,85.62,False,False
2023-05-16,60.56,False,False
2023-05-17,53.59,False,False
2023-05-18,33.55,False,False
2023-05-19,42.67,False,False
2023-05-20,35.46,False,False
2023-05-21,25.99,False,False
2023-05-22,32.2,False,False
2023-05-23,28.32,False,False
2023-05-24,42.13,False,False
2023-05-25,93.9,False,False
2023-05-26,65.04,False,False
2023-05-27,78.12,False,False
2023-05-28,68.44,False,False
2023-05-29,60.06,False,False
2023-05-30,57.06,False,False
2023-05-31,45.7,False,False
2023-06-01,40.37,False,False
2023-06-02,66.86,False,False
2023-06-03,82.32,False,False
2023-06-04,65.0,False,False
2023-06-05,49.45,False,False
2023-06-06,40.75,False,False
2023-06-07,35.29,False,False
2023-06-08,33.94,False,False
2023-06-09,43.82,False,False
2023-06-10,31.62,False,False
2023-06-11,28.0,False,False
2023-06-12,22.4,False,False
2023-06-13,23.84,False,False
2023-06-14,19.4,False,False
2023-06-15,23.57,False,False
2023-06-16,25.05,False,False
2023-06-17,24.83,False,False
2023-06-18,24.0,False,False
2023-06-19,34.44,False,False
2023-06-20,25.42,False,False
2023-06-21,19.15,False,False
2023-06-22,8.43,False,False
2023-06-23,14.29,False,False
2023-06-24,22.35,False,False
2023-06-25,22.0,False,False
2023-06-26,34.01,False,False
2023-06-27,32.69,False,False
2023-06-28,30.8,False,False
2023-06-29,22.0,False,False
2023-06-30,23.27,False,False
2023-07-01,19.47,False,False
2023-07-02,17.0,False,False
2023-07-03,13.78,False,False
2023-07-04,11.6,False,False
2023-07-05,7.97,False,False
2023-07-06,23.89,False,False
2023-07-07,26.34,False,False
2023-07-08,12.14,False,False
2023-07-09,8.0,False,False
2023-07-10,9.937,False,False
2023-07-11,11.74,False,False
2023-07-12,10.89,False,False
2023-07-13,24.97,False,False
2023-07-14,13.86,False,False
2023-07-15,11.27,False,False
2023-07-16,34.0,False,False
2023-07-17,53.34,False,False
2023-07-18,40.19,False,False
2023-07-19,31.92,False,False
2023-07-20,26.49,False,False
2023-07-21,22.46,False,False
2023-07-22,20.41,False,False
2023-07-23,20.0,False,False
2023-07-24,23.44,False,False
2023-07-25,26.66,False,False
2023-07-26,203.4,False,False
2023-07-27,416.2,False,False
2023-07-28,535.9,False,False
2023-07-29,513.0,False,False
2023-07-30,370.0,False,False
2023-07-31,156.5,False,False
2023-08-01,103.9,False,False
2023-08-02,108.5,False,False
2023-08-03,101.8,False,False
2023-08-04,118.5,False,False
2023-08-05,131.3,False,False
2023-08-06,199.0,False,False
2023-08-07,187.3,False,False
2023-08-08,203.7,False,False
2023-08-09,208.0,False,False
2023-08-10,207.5,False,False
2023-08-11,187.1,False,False
2023-08-12,134.2,False,False
2023-08-13,134.0,False,False
2023-08-14,97.56,False,False
2023-08-15,88.0,False,False
2023-08-16,127.5,False,False
2023-08-17,355.5,False,False
2023-08-18,417.8,False,False
2023-08-19,428.1,False,False
2023-08-20,424.0,False,False
2023-08-21,463.4,False,False
2023-08-22,416.3,False,False
2023-08-23,322.4,False,False
2023-08-24,226.6,False,False
2023-08-25,269.4,False,False
2023-08-26,215.8,False,False
2023-08-27,104.0,False,False
2023-08-28,153.8,False,False
2023-08-29,110.8,False,False
2023-08-30,87.35,False,False
2023-08-31,84.29,False,False
2023-09-01,247.7,False,False
2023-09-02,304.1,False,False
2023-09-03,287.0,False,False
2023-09-04,229.8,False,False
2023-09-05,158.6,False,False
2023-09-06,127.6,False,False
2023-09-07,179.3,False,False
2023-09-08,206.0,False,False
2023-09-09,206.0,False,False
2023-09-10,90.0,False,False
2023-09-11,60.09,False,False
2023-09-12,53.93,False,False
2023-09-13,71.37,False,False
2023-09-14,95.35,False,False
2023-09-15,94.75,False,False
2023-09-16,93.99,False,False
2023-09-17,100.0,False,False
2023-09-18,103.8,False,False
2023-09-19,108.0,False,False
2023-09-20,123.9,False,False
2023-09-21,154.6,False,False
2023-09-22,156.3,False,False
2023-09-23,126.5,False,False
2023-09-24,218.0,False,False
2023-09-25,178.6,False,False
2023-09-26,191.8,False,False
2023-09-27,180.5,False,False
2023-09-28,156.0,False,False
2023-09-29,148.7,False,False
2023-09-30,114.0,False,False
2023-10-01,108.0,False,False
2023-10-02,90.0,False,False
2023-10-03,88.27,False,False
2023-10-04,81.02,False,False
2023-10-05,54.79,False,False
2023-10-06,49.87,False,False
2023-10-07,49.0,False,False
2023-10-08,49.0,False,False
2023-10-09,57.811,False,False
2023-10-10,119.4,False,False
2023-10-11,228.6,False,False
2023-10-12,323.5,False,False
2023-10-13,362.9,False,False
2023-10-14,299.0,False,False
2023-10-15,221.0,False,False
2023-10-16,163.1,False,False
2023-10-17,165.9,False,False
2023-10-18,188.0,False,False
2023-10-19,196.1,False,False
2023-10-20,131.0,False,False
2023-10-21,109.7,False,False
2023-10-22,109.0,False,False
2023-10-23,118.9,False,False
2023-10-24,122.0,False,False
2023-10-25,134.0,False,False
2023-10-26,143.0,False,False
2023-10-27,124.2,False,False
2023-10-28,118.6,False,False
2023-10-29,102.0,False,False
2023-10-30,102.0,False,False
2023-10-31,89.84,False,False
2023-11-01,83.79,False,False
2023-11-02,68.06,False,False
2023-11-03,62.76,False,False
2023-11-04,58.41,False,False
2023-11-05,54.0,False,False
2023-11-06,67.24,False,False
2023-11-07,129.5,False,False
2023-11-08,260.2,False,False
2023-11-09,266.2,False,False
2023-11-10,211.0,False,False
2023-11-11,214.8,False,False
2023-11-12,119.43,False,False
2023-11-13,94.12,False,False
2023-11-14,89.47,False,False
2023-11-15,80.35,False,False
2023-11-16,96.81,False,False
2023-11-17,97.74,False,False
2023-11-18,87.3,False,False
2023-11-19,106.0,False,False
2023-11-20,107.5,False,False
2023-11-21,102.5,False,False
2023-11-22,138.4,False,False
2023-11-23,103.8,False,False
2023-11-24,100.1,False,False
2023-11-25,117.4,False,False
2023-11-26,120.0,False,False
2023-11-27,130.0,False,False
2023-11-28,116.3,False,False
2023-11-29,118.0,False,False
2023-11-30,84.24,False,False
2023-12-01,79.72,False,False
2023-12-02,69.43,False,False
2023-12-03,53.0,False,False
2023-12-04,66.12,False,False
2023-12-05,77.49,False,False
2023-12-06,82.61,False,False
2023-12-07,69.02,False,False
2023-12-08,72.23,False,False
2023-12-09,92.38,False,False
2023-12-10,62.0,False,False
2023-12-11,78.11,False,False
2023-12-12,66.58,False,False
2023-12-13,71.63,False,False
2023-12-14,73.23,False,False
2023-12-15,77.07,False,False
2023-12-16,64.03,False,False
2023-12-17,58.0,False,False
2023-12-18,34.72,False,False
2023-12-19,52.18,False,False
2023-12-20,45.16,False,False
2023-12-21,51.69,False,False
2023-12-22,48.21,False,False
2023-12-23,48.51,False,False
2023-12-24,48.0,False,False
2023-12-25,45.0,False,False
2023-12-26,39.28,False,False
2023-12-27,39.11,False,False
2023-12-28,28.96,False,False
2023-12-29,28.5,False,False
2023-12-30,29.41,False,False
2023-12-31,32.0,False,False
2024-01-01,31.38,False,False
2024-01-02,29.91,False,False
2024-01-03,31.57,False,False
2024-01-04,24.91,False,False
2024-01-05,28.52,False,False
2024-01-06,29.29,False,False
2024-01-07,28.0,False,False
2024-01-08,31.85,False,False
2024-01-09,31.85,False,False
2024-01-10,33.59,False,False
2024-01-11,32.0,False,False
2024-01-12,28.0,False,False
2024-01-13,25.33,False,False
2024-01-14,20.0,False,False
2024-01-15,23.0,False,False
2024-01-16,17.89,False,False
2024-01-17,18.15,False,False
2024-01-18,14.7,False,False
2024-01-19,17.08,False,False
2024-01-20,48.7,False,False
2024-01-21,48.0,False,False
2024-01-22,48.0,False,False
2024-01-23,37.59,False,False
2024-01-24,31.86,False,False
2024-01-25,30.73,False,False
2024-01-26,27.0,False,False
2024-01-27,29.68,False,False
2024-01-28,23.0,False,False
2024-01-29,19.07,False,False
2024-01-30,18.77,False,False
2024-01-31,16.55,False,False
2024-02-01,11.63,False,False
2024-02-02,12.16,False,False
2024-02-03,15.53,False,False
2024-02-04,13.0,False,False
2024-02-05,8.128,False,False
2024-02-06,7.873,False,False
2024-02-07,5.936,False,False
2024-02-08,6.815,False,False
2024-02-09,7.665,False,False
2024-02-10,5.327,False,False
2024-02-11,5.0,False,False
2024-02-12,5.335,False,False
2024-02-13,11.862,False,False
2024-02-14,15.64,False,False
2024-02-15,12.114,False,False
2024-02-16,8.772,False,False
2024-02-17,6.131,False,False
2024-02-18,6.0,False,False
2024-02-19,6.528,False,False
2024-02-20,5.879,False,False
2024-02-21,5.7,False,False
2024-02-22,4.506,False,False
2024-02-23,4.787,False,False
2024-02-24,4.947,False,False
2024-02-25,5.0,False,False
2024-02-26,4.987,False,False
2024-02-27,5.475,False,False
2024-02-28,5.119,False,False
2024-02-29,4.699,False,False
2024-03-01,4.665,False,False
2024-03-02,4.814,False,False
2024-03-03,5.0,False,False
2024-03-04,4.426,False,False
2024-03-05,4.368,False,False
2024-03-06,4.465,False,False
2024-03-07,4.972,False,False
2024-03-08,4.524,False,False
2024-03-09,4.547,False,False
2024-03-10,5.0,False,False
2024-03-11,4.846,False,False
2024-03-12,4.795,False,False
2024-03-13,63.55,False,False
2024-03-14,51.15,False,False
2024-03-15,19.144,False,False
2024-03-16,22.736,False,False
2024-03-17,13.0,False,False
2024-03-18,6.957,False,False
2024-03-19,5.639,False,False
2024-03-20,5.727,False,False
2024-03-21,5.042,False,False
2024-03-22,4.525,False,False
2024-03-23,4.669,False,False
2024-03-24,4.5,False,False
2024-03-25,4.248,False,False
2024-03-26,3.842,False,False
2024-03-27,3.799,False,False
2024-03-28,3.476,False,False
2024-03-29,3.5,False,False
2024-03-30,3.17,False,False
2024-03-31,11.0,False,False
2024-04-01,7.486,False,False
2024-04-02,6.427,False,False
2024-04-03,5.115,False,False
2024-04-04,4.348,False,False
2024-04-05,3.928,False,False
2024-04-06,3.579,False,False
2024-04-07,3.0,False,False
2024-04-08,3.156,False,False
2024-04-09,3.224,False,False
2024-04-10,3.286,False,False
2024-04-11,3.0,False,False
2024-04-12,3.671,False,False
2024-04-13,5.241,False,False
2024-04-14,4.5,False,False
2024-04-15,3.759,False,False
2024-04-16,3.717,False,False
2024-04-17,3.347,False,False
2024-04-18,3.395,False,False
2024-04-19,3.0,False,False
2024-04-20,3.109,False,False
2024-04-21,3.5,False,False
2024-04-22,8.223,False,False
2024-04-23,11.852,False,False
2024-04-24,7.225,False,False
2024-04-25,5.583,False,False
2024-04-26,5.054,False,False
2024-04-27,4.421,False,False
2024-04-28,4.5,False,False
2024-04-29,4.357,False,False
2024-04-30,3.604,False,False
2024-05-01,3.674,False,False
2024-05-02,3.739,False,False
2024-05-03,3.678,False,False
2024-05-04,3.321,False,False
2024-05-05,3.5,False,False
2024-05-06,3.652,False,False
2024-05-07,5.289,False,False
2024-05-08,3.39,False,False
2024-05-09,12.794,False,False
2024-05-10,22.538,False,False
2024-05-11,24.388,False,False
2024-05-12,25.0,False,False
2024-05-13,29.99,False,False
2024-05-14,41.31,False,False
2024-05-15,32.18,False,False
2024-05-16,21.262,False,False
2024-05-17,62.62,False,False
2024-05-18,43.61,False,False
2024-05-19,25.0,False,False
2024-05-20,18.481,False,False
2024-05-21,23.573,False,False
2024-05-22,41.59,False,False
2024-05-23,57.0,False,False
2024-05-24,52.98,False,False
2024-05-25,52.42,False,False
2024-05-26,47.0,False,False
2024-05-27,76.09,False,False
2024-05-28,55.51,False,False
2024-05-29,38.81,False,False
2024-05-30,28.97,False,False
2024-05-31,17.712,False,False
2024-06-01,18.13,False,False
2024-06-02,17.0,False,False
2024-06-03,43.52,False,False
2024-06-04,42.87,False,False
2024-06-05,44.42,False,False
2024-06-06,54.2,False,False
2024-06-07,43.97,False,False
2024-06-08,57.28,False,False
2024-06-09,46.0,False,False
2024-06-10,44.39,False,False
2024-06-11,44.98,False,False
2024-06-12,33.38,False,False
2024-06-13,26.16,False,False
2024-06-14,15.134,False,False
2024-06-15,11.285,False,False
2024-06-16,10.0,False,False
2024-06-17,9.5,False,False
2024-06-18,12.074,False,False
2024-06-19,12.615,False,False
2024-06-20,20.243,False,False
2024-06-21,19.514,False,False
2024-06-22,19.755,False,False
2024-06-23,19.0,False,False
2024-06-24,7.082,False,False
2024-06-25,5.66,False,False
2024-06-26,5.102,False,False
2024-06-27,1.976,False,False
2024-06-28,2.714,False,False
2024-06-29,24.75,False,False
2024-06-30,54.0,False,False
2024-07-01,39.34,False,False
2024-07-02,43.43,False,False
2024-07-03,70.71,False,False
2024-07-04,44.3,False,False
2024-07-05,59.79,False,False
2024-07-06,88.21,False,False
2024-07-07,60.0,False,False
2024-07-08,110.65,False,False
2024-07-09,131.07,False,False
2024-07-10,121.4,False,False
2024-07-11,97.31,False,False
2024-07-12,114.53,False,False
2024-07-13,116.29,False,False
2024-07-14,100.0,False,False
2024-07-15,126.48,False,False
2024-07-16,534.15,False,False
2024-07-17,585.0,False,False
2024-07-18,941.66,False,False
2024-07-19,1236.57,False,False
2024-07-20,1782.44,False,False
2024-07-21,1450.0,False,False
2024-07-22,2117.6,False,False
2024-07-23,1811.6,False,False
2024-07-24,913.6,False,False
2024-07-25,809.5,False,False
2024-07-26,1930.3,False,False
2024-07-27,3271.2,False,False
2024-07-28,4360.0,False,False
2024-07-29,3082.6,False,False
2024-07-30,1575.8,False,False
2024-07-31,3017.9,False,False
2024-08-01,4946.9,False,False
2024-08-02,4320.1,False,False
2024-08-03,2629.6,False,False
2024-08-04,2220.0,False,False
2024-08-05,1441.2,False,False
2024-08-06,692.4,False,False
2024-08-07,301.0,False,False
2024-08-08,212.0,False,False
2024-08-09,259.0,False,False
2024-08-10,581.6,False,False
2024-08-11,672.0,False,False
2024-08-12,933.9,False,False
2024-08-13,1065.5,False,False
2024-08-14,546.3,False,False
2024-08-15,390.0,False,False
2024-08-16,461.3,False,False
2024-08-17,830.5,False,False
2024-08-18,475.0,False,False
2024-08-19,400.1,False,False
2024-08-20,342.9,False,False
2024-08-21,303.6,False,False
2024-08-22,259.3,False,False
2024-08-23,225.6,False,False
2024-08-24,214.0,False,False
2024-08-25,155.0,False,False
2024-08-26,145.7,False,False
2024-08-27,156.2,False,False
2024-08-28,126.6,False,False
2024-08-29,138.8,False,False
2024-08-30,183.4,False,False
2024-08-31,393.0,False,False
2024-09-01,700.0,False,False
2024-09-02,482.9,False,False
2024-09-03,443.5,False,False
2024-09-04,466.3,False,False
2024-09-05,559.9,False,False
2024-09-06,562.5,False,False
2024-09-07,535.0,False,False
2024-09-08,350.0,False,False
2024-09-09,345.5,False,False
2024-09-10,348.6,False,False
2024-09-11,248.3,False,False
2024-09-12,275.2,False,False
2024-09-13,429.9,False,False
2024-09-14,409.0,False,False
2024-09-15,485.0,False,False
2024-09-16,510.2,False,False
2024-09-17,210.0,False,False
2024-09-18,145.4,False,False
2024-09-19,122.6,False,False
2024-09-20,96.43,False,False
2024-09-21,120.6,False,False
2024-09-22,105.0,False,False
2024-09-23,103.3,False,False
2024-09-24,135.0,False,False
2024-09-25,144.9,False,False
2024-09-26,137.4,False,False
2024-09-27,122.7,False,False
2024-09-28,130.6,False,False
2024-09-29,118.0,False,False
2024-09-30,359.2,False,False
2024-10-01,384.3,False,False
2024-10-02,230.0,False,False
2024-10-03,175.2,False,False
2024-10-04,226.805,False,False
2024-10-05,253.0,False,False
2024-10-06,525.0,False,False
2024-10-07,350.5,False,False
2024-10-08,286.9,False,False
2024-10-09,228.6,False,False
2024-10-10,184.0,False,False
2024-10-11,145.0,False,False
2024-10-12,180.0,False,False
2024-10-13,465.0,False,False
2024-10-14,466.6,False,False
2024-10-15,381.8,False,False
2024-10-16,510.9,False,False
2024-10-17,486.6,False,False
2024-10-18,521.8,False,False
2024-10-19,459.7,False,False
2024-10-20,131.0,False,False
2024-10-21,489.0,False,False
2024-10-22,536.3,False,False
2024-10-23,900.2,False,False
2024-10-24,821.1,False,False
2024-10-25,939.7,False,False
2024-10-26,874.7,False,False
2024-10-27,685.0,False,False
2024-10-28,474.0,False,False
2024-10-29,358.1,False,False
2024-10-30,234.2,False,False
2024-10-31,210.0,False,False
2024-11-01,177.9,False,False
2024-11-02,196.6,False,False
2024-11-03,390.0,False,False
2024-11-04,330.0,False,False
2024-11-05,315.8,False,False
2024-11-06,318.1,False,False
2024-11-07,274.9,False,False
2024-11-08,267.7,False,False
2024-11-09,221.2,False,False
2024-11-10,180.0,False,False
2024-11-11,146.5,False,False
2024-11-12,183.6,False,False
2024-11-13,163.1,False,False
2024-11-14,165.1,False,False
2024-11-15,205.0,False,False
2024-11-16,209.7,False,False
2024-11-17,305.0,False,False
2024-11-18,276.1,False,False
2024-11-19,309.3,False,False
2024-11-20,250.5,False,False
2024-11-21,231.8,False,False
2024-11-22,217.2,False,False
2024-11-23,208.4,False,False
2024-11-24,200.0,False,False
2024-11-25,152.4,False,False
2024-11-26,142.4,False,False
2024-11-27,134.9,False,False
2024-11-28,119.2,False,False
2024-11-29,138.4,False,False
2024-11-30,142.5,False,False
2024-12-01,138.0,False,False
2024-12-02,151.5,False,False
2024-12-03,638.9,False,False
2024-12-04,783.6,False,False
2024-12-05,437.0,False,False
2024-12-06,295.0,False,False
2024-12-07,224.0,False,False
2024-12-08,185.0,False,False
2024-12-09,214.0,False,False
2024-12-10,171.0,False,False
2024-12-11,125.0,False,False
2024-12-12,161.0,False,False
2024-12-13,193.0,False,False
2024-12-14,214.0,False,False
2024-12-15,210.0,False,False
2024-12-16,217.0,False,False
2024-12-17,209.0,False,False
2024-12-18,142.0,False,False
2024-12-19,120.0,False,False
2024-12-20,104.0,False,False
2024-12-21,88.1,False,False
2024-12-22,74.1,False,False
2024-12-23,86.2,False,False
2024-12-24,74.14,False,False
2024-12-25,60.0,False,False
2024-12-26,82.5,False,False
2024-12-27,80.2,False,False
2024-12-28,82.9,False,False
2024-12-29,83.0,False,False
2024-12-30,83.9,False,False
2024-12-31,106.0,False,False
2025-01-01,75.6,False,False
2025-01-02,68.2,False,False
2025-01-03,50.0,False,False
2025-01-04,43.7,False,False
2025-01-05,43.0,False,False
2025-01-06,39.2,False,False
2025-01-07,33.8,False,False
2025-01-08,34.5,False,False
2025-01-09,33.1,False,False
2025-01-10,20.1,False,False
2025-01-11,38.2,False,False
2025-01-12,32.0,False,False
2025-01-13,27.3,False,False
2025-01-14,26.0,False,False
2025-01-15,18.8,False,False
2025-01-16,15.09,False,False
2025-01-17,22.5,False,False
2025-01-18,37.3,False,False
2025-01-19,49.0,False,False
2025-01-20,38.7,False,False
2025-01-21,42.8,False,False
2025-01-22,49.5,False,False
2025-01-23,48.5,False,False
2025-01-24,44.3,False,False
2025-01-25,33.4,False,False
2025-01-26,44.0,False,False
2025-01-27,29.0,False,False
2025-01-28,29.2,False,False
2025-01-29,30.1,False,False
2025-01-30,28.2,False,False
2025-01-31,28.0,False,False
2025-02-01,23.0,False,False
2025-02-02,23.0,False,False
2025-02-03,15.156,False,False
2025-02-04,8.457,False,False
2025-02-05,8.487,False,False
2025-02-06,14.647,False,False
2025-02-07,33.9,False,False
2025-02-08,21.9,False,False
2025-02-09,19.0,False,False
2025-02-10,16.555,False,False
2025-02-11,9.669,False,False
2025-02-12,7.748,False,False
2025-02-13,42.6,False,False
2025-02-14,32.1,False,False
2025-02-15,24.7,False,False
2025-02-16,22.0,False,False
2025-02-17,13.8,False,False
2025-02-18,16.762,False,False
2025-02-19,8.846,False,False
2025-02-20,40.2,False,False
2025-02-21,33.8,False,False
2025-02-22,28.1,False,False
2025-02-23,23.0,False,False
2025-02-24,19.357,False,False
2025-02-25,55.6,False,False
2025-02-26,37.2,False,False
2025-02-27,39.8,False,False
2025-02-28,28.5,False,False
2025-03-01,18.0,False,False
2025-03-02,31.0,False,False
2025-03-03,27.1,False,False
2025-03-04,34.2,False,False
2025-03-05,37.4,False,False
2025-03-06,40.9,False,False
2025-03-07,29.9,False,False
2025-03-08,20.7,False,False
2025-03-09,12.0,False,False
2025-03-10,11.91,False,False
2025-03-11,11.42,False,False
2025-03-12,6.83,False,False
2025-03-13,11.73,False,False
2025-03-14,43.9,False,False
2025-03-15,31.0,False,False
2025-03-16,22.0,False,False
2025-03-17,11.5,False,False
2025-03-18,15.63,False,False
2025-03-19,35.4,False,False
2025-03-20,44.9,False,False
2025-03-21,43.0,False,False
2025-03-22,38.6,False,False
2025-03-23,34.0,False,False
2025-03-24,48.8,False,False
2025-03-25,54.8,False,False
2025-03-26,91.0,False,False
2025-03-27,73.7,False,False
2025-03-28,37.9,False,False
2025-03-29,30.3,False,False
2025-03-30,30.0,False,False
2025-03-31,68.2,False,False
2025-04-01,33.2,False,False
2025-04-02,32.0,False,False
2025-04-03,25.6,False,False
2025-04-04,17.9,False,False
2025-04-05,4.63,False,False
2025-04-06,8.0,False,False
2025-04-07,114.0,False,False
2025-04-08,63.0,False,False
2025-04-09,40.9,False,False
2025-04-10,28.0,False,False
2025-04-11,14.89,False,False
2025-04-12,11.56,False,False
2025-04-13,16.93,False,False
2025-04-14,31.0,False,False
2025-04-15,29.2,False,False
2025-04-16,52.0,False,False
2025-04-17,48.3,False,False
2025-04-18,49.0,False,False
2025-04-19,89.5,False,False
2025-04-20,82.0,False,False
2025-04-21,74.6,False,False
2025-04-22,72.4,False,False
2025-04-23,73.4,False,False
2025-04-24,73.1,False,False
2025-04-25,57.9,False,False
2025-04-26,61.3,False,False
2025-04-27,57.0,False,False
2025-04-28,38.9,False,False
2025-04-29,64.9,False,False
2025-04-30,58.8,False,False
2025-05-01,75.3,False,False
2025-05-02,123.0,False,False
2025-05-03,143.0,False,False
2025-05-04,85.0,False,False
2025-05-05,108.0,False,False
2025-05-06,74.1,False,False
2025-05-07,34.7,False,False
2025-05-08,28.5,False,False
2025-05-09,21.1,False,False
2025-05-10,38.6,False,False
2025-05-11,32.0,False,False
2025-05-12,26.0,False,False
2025-05-13,16.93,False,False
2025-05-14,38.2,False,False
2025-05-15,108.0,False,False
2025-05-16,110.0,False,False
2025-05-17,114.0,False,False
2025-05-18,100.0,False,False
2025-05-19,135.0,False,False
2025-05-20,292.0,False,False
2025-05-21,372.0,False,False
2025-05-22,248.0,False,False
2025-05-23,124.0,False,False
2025-05-24,99.0,False,False
2025-05-25,94.0,False,False
2025-05-26,82.2,False,False
2025-05-27,99.2,False,False
2025-05-28,150.0,False,False
2025-05-29,124.0,False,False
2025-05-30,90.6,False,False
2025-05-31,68.2,False,False
2025-06-01,110.0,False,False
2025-06-02,68.0,False,False
2025-06-03,180.0,False,False
2025-06-04,172.0,False,False
2025-06-05,128.0,False,False
2025-06-06,134.0,False,False
2025-06-07,183.0,False,False
2025-06-08,175.0,False,False
2025-06-09,150.0,False,False
2025-06-10,170.0,False,False
2025-06-11,176.0,False,False
2025-06-12,189.0,False,False
2025-06-13,237.0,False,False
2025-06-14,201.0,False,False
2025-06-15,192.0,False,False
2025-06-16,199.0,False,False
2025-06-17,164.0,False,False
2025-06-18,203.0,False,False
2025-06-19,202.0,False,False
2025-06-20,445.0,False,False
2025-06-21,642.0,False,False
2025-06-22,600.0,False,False
2025-06-23,351.0,False,False
2025-06-24,274.0,False,False
2025-06-25,260.0,False,False
2025-06-26,996.0,False,False
2025-06-27,1640.0,False,False
2025-06-28,1980.0,False,False
2025-06-29,1620.0,False,False
2025-06-30,1170.0,False,False
2025-07-01,1800.0,False,False
2025-07-02,964.0,False,False
2025-07-03,639.0,False,False
2025-07-04,862.0,False,False
2025-07-05,1260.0,False,False
2025-07-06,1410.0,False,False
2025-07-07,1220.0,False,False
2025-07-08,904.0,False,False
2025-07-09,1170.0,False,False
2025-07-10,1130.0,False,False
2025-07-11,881.0,False,False
2025-07-12,886.0,False,False
2025-07-13,660.0,False,False
2025-07-14,573.0,False,False
2025-07-15,536.0,False,False
2025-07-16,556.0,False,False
2025-07-17,554.0,False,False
2025-07-18,540.0,False,False
2025-07-19,868.0,False,False
2025-07-20,1080.0,False,False
2025-07-21,668.0,False,False
2025-07-22,485.0,False,False
2025-07-23,587.0,False,False
2025-07-24,571.0,False,False
2025-07-25,563.0,False,False
2025-07-26,772.0,False,False
2025-07-27,1610.0,False,False
2025-07-28,2900.0,False,False
2025-07-29,3420.0,False,False
2025-07-30,1980.0,False,False
2025-07-31,1050.0,False,False
2025-08-01,631.0,False,False
2025-08-02,522.0,False,False
2025-08-03,440.0,False,False
2025-08-04,315.0,False,False
2025-08-05,246.0,False,False
2025-08-06,383.0,False,False
2025-08-07,651.0,False,False
2025-08-08,505.0,False,False
2025-08-09,304.0,False,False
2025-08-10,250.0,False,False
2025-08-11,432.0,False,False
2025-08-12,492.0,False,False
2025-08-13,345.0,False,False
2025-08-14,204.0,False,False
2025-08-15,204.0,False,False
2025-08-16,213.0,False,False
2025-08-17,208.0,False,False
2025-08-18,339.0,False,False
2025-08-19,2780.0,False,False
2025-08-20,2100.0,False,False
2025-08-21,1060.0,False,False
2025-08-22,744.0,False,False
2025-08-23,384.0,False,False
2025-08-24,480.0,False,False
2025-08-25,305.0,False,False
2025-08-26,228.0,False,False
2025-08-27,210.0,False,False
2025-08-28,209.0,False,False
2025-08-29,248.0,False,False
2025-08-30,355.0,False,False
2025-08-31,805.0,False,False
2025-09-01,1060.0,False,False
2025-09-02,956.0,False,False
2025-09-03,776.0,False,False
2025-09-04,457.0,False,False
2025-09-05,1010.0,False,False
2025-09-06,1130.0,False,False
2025-09-07,690.0,False,False
2025-09-08,603.0,False,False
2025-09-09,553.0,False,False
2025-09-10,347.0,False,False
2025-09-11,378.0,False,False
2025-09-12,519.0,False,False
2025-09-13,517.0,False,False
2025-09-14,490.0,False,False
2025-09-15,497.0,False,False
2025-09-16,291.0,False,False
2025-09-17,219.0,False,False
2025-09-18,193.0,False,False
2025-09-19,290.0,False,False
2025-09-20,270.0,False,False
2025-09-21,290.0,False,False
2025-09-22,317.0,False,False
2025-09-23,295.0,False,False
2025-09-24,269.0,False,False
2025-09-25,205.0,False,False
2025-09-26,253.0,False,False
2025-09-27,237.0,False,False
2025-09-28,220.0,False,False
2025-09-29,211.0,False,False
2025-09-30,187.0,False,False
2025-10-01,170.0,False,False
2025-10-02,175.0,False,False
2025-10-03,156.0,False,False
2025-10-04,167.0,False,False
2025-10-05,210.0,False,False
2025-10-06,203.0,False,False
2025-10-07,199.0,False,False
2025-10-08,207.0,False,False
2025-10-09,177.0,False,False
2025-10-10,259.0,False,False
2025-10-11,1740.0,False,False
2025-10-12,1530.0,False,False
2025-10-13,500.0,False,False
2025-10-14,475.0,False,False
2025-10-15,376.0,False,False
2025-10-16,320.0,False,False
2025-10-17,270.0,False,False
2025-10-18,260.0,False,False
2025-10-19,305.0,False,False
2025-10-20,430.0,False,False
2025-10-21,801.0,False,False
2025-10-22,980.0,False,False
2025-10-23,1000.0,False,False
2025-10-24,1590.0,False,False
2025-10-25,1530.0,False,False
2025-10-26,1040.0,False,False
2025-10-27,678.0,False,False
2025-10-28,336.0,False,False
2025-10-29,344.0,False,False
2025-10-30,420.0,False,False
2025-10-31,309.0,False,False
2025-11-01,241.0,False,False
2025-11-02,204.0,False,False
2025-11-03,196.0,False,False
2025-11-04,204.0,False,False
2025-11-05,196.0,False,False
2025-11-06,203.0,False,False
2025-11-07,204.0,False,False
2025-11-08,204.0,False,False
2025-11-09,195.0,False,False
2025-11-10,196.0,False,False
2025-11-11,222.0,False,False
2025-11-12,197.0,False,False
2025-11-13,194.0,False,False
2025-11-14,195.0,False,False
2025-11-15,174.0,False,False
2025-11-16,174.0,False,False
2025-11-17,173.0,False,False
2025-11-18,164.0,False,False
2025-11-19,197.0,False,False
2025-11-20,164.0,False,False
2025-11-21,192.0,False,False
2025-11-22,164.0,False,False
2025-11-23,150.0,False,False
2025-11-24,190.0,False,False
2025-11-25,216.0,False,False
2025-11-26,199.0,False,False
2025-11-27,187.0,False,False
2025-11-28,166.0,False,False
2025-11-29,148.3,False,False
2025-11-30,150.0,False,False
2025-12-01,157.2,False,False
2025-12-02,159.0,False,False
2025-12-03,142.0,False,False
2025-12-04,103.0,False,False
2025-12-05,138.0,False,False
2025-12-06,128.0,False,False
2025-12-07,130.0,False,False
2025-12-08,136.0,False,False
2025-12-09,101.0,False,False
2025-12-10,100.0,False,False
2025-12-11,85.5,False,False
2025-12-12,88.9,False,False
2025-12-13,84.0,False,False
2025-12-14,77.0,False,False
2025-12-15,73.0,False,False
2025-12-16,73.1,False,False
2025-12-17,52.3,False,False
2025-12-18,53.1,False,False
2025-12-19,83.2,False,False
2025-12-20,53.5,False,False
2025-12-21,32.0,False,False
2025-12-22,30.9,False,False
2025-12-23,25.7,False,False
2025-12-24,51.3,False,False
2025-12-25,52.0,False,False
2025-12-26,41.5,False,False
2025-12-27,43.5,False,False
2025-12-28,45.0,False,False
2025-12-29,29.8,False,False
2025-12-30,30.4,False,False
2025-12-31,21.3,False,False
