week_ending,discharge_cumecs,n_days,discharge_max_daily,valid,unusable,was_interpolated,rain_mm,temp_c,oni,dmi,woy_sin,woy_cos,water_year,regime,monsoon_phase,schedule_tmc
1971-09-05,513.4714285714286,7,745.0,True,False,False,,,-0.68,-0.746,-0.8854560256532096,-0.4647231720437691,1971,pre1991,SWM,0.0
1971-09-12,418.5285714285714,7,445.0,True,False,False,,,-0.68,-0.746,-0.9350162426854147,-0.3546048870425359,1971,pre1991,SWM,0.0
1971-09-19,550.7714285714286,7,880.0,True,False,False,,,-0.68,-0.746,-0.970941817426052,-0.23931566428755774,1971,pre1991,SWM,0.0
1971-09-26,759.4285714285714,7,1011.2,True,False,False,,,-0.68,-0.746,-0.992708874098054,-0.12053668025532357,1971,pre1991,SWM,0.0
1971-10-03,483.45714285714286,7,565.0,True,False,False,,,-0.78,-0.629,-1.0,-1.8369701987210297e-16,1971,pre1991,NEM,0.0
1971-10-10,382.12857142857143,7,474.6,True,False,False,,,-0.78,-0.629,-0.992708874098054,0.1205366802553232,1971,pre1991,NEM,0.0
1971-10-17,780.3142857142857,7,1235.0,True,False,False,,,-0.78,-0.629,-0.9709418174260521,0.23931566428755738,1971,pre1991,NEM,0.0
1971-10-24,486.15714285714284,7,700.0,True,False,False,,,-0.78,-0.629,-0.9350162426854148,0.35460488704253557,1971,pre1991,NEM,0.0
1971-10-31,357.2,7,525.0,True,False,False,,,-0.78,-0.629,-0.8854560256532101,0.464723172043768,1971,pre1991,NEM,0.0
1971-11-07,260.5571428571429,7,287.5,True,False,False,,,-0.86,0.018,-0.822983865893657,0.5680647467311548,1971,pre1991,NEM,0.0
1971-11-14,225.47142857142856,7,305.0,True,False,False,,,-0.86,0.018,-0.7485107481711011,0.6631226582407953,1971,pre1991,NEM,0.0
1971-11-21,197.74285714285716,7,300.0,True,False,False,,,-0.86,0.018,-0.6631226582407956,0.7485107481711007,1971,pre1991,NEM,0.0
1971-11-28,160.3857142857143,7,193.4,True,False,False,,,-0.86,0.018,-0.5680647467311559,0.8229838658936564,1971,pre1991,NEM,0.0
1971-12-05,154.4857142857143,7,187.6,True,False,False,,,-0.78,0.215,-0.4647231720437684,0.88545602565321,1971,pre1991,NEM,0.0
1971-12-12,151.07142857142858,7,159.1,True,False,False,,,-0.78,0.215,-0.35460488704253595,0.9350162426854147,1971,pre1991,NEM,0.0
1971-12-19,158.97142857142856,7,220.0,True,False,False,,,-0.78,0.215,-0.2393156642875578,0.970941817426052,1971,pre1991,NEM,0.0
1971-12-26,140.3857142857143,7,190.0,True,False,False,,,-0.78,0.215,-0.12053668025532363,0.992708874098054,1971,pre1991,NEM,0.0
1972-01-02,110.41428571428571,7,131.8,True,False,False,,,-0.57,0.143,6.432490598706546e-16,1.0,1971,pre1991,inter,0.0
1972-01-09,103.12857142857142,7,110.5,True,False,False,,,-0.57,0.143,0.12053668025532305,0.992708874098054,1971,pre1991,inter,0.0
1972-01-16,89.47142857142856,7,107.6,True,False,False,,,-0.57,0.143,0.23931566428755774,0.970941817426052,1971,pre1991,inter,0.0
1972-01-23,63.24285714285714,7,77.3,True,False,False,,,-0.57,0.143,0.3546048870425356,0.9350162426854148,1971,pre1991,inter,0.0
1972-01-30,47.528571428571425,7,66.3,True,False,False,,,-0.57,0.143,0.4647231720437685,0.8854560256532099,1971,pre1991,inter,0.0
1972-02-06,33.5,7,47.6,True,False,False,,,-0.27,-0.216,0.5680647467311558,0.8229838658936564,1971,pre1991,inter,0.0
1972-02-13,25.457142857142856,7,35.2,True,False,False,,,-0.27,-0.216,0.6631226582407952,0.7485107481711011,1971,pre1991,inter,0.0
1972-02-20,34.5,7,48.4,True,False,False,,,-0.27,-0.216,0.7485107481711011,0.6631226582407953,1971,pre1991,inter,0.0
1972-02-27,38.08571428571428,7,53.8,True,False,False,,,-0.27,-0.216,0.8229838658936564,0.5680647467311558,1971,pre1991,inter,0.0
1972-03-05,31.885714285714283,7,38.4,True,False,False,,,0.04,0.03,0.8854560256532098,0.4647231720437686,1971,pre1991,inter,0.0
1972-03-12,30.857142857142858,7,44.0,True,False,False,,,0.04,0.03,0.9350162426854148,0.35460488704253557,1971,pre1991,inter,0.0
1972-03-19,44.91428571428571,7,53.7,True,False,False,,,0.04,0.03,0.970941817426052,0.23931566428755804,1971,pre1991,inter,0.0
1972-03-26,45.857142857142854,7,51.4,True,False,False,,,0.04,0.03,0.992708874098054,0.120536680255323,1971,pre1991,inter,0.0
1972-04-02,34.5,7,43.8,True,False,False,,,0.25,0.131,1.0,-1.6081226496766366e-16,1971,pre1991,inter,0.0
1972-04-09,33.4,7,45.2,True,False,False,,,0.25,0.131,0.992708874098054,-0.12053668025532288,1971,pre1991,inter,0.0
1972-04-16,35.42857142857143,7,47.2,True,False,False,,,0.25,0.131,0.9709418174260521,-0.2393156642875575,1971,pre1991,inter,0.0
1972-04-23,33.25714285714286,7,44.2,True,False,False,,,0.25,0.131,0.9350162426854148,-0.35460488704253545,1971,pre1991,inter,0.0
1972-04-30,24.67142857142857,7,39.7,True,False,False,,,0.25,0.131,0.8854560256532099,-0.4647231720437685,1971,pre1991,inter,0.0
1972-05-07,41.55714285714286,7,51.6,True,False,False,,,0.48,0.157,0.8229838658936565,-0.5680647467311557,1971,pre1991,inter,0.0
1972-05-14,226.5142857142857,7,1188.8,True,False,False,,,0.48,0.157,0.7485107481711013,-0.6631226582407951,1971,pre1991,inter,0.0
1972-05-21,390.3142857142857,7,920.0,True,False,False,,,0.48,0.157,0.6631226582407952,-0.7485107481711012,1971,pre1991,inter,0.0
1972-05-28,90.27142857142857,7,102.0,True,False,False,,,0.48,0.157,0.5680647467311558,-0.8229838658936564,1971,pre1991,inter,0.0
1972-06-04,116.28571428571429,7,183.8,True,False,False,,,0.7,0.738,0.46472317204376906,-0.8854560256532096,1972,pre1991,SWM,0.0
1972-06-11,148.15714285714284,7,210.6,True,False,False,,,0.7,0.738,0.35460488704253584,-0.9350162426854147,1972,pre1991,SWM,0.0
1972-06-18,163.24285714285716,7,576.2,True,False,False,,,0.7,0.738,0.23931566428755768,-0.970941817426052,1972,pre1991,SWM,0.0
1972-06-25,171.22857142857143,7,394.4,True,False,False,,,0.7,0.738,0.12053668025532308,-0.992708874098054,1972,pre1991,SWM,0.0
1972-07-02,387.95714285714286,7,1260.0,True,False,False,,,1.0,0.708,-3.216245299353273e-16,-1.0,1972,pre1991,SWM,0.0
1972-07-09,988.2285714285715,7,1175.0,True,False,False,,,1.0,0.708,-0.12053668025532283,-0.992708874098054,1972,pre1991,SWM,0.0
1972-07-16,1116.142857142857,7,1247.4,True,False,False,,,1.0,0.708,-0.23931566428755743,-0.9709418174260521,1972,pre1991,SWM,0.0
1972-07-23,1332.1142857142856,7,1790.5,True,False,False,,,1.0,0.708,-0.3546048870425356,-0.9350162426854148,1972,pre1991,SWM,0.0
1972-07-30,485.2285714285714,7,742.0,True,False,False,,,1.0,0.708,-0.46472317204376806,-0.8854560256532101,1972,pre1991,SWM,0.0
1972-08-06,566.7428571428571,7,704.1,True,False,False,,,1.26,0.511,-0.5680647467311556,-0.8229838658936565,1972,pre1991,SWM,0.0
1972-08-13,586.0142857142857,7,746.4,True,False,False,,,1.26,0.511,-0.663122658240795,-0.7485107481711013,1972,pre1991,SWM,0.0
1972-08-20,410.87142857142857,7,528.3,True,False,False,,,1.26,0.511,-0.7485107481711011,-0.6631226582407952,1972,pre1991,SWM,0.0
1972-08-27,895.7714285714285,7,1226.8,True,False,False,,,1.26,0.511,-0.8229838658936564,-0.5680647467311559,1972,pre1991,SWM,0.0
1972-09-03,363.5142857142857,7,441.6,True,False,False,,,1.49,0.363,-0.8854560256532096,-0.4647231720437691,1972,pre1991,SWM,0.0
1972-09-10,239.9857142857143,7,282.6,True,False,False,,,1.49,0.363,-0.9350162426854147,-0.3546048870425359,1972,pre1991,SWM,0.0
1972-09-17,223.92857142857142,7,239.1,True,False,False,,,1.49,0.363,-0.970941817426052,-0.23931566428755774,1972,pre1991,SWM,0.0
1972-09-24,521.8714285714286,7,895.0,True,False,False,,,1.49,0.363,-0.992708874098054,-0.12053668025532357,1972,pre1991,SWM,0.0
1972-10-01,888.7142857142857,7,1485.0,True,False,False,,,1.69,0.327,-1.0,-1.8369701987210297e-16,1972,pre1991,NEM,0.0
1972-10-08,669.9142857142857,7,940.4,True,False,False,,,1.69,0.327,-0.992708874098054,0.1205366802553232,1972,pre1991,NEM,0.0
1972-10-15,749.7428571428571,7,1361.5,True,False,False,,,1.69,0.327,-0.9709418174260521,0.23931566428755738,1972,pre1991,NEM,0.0
1972-10-22,362.8285714285715,7,522.1,True,False,False,,,1.69,0.327,-0.9350162426854148,0.35460488704253557,1972,pre1991,NEM,0.0
1972-10-29,212.6,7,265.3,True,False,False,,,1.69,0.327,-0.8854560256532101,0.464723172043768,1972,pre1991,NEM,0.0
1972-11-05,447.62857142857143,7,519.9,True,False,False,,,1.84,0.67,-0.822983865893657,0.5680647467311548,1972,pre1991,NEM,0.0
1972-11-12,248.55714285714288,7,325.1,True,False,False,,,1.84,0.67,-0.7485107481711011,0.6631226582407953,1972,pre1991,NEM,0.0
1972-11-19,162.42857142857142,7,183.7,True,False,False,,,1.84,0.67,-0.6631226582407956,0.7485107481711007,1972,pre1991,NEM,0.0
1972-11-26,179.3857142857143,7,201.7,True,False,False,,,1.84,0.67,-0.5680647467311559,0.8229838658936564,1972,pre1991,NEM,0.0
1972-12-03,148.17142857142858,7,166.8,True,False,False,,,1.77,0.477,-0.4647231720437684,0.88545602565321,1972,pre1991,NEM,0.0
1972-12-10,855.3571428571429,7,2648.6,True,False,False,,,1.77,0.477,-0.35460488704253595,0.9350162426854147,1972,pre1991,NEM,0.0
1972-12-17,780.2571428571429,7,1597.2,True,False,False,,,1.77,0.477,-0.2393156642875578,0.970941817426052,1972,pre1991,NEM,0.0
1972-12-24,161.20000000000002,7,189.9,True,False,False,,,1.77,0.477,-0.12053668025532363,0.992708874098054,1972,pre1991,NEM,0.0
1972-12-31,128.87142857142857,7,168.3,True,False,False,,,1.77,0.477,6.432490598706546e-16,1.0,1972,pre1991,NEM,0.0
1973-01-07,94.07142857142857,7,105.7,True,False,False,,,1.55,0.043,0.12053668025532305,0.992708874098054,1972,pre1991,inter,0.0
1973-01-14,76.02857142857144,7,88.9,True,False,False,,,1.55,0.043,0.23931566428755774,0.970941817426052,1972,pre1991,inter,0.0
1973-01-21,80.52857142857144,7,95.1,True,False,False,,,1.55,0.043,0.3546048870425356,0.9350162426854148,1972,pre1991,inter,0.0
1973-01-28,70.41428571428571,7,91.5,True,False,False,,,1.55,0.043,0.4647231720437685,0.8854560256532099,1972,pre1991,inter,0.0
1973-02-04,57.18571428571429,7,66.7,True,False,False,,,1.13,-0.077,0.5680647467311558,0.8229838658936564,1972,pre1991,inter,0.0
1973-02-11,39.9,7,56.6,True,False,False,,,1.13,-0.077,0.6631226582407952,0.7485107481711011,1972,pre1991,inter,0.0
1973-02-18,38.385714285714286,7,49.5,True,False,False,,,1.13,-0.077,0.7485107481711011,0.6631226582407953,1972,pre1991,inter,0.0
1973-02-25,32.44285714285714,7,54.8,True,False,False,,,1.13,-0.077,0.8229838658936564,0.5680647467311558,1972,pre1991,inter,0.0
1973-03-04,45.228571428571435,7,77.4,True,False,False,,,0.56,-0.001,0.8854560256532098,0.4647231720437686,1972,pre1991,inter,0.0
1973-03-11,28.685714285714287,7,61.7,True,False,False,,,0.56,-0.001,0.9350162426854148,0.35460488704253557,1972,pre1991,inter,0.0
1973-03-18,55.51428571428572,7,72.2,True,False,False,,,0.56,-0.001,0.970941817426052,0.23931566428755804,1972,pre1991,inter,0.0
1973-03-25,36.357142857142854,7,45.7,True,False,False,,,0.56,-0.001,0.992708874098054,0.120536680255323,1972,pre1991,inter,0.0
1973-04-01,28.457142857142856,7,48.2,True,False,False,,,-0.03,-0.116,1.0,-1.6081226496766366e-16,1972,pre1991,inter,0.0
1973-04-08,56.857142857142854,7,107.5,True,False,False,,,-0.03,-0.116,0.992708874098054,-0.12053668025532288,1972,pre1991,inter,0.0
1973-04-15,38.08571428571429,7,66.7,True,False,False,,,-0.03,-0.116,0.9709418174260521,-0.2393156642875575,1972,pre1991,inter,0.0
1973-04-22,21.32857142857143,7,30.9,True,False,False,,,-0.03,-0.116,0.9350162426854148,-0.35460488704253545,1972,pre1991,inter,0.0
1973-04-29,53.48571428571428,7,65.7,True,False,False,,,-0.03,-0.116,0.8854560256532099,-0.4647231720437685,1972,pre1991,inter,0.0
1973-05-06,55.82857142857143,7,80.5,True,False,False,,,-0.51,0.084,0.8229838658936565,-0.5680647467311557,1972,pre1991,inter,0.0
1973-05-13,114.84285714285714,7,189.8,True,False,False,,,-0.51,0.084,0.7485107481711013,-0.6631226582407951,1972,pre1991,inter,0.0
1973-05-20,63.58571428571429,7,120.5,True,False,False,,,-0.51,0.084,0.6631226582407952,-0.7485107481711012,1972,pre1991,inter,0.0
1973-05-27,373.5285714285714,7,860.6,True,False,False,,,-0.51,0.084,0.5680647467311558,-0.8229838658936564,1972,pre1991,inter,0.0
1973-06-03,202.17142857142858,7,395.0,True,False,False,,,-0.8,-0.225,0.46472317204376906,-0.8854560256532096,1973,pre1991,SWM,0.0
1973-06-10,132.72857142857143,7,189.8,True,False,False,,,-0.8,-0.225,0.35460488704253584,-0.9350162426854147,1973,pre1991,SWM,0.0
1973-06-17,384.35714285714283,7,769.7,True,False,False,,,-0.8,-0.225,0.23931566428755768,-0.970941817426052,1973,pre1991,SWM,0.0
1973-06-24,949.4285714285714,7,1200.0,True,False,False,,,-0.8,-0.225,0.12053668025532308,-0.992708874098054,1973,pre1991,SWM,0.0
1973-07-01,389.5857142857143,7,626.4,True,False,False,,,-0.99,-0.495,-3.216245299353273e-16,-1.0,1973,pre1991,SWM,0.0
1973-07-08,540.6142857142858,7,1095.4,True,False,False,,,-0.99,-0.495,-0.12053668025532283,-0.992708874098054,1973,pre1991,SWM,0.0
1973-07-15,1808.6714285714284,7,3825.0,True,False,False,,,-0.99,-0.495,-0.23931566428755743,-0.9709418174260521,1973,pre1991,SWM,0.0
1973-07-22,1272.5142857142857,7,1598.1,True,False,False,,,-0.99,-0.495,-0.3546048870425356,-0.9350162426854148,1973,pre1991,SWM,0.0
1973-07-29,665.157142857143,7,878.0,True,False,False,,,-0.99,-0.495,-0.46472317204376806,-0.8854560256532101,1973,pre1991,SWM,0.0
1973-08-05,491.1857142857143,7,870.0,True,False,False,,,-1.11,-0.607,-0.5680647467311556,-0.8229838658936565,1973,pre1991,SWM,0.0
1973-08-12,852.0428571428572,7,1077.4,True,False,False,,,-1.11,-0.607,-0.663122658240795,-0.7485107481711013,1973,pre1991,SWM,0.0
1973-08-19,957.7571428571429,7,1198.9,True,False,False,,,-1.11,-0.607,-0.7485107481711011,-0.6631226582407952,1973,pre1991,SWM,0.0
1973-08-26,1176.185714285714,7,1245.6,True,False,False,,,-1.11,-0.607,-0.8229838658936564,-0.5680647467311559,1973,pre1991,SWM,0.0
1973-09-02,988.1857142857143,7,1192.9,True,False,False,,,-1.26,-0.773,-0.8854560256532096,-0.4647231720437691,1973,pre1991,SWM,0.0
1973-09-09,543.5,7,765.3,True,False,False,,,-1.26,-0.773,-0.9350162426854147,-0.3546048870425359,1973,pre1991,SWM,0.0
1973-09-16,378.62857142857143,7,427.0,True,False,False,,,-1.26,-0.773,-0.970941817426052,-0.23931566428755774,1973,pre1991,SWM,0.0
1973-09-23,855.7428571428571,7,1518.4,True,False,False,,,-1.26,-0.773,-0.992708874098054,-0.12053668025532357,1973,pre1991,SWM,0.0
1973-09-30,507.97142857142853,7,1220.0,True,False,False,,,-1.26,-0.773,-1.0,-1.8369701987210297e-16,1973,pre1991,SWM,0.0
1973-10-07,265.5142857142857,7,443.4,True,False,False,,,-1.58,-0.449,-0.992708874098054,0.1205366802553232,1973,pre1991,NEM,0.0
1973-10-14,191.4,7,254.1,True,False,False,,,-1.58,-0.449,-0.9709418174260521,0.23931566428755738,1973,pre1991,NEM,0.0
1973-10-21,167.55714285714288,7,196.5,True,False,False,,,-1.58,-0.449,-0.9350162426854148,0.35460488704253557,1973,pre1991,NEM,0.0
1973-10-28,649.4285714285714,7,1270.5,True,False,False,,,-1.58,-0.449,-0.8854560256532101,0.464723172043768,1973,pre1991,NEM,0.0
1973-11-04,656.7142857142857,7,927.6,True,False,False,,,-1.89,-0.157,-0.822983865893657,0.5680647467311548,1973,pre1991,NEM,0.0
1973-11-11,306.3142857142857,7,506.5,True,False,False,,,-1.89,-0.157,-0.7485107481711011,0.6631226582407953,1973,pre1991,NEM,0.0
1973-11-18,228.57142857142858,7,305.6,True,False,False,,,-1.89,-0.157,-0.6631226582407956,0.7485107481711007,1973,pre1991,NEM,0.0
1973-11-25,199.08571428571426,7,246.3,True,False,False,,,-1.89,-0.157,-0.5680647467311559,0.8229838658936564,1973,pre1991,NEM,0.0
1973-12-02,119.25714285714285,7,139.0,True,False,False,,,-2.04,0.047,-0.4647231720437684,0.88545602565321,1973,pre1991,NEM,0.0
1973-12-09,99.60000000000001,7,128.7,True,False,False,,,-2.04,0.047,-0.35460488704253595,0.9350162426854147,1973,pre1991,NEM,0.0
1973-12-16,89.18571428571428,7,93.0,True,False,False,,,-2.04,0.047,-0.2393156642875578,0.970941817426052,1973,pre1991,NEM,0.0
1973-12-23,109.44285714285715,7,129.8,True,False,False,,,-2.04,0.047,-0.12053668025532363,0.992708874098054,1973,pre1991,NEM,0.0
1973-12-30,62.0,7,72.8,True,False,False,,,-2.04,0.047,6.432490598706546e-16,1.0,1973,pre1991,NEM,0.0
1974-01-06,50.357142857142854,7,58.3,True,False,False,,,-1.87,0.279,0.12053668025532305,0.992708874098054,1973,pre1991,inter,0.0
1974-01-13,38.542857142857144,7,49.1,True,False,False,,,-1.87,0.279,0.23931566428755774,0.970941817426052,1973,pre1991,inter,0.0
1974-01-20,29.042857142857144,7,30.3,True,False,False,,,-1.87,0.279,0.3546048870425356,0.9350162426854148,1973,pre1991,inter,0.0
1974-01-27,27.900000000000002,7,28.8,True,False,False,,,-1.87,0.279,0.4647231720437685,0.8854560256532099,1973,pre1991,inter,0.0
1974-02-03,25.52857142857143,7,28.2,True,False,False,,,-1.59,0.156,0.5680647467311558,0.8229838658936564,1973,pre1991,inter,0.0
1974-02-10,23.957142857142856,7,24.4,True,False,False,,,-1.59,0.156,0.6631226582407952,0.7485107481711011,1973,pre1991,inter,0.0
1974-02-17,24.02857142857143,7,24.4,True,False,False,,,-1.59,0.156,0.7485107481711011,0.6631226582407953,1973,pre1991,inter,0.0
1974-02-24,24.785714285714285,7,30.2,True,False,False,,,-1.59,0.156,0.8229838658936564,0.5680647467311558,1973,pre1991,inter,0.0
1974-03-03,22.985714285714288,7,24.0,True,False,False,,,-1.24,0.249,0.8854560256532098,0.4647231720437686,1973,pre1991,inter,0.0
1974-03-10,21.67142857142857,7,24.0,True,False,False,,,-1.24,0.249,0.9350162426854148,0.35460488704253557,1973,pre1991,inter,0.0
1974-03-17,17.27142857142857,7,22.9,True,False,False,,,-1.24,0.249,0.970941817426052,0.23931566428755804,1973,pre1991,inter,0.0
1974-03-24,14.857142857142858,7,17.8,True,False,False,,,-1.24,0.249,0.992708874098054,0.120536680255323,1973,pre1991,inter,0.0
1974-03-31,18.0,7,22.2,True,False,False,,,-1.24,0.249,1.0,-1.6081226496766366e-16,1973,pre1991,inter,0.0
1974-04-07,20.057142857142857,7,23.4,True,False,False,,,-0.99,-0.053,0.992708874098054,-0.12053668025532288,1973,pre1991,inter,0.0
1974-04-14,17.17142857142857,7,18.6,True,False,False,,,-0.99,-0.053,0.9709418174260521,-0.2393156642875575,1973,pre1991,inter,0.0
1974-04-21,21.22857142857143,7,35.7,True,False,False,,,-0.99,-0.053,0.9350162426854148,-0.35460488704253545,1973,pre1991,inter,0.0
1974-04-28,21.97142857142857,7,25.2,True,False,False,,,-0.99,-0.053,0.8854560256532099,-0.4647231720437685,1973,pre1991,inter,0.0
1974-05-05,24.0,7,48.2,True,False,False,,,-0.71,-0.239,0.8229838658936565,-0.5680647467311557,1973,pre1991,inter,0.0
1974-05-12,25.585714285714285,7,40.0,True,False,False,,,-0.71,-0.239,0.7485107481711013,-0.6631226582407951,1973,pre1991,inter,0.0
1974-05-19,39.379999999999995,7,75.0,True,False,False,,,-0.71,-0.239,0.6631226582407952,-0.7485107481711012,1973,pre1991,inter,0.0
1974-05-26,40.957142857142856,7,77.5,True,False,False,,,-0.71,-0.239,0.5680647467311558,-0.8229838658936564,1973,pre1991,inter,0.0
1974-06-02,17.285714285714285,7,32.3,True,False,False,,,-0.64,-0.027,0.46472317204376906,-0.8854560256532096,1974,pre1991,SWM,0.0
1974-06-09,14.185714285714285,7,16.3,True,False,False,,,-0.64,-0.027,0.35460488704253584,-0.9350162426854147,1974,pre1991,SWM,0.0
1974-06-16,16.614285714285714,7,28.3,True,False,False,,,-0.64,-0.027,0.23931566428755768,-0.970941817426052,1974,pre1991,SWM,0.0
1974-06-23,16.642857142857142,7,26.9,True,False,False,,,-0.64,-0.027,0.12053668025532308,-0.992708874098054,1974,pre1991,SWM,0.0
1974-06-30,16.642857142857142,7,25.5,True,False,False,,,-0.64,-0.027,-3.216245299353273e-16,-1.0,1974,pre1991,SWM,0.0
1974-07-07,28.914285714285715,7,33.0,True,False,False,,,-0.46,-0.249,-0.12053668025532283,-0.992708874098054,1974,pre1991,SWM,0.0
1974-07-14,558.7857142857143,7,868.0,True,False,False,,,-0.46,-0.249,-0.23931566428755743,-0.9709418174260521,1974,pre1991,SWM,0.0
1974-07-21,693.8285714285714,7,1070.0,True,False,False,,,-0.46,-0.249,-0.3546048870425356,-0.9350162426854148,1974,pre1991,SWM,0.0
1974-07-28,379.59999999999997,7,868.8,True,False,False,,,-0.46,-0.249,-0.46472317204376806,-0.8854560256532101,1974,pre1991,SWM,0.0
1974-08-04,1500.0,7,1727.3,True,False,False,,,-0.4,-0.498,-0.5680647467311556,-0.8229838658936565,1974,pre1991,SWM,0.0
1974-08-11,985.0,7,1710.8,True,False,False,,,-0.4,-0.498,-0.663122658240795,-0.7485107481711013,1974,pre1991,SWM,0.0
1974-08-18,1587.857142857143,7,1980.8,True,False,False,,,-0.4,-0.498,-0.7485107481711011,-0.6631226582407952,1974,pre1991,SWM,0.0
1974-08-25,1702.2,7,2510.0,True,False,False,,,-0.4,-0.498,-0.8229838658936564,-0.5680647467311559,1974,pre1991,SWM,0.0
1974-09-01,539.6142857142858,7,675.7,True,False,False,,,-0.47,-0.661,-0.8854560256532096,-0.4647231720437691,1974,pre1991,SWM,0.0
1974-09-08,303.09999999999997,7,356.3,True,False,False,,,-0.47,-0.661,-0.9350162426854147,-0.3546048870425359,1974,pre1991,SWM,0.0
1974-09-15,431.3,7,1105.0,True,False,False,,,-0.47,-0.661,-0.970941817426052,-0.23931566428755774,1974,pre1991,SWM,0.0
1974-09-22,704.8285714285714,7,1052.5,True,False,False,,,-0.47,-0.661,-0.992708874098054,-0.12053668025532357,1974,pre1991,SWM,0.0
1974-09-29,1066.1857142857143,7,1442.7,True,False,False,,,-0.47,-0.661,-1.0,-1.8369701987210297e-16,1974,pre1991,SWM,0.0
1974-10-06,646.6714285714286,7,958.1,True,False,False,,,-0.69,-0.845,-0.992708874098054,0.1205366802553232,1974,pre1991,NEM,0.0
1974-10-13,489.15714285714284,7,583.1,True,False,False,,,-0.69,-0.845,-0.9709418174260521,0.23931566428755738,1974,pre1991,NEM,0.0
1974-10-20,387.2857142857143,7,557.2,True,False,False,,,-0.69,-0.845,-0.9350162426854148,0.35460488704253557,1974,pre1991,NEM,0.0
1974-10-27,308.57142857142856,7,449.1,True,False,False,,,-0.69,-0.845,-0.8854560256532101,0.464723172043768,1974,pre1991,NEM,0.0
1974-11-03,362.9142857142857,7,674.8,True,False,False,,,-0.88,-0.551,-0.822983865893657,0.5680647467311548,1974,pre1991,NEM,0.0
1974-11-10,180.34285714285716,7,196.8,True,False,False,,,-0.88,-0.551,-0.7485107481711011,0.6631226582407953,1974,pre1991,NEM,0.0
1974-11-17,149.82857142857142,7,159.8,True,False,False,,,-0.88,-0.551,-0.6631226582407956,0.7485107481711007,1974,pre1991,NEM,0.0
1974-11-24,138.21428571428572,7,160.7,True,False,False,,,-0.88,-0.551,-0.5680647467311559,0.8229838658936564,1974,pre1991,NEM,0.0
1974-12-01,152.55714285714288,7,189.9,True,False,False,,,-0.71,-0.36,-0.4647231720437684,0.88545602565321,1974,pre1991,NEM,0.0
1974-12-08,94.31428571428572,7,108.5,True,False,False,,,-0.71,-0.36,-0.35460488704253595,0.9350162426854147,1974,pre1991,NEM,0.0
1974-12-15,241.21428571428572,7,306.2,True,False,False,,,-0.71,-0.36,-0.2393156642875578,0.970941817426052,1974,pre1991,NEM,0.0
1974-12-22,112.18571428571428,7,188.0,True,False,False,,,-0.71,-0.36,-0.12053668025532363,0.992708874098054,1974,pre1991,NEM,0.0
1974-12-29,74.12857142857142,7,86.6,True,False,False,,,-0.71,-0.36,6.432490598706546e-16,1.0,1974,pre1991,NEM,0.0
1975-01-05,55.07142857142857,7,65.0,True,False,False,,,-0.56,-0.367,0.12053668025532305,0.992708874098054,1974,pre1991,inter,0.0
1975-01-12,44.17142857142857,7,54.9,True,False,False,,,-0.56,-0.367,0.23931566428755774,0.970941817426052,1974,pre1991,inter,0.0
1975-01-19,31.02857142857143,7,35.4,True,False,False,,,-0.56,-0.367,0.3546048870425356,0.9350162426854148,1974,pre1991,inter,0.0
1975-01-26,35.785714285714285,7,50.4,True,False,False,,,-0.56,-0.367,0.4647231720437685,0.8854560256532099,1974,pre1991,inter,0.0
1975-02-02,35.971428571428575,7,45.6,True,False,False,,,-0.55,-0.25,0.5680647467311558,0.8229838658936564,1974,pre1991,inter,0.0
1975-02-09,35.885714285714286,7,46.1,True,False,False,,,-0.55,-0.25,0.6631226582407952,0.7485107481711011,1974,pre1991,inter,0.0
1975-02-16,27.67142857142857,7,34.9,True,False,False,,,-0.55,-0.25,0.7485107481711011,0.6631226582407953,1974,pre1991,inter,0.0
1975-02-23,36.24285714285714,7,42.1,True,False,False,,,-0.55,-0.25,0.8229838658936564,0.5680647467311558,1974,pre1991,inter,0.0
1975-03-02,23.82857142857143,7,26.0,True,False,False,,,-0.61,-0.464,0.8854560256532098,0.4647231720437686,1974,pre1991,inter,0.0
1975-03-09,23.12857142857143,7,25.7,True,False,False,,,-0.61,-0.464,0.9350162426854148,0.35460488704253557,1974,pre1991,inter,0.0
1975-03-16,26.785714285714285,7,40.8,True,False,False,,,-0.61,-0.464,0.970941817426052,0.23931566428755804,1974,pre1991,inter,0.0
1975-03-23,18.114285714285714,7,19.5,True,False,False,,,-0.61,-0.464,0.992708874098054,0.120536680255323,1974,pre1991,inter,0.0
1975-03-30,17.1,7,18.3,True,False,False,,,-0.61,-0.464,1.0,-1.6081226496766366e-16,1974,pre1991,inter,0.0
1975-04-06,30.02857142857143,7,48.7,True,False,False,,,-0.66,0.087,0.992708874098054,-0.12053668025532288,1974,pre1991,inter,0.0
1975-04-13,18.75714285714286,7,20.6,True,False,False,,,-0.66,0.087,0.9709418174260521,-0.2393156642875575,1974,pre1991,inter,0.0
1975-04-20,18.814285714285713,7,24.4,True,False,False,,,-0.66,0.087,0.9350162426854148,-0.35460488704253545,1974,pre1991,inter,0.0
1975-04-27,49.44285714285714,7,69.3,True,False,False,,,-0.66,0.087,0.8854560256532099,-0.4647231720437685,1974,pre1991,inter,0.0
1975-05-04,97.28571428571429,7,168.2,True,False,False,,,-0.8,0.066,0.8229838658936565,-0.5680647467311557,1974,pre1991,inter,0.0
1975-05-11,89.94285714285715,7,106.0,True,False,False,,,-0.8,0.066,0.7485107481711013,-0.6631226582407951,1974,pre1991,inter,0.0
1975-05-18,136.8,7,247.8,True,False,False,,,-0.8,0.066,0.6631226582407952,-0.7485107481711012,1974,pre1991,inter,0.0
1975-05-25,63.95714285714286,7,83.7,True,False,False,,,-0.8,0.066,0.5680647467311558,-0.8229838658936564,1974,pre1991,inter,0.0
1975-06-01,28.099999999999998,7,55.9,True,False,False,,,-0.92,0.055,0.46472317204376906,-0.8854560256532096,1975,pre1991,SWM,0.0
1975-06-08,67.22857142857143,7,166.4,True,False,False,,,-0.92,0.055,0.35460488704253584,-0.9350162426854147,1975,pre1991,SWM,0.0
1975-06-15,59.76714285714286,7,96.8,True,False,False,,,-0.92,0.055,0.23931566428755768,-0.970941817426052,1975,pre1991,SWM,0.0
1975-06-22,26.657142857142855,7,32.7,True,False,False,,,-0.92,0.055,0.12053668025532308,-0.992708874098054,1975,pre1991,SWM,0.0
1975-06-29,369.0142857142857,7,875.1,True,False,False,,,-0.92,0.055,-3.216245299353273e-16,-1.0,1975,pre1991,SWM,0.0
1975-07-06,872.1285714285714,7,1259.4,True,False,False,,,-1.08,-0.039,-0.12053668025532283,-0.992708874098054,1975,pre1991,SWM,0.0
1975-07-13,752.5714285714286,7,2210.0,True,False,False,,,-1.08,-0.039,-0.23931566428755743,-0.9709418174260521,1975,pre1991,SWM,0.0
1975-07-20,800.5285714285714,7,2523.8,True,False,False,,,-1.08,-0.039,-0.3546048870425356,-0.9350162426854148,1975,pre1991,SWM,0.0
1975-07-27,789.4428571428572,7,1326.0,True,False,False,,,-1.08,-0.039,-0.46472317204376806,-0.8854560256532101,1975,pre1991,SWM,0.0
1975-08-03,412.8142857142857,7,539.4,True,False,False,,,-1.12,-0.344,-0.5680647467311556,-0.8229838658936565,1975,pre1991,SWM,0.0
1975-08-10,1012.5428571428572,7,1467.7,True,False,False,,,-1.12,-0.344,-0.663122658240795,-0.7485107481711013,1975,pre1991,SWM,0.0
1975-08-17,2989.0142857142855,7,4426.9,True,False,False,,,-1.12,-0.344,-0.7485107481711011,-0.6631226582407952,1975,pre1991,SWM,0.0
1975-08-24,1431.0,7,3048.4,True,False,False,,,-1.12,-0.344,-0.8229838658936564,-0.5680647467311559,1975,pre1991,SWM,0.0
1975-08-31,798.7857142857143,7,1292.0,True,False,False,,,-1.12,-0.344,-0.8854560256532096,-0.4647231720437691,1975,pre1991,SWM,0.0
1975-09-07,740.6142857142858,7,1210.4,True,False,False,,,-1.29,-0.857,-0.9350162426854147,-0.3546048870425359,1975,pre1991,SWM,0.0
1975-09-14,532.3142857142857,7,676.4,True,False,False,,,-1.29,-0.857,-0.970941817426052,-0.23931566428755774,1975,pre1991,SWM,0.0
1975-09-21,1498.2571428571428,7,2163.3,True,False,False,,,-1.29,-0.857,-0.992708874098054,-0.12053668025532357,1975,pre1991,SWM,0.0
1975-09-28,966.9857142857143,7,1318.6,True,False,False,,,-1.29,-0.857,-1.0,-1.8369701987210297e-16,1975,pre1991,SWM,0.0
1975-10-05,651.9714285714286,7,803.0,True,False,False,,,-1.32,-1.056,-0.992708874098054,0.1205366802553232,1975,pre1991,NEM,0.0
1975-10-12,447.45714285714286,7,546.7,True,False,False,,,-1.32,-1.056,-0.9709418174260521,0.23931566428755738,1975,pre1991,NEM,0.0
1975-10-19,352.65714285714284,7,414.5,True,False,False,,,-1.32,-1.056,-0.9350162426854148,0.35460488704253557,1975,pre1991,NEM,0.0
1975-10-26,780.9571428571428,7,1327.0,True,False,False,,,-1.32,-1.056,-0.8854560256532101,0.464723172043768,1975,pre1991,NEM,0.0
1975-11-02,748.7428571428571,7,1061.4,True,False,False,,,-1.47,-0.328,-0.822983865893657,0.5680647467311548,1975,pre1991,NEM,0.0
1975-11-09,1305.7857142857142,7,1742.2,True,False,False,,,-1.47,-0.328,-0.7485107481711011,0.6631226582407953,1975,pre1991,NEM,0.0
1975-11-16,353.2285714285714,7,648.6,True,False,False,,,-1.47,-0.328,-0.6631226582407956,0.7485107481711007,1975,pre1991,NEM,0.0
1975-11-23,223.05714285714288,7,233.9,True,False,False,,,-1.47,-0.328,-0.5680647467311559,0.8229838658936564,1975,pre1991,NEM,0.0
1975-11-30,218.82857142857142,7,230.2,True,False,False,,,-1.47,-0.328,-0.4647231720437684,0.88545602565321,1975,pre1991,NEM,0.0
1975-12-07,166.77142857142857,7,196.3,True,False,False,,,-1.58,-0.169,-0.35460488704253595,0.9350162426854147,1975,pre1991,NEM,0.0
1975-12-14,148.29999999999998,7,187.5,True,False,False,,,-1.58,-0.169,-0.2393156642875578,0.970941817426052,1975,pre1991,NEM,0.0
1975-12-21,133.5,7,144.8,True,False,False,,,-1.58,-0.169,-0.12053668025532363,0.992708874098054,1975,pre1991,NEM,0.0
1975-12-28,105.3,7,117.4,True,False,False,,,-1.58,-0.169,6.432490598706546e-16,1.0,1975,pre1991,NEM,0.0
1976-01-04,92.98571428571428,7,106.8,True,False,False,,,-1.49,0.005,0.12053668025532305,0.992708874098054,1975,pre1991,inter,0.0
1976-01-11,82.85714285714286,7,86.6,True,False,False,,,-1.49,0.005,0.23931566428755774,0.970941817426052,1975,pre1991,inter,0.0
1976-01-18,69.47142857142858,7,83.3,True,False,False,,,-1.49,0.005,0.3546048870425356,0.9350162426854148,1975,pre1991,inter,0.0
1976-01-25,53.68571428571429,7,66.0,True,False,False,,,-1.49,0.005,0.4647231720437685,0.8854560256532099,1975,pre1991,inter,0.0
1976-02-01,49.0,7,52.8,True,False,False,,,-1.11,0.077,0.5680647467311558,0.8229838658936564,1975,pre1991,inter,0.0
1976-02-08,45.67142857142857,7,50.3,True,False,False,,,-1.11,0.077,0.6631226582407952,0.7485107481711011,1975,pre1991,inter,0.0
1976-02-15,46.0,7,50.9,True,False,False,,,-1.11,0.077,0.7485107481711011,0.6631226582407953,1975,pre1991,inter,0.0
1976-02-22,46.34285714285714,7,49.9,True,False,False,,,-1.11,0.077,0.8229838658936564,0.5680647467311558,1975,pre1991,inter,0.0
1976-02-29,46.714285714285715,7,55.6,True,False,False,,,-1.11,0.077,0.8854560256532098,0.4647231720437686,1975,pre1991,inter,0.0
1976-03-07,56.24285714285714,7,62.7,True,False,False,,,-0.65,0.02,0.9350162426854148,0.35460488704253557,1975,pre1991,inter,0.0
1976-03-14,58.89999999999999,7,65.0,True,False,False,,,-0.65,0.02,0.970941817426052,0.23931566428755804,1975,pre1991,inter,0.0
1976-03-21,61.699999999999996,7,82.8,True,False,False,,,-0.65,0.02,0.992708874098054,0.120536680255323,1975,pre1991,inter,0.0
1976-03-28,70.18571428571428,7,81.9,True,False,False,,,-0.65,0.02,1.0,-1.6081226496766366e-16,1975,pre1991,inter,0.0
1976-04-04,74.07142857142857,7,91.7,True,False,False,,,-0.45,0.122,0.992708874098054,-0.12053668025532288,1975,pre1991,inter,0.0
1976-04-11,82.60000000000001,7,91.8,True,False,False,,,-0.45,0.122,0.9709418174260521,-0.2393156642875575,1975,pre1991,inter,0.0
1976-04-18,76.22857142857143,7,89.7,True,False,False,,,-0.45,0.122,0.9350162426854148,-0.35460488704253545,1975,pre1991,inter,0.0
1976-04-25,84.91428571428571,7,96.9,True,False,False,,,-0.45,0.122,0.8854560256532099,-0.4647231720437685,1975,pre1991,inter,0.0
1976-05-02,94.22857142857143,7,104.3,True,False,False,,,-0.23,-0.004,0.8229838658936565,-0.5680647467311557,1975,pre1991,inter,0.0
1976-05-09,71.38571428571429,7,83.3,True,False,False,,,-0.23,-0.004,0.7485107481711013,-0.6631226582407951,1975,pre1991,inter,0.0
1976-05-16,96.47142857142856,7,157.8,True,False,False,,,-0.23,-0.004,0.6631226582407952,-0.7485107481711012,1975,pre1991,inter,0.0
1976-05-23,110.24285714285715,7,134.1,True,False,False,,,-0.23,-0.004,0.5680647467311558,-0.8229838658936564,1975,pre1991,inter,0.0
1976-05-30,85.12857142857142,7,104.6,True,False,False,,,-0.23,-0.004,0.46472317204376906,-0.8854560256532096,1975,pre1991,inter,0.0
1976-06-06,63.457142857142856,7,87.2,True,False,False,,,0.0,0.369,0.35460488704253584,-0.9350162426854147,1976,pre1991,SWM,0.0
1976-06-13,37.114285714285714,7,45.6,True,False,False,,,0.0,0.369,0.23931566428755768,-0.970941817426052,1976,pre1991,SWM,0.0
1976-06-20,67.05714285714285,7,172.7,True,False,False,,,0.0,0.369,0.12053668025532308,-0.992708874098054,1976,pre1991,SWM,0.0
1976-06-27,34.44285714285714,7,51.3,True,False,False,,,0.0,0.369,-3.216245299353273e-16,-1.0,1976,pre1991,SWM,0.0
1976-07-04,25.285714285714285,7,30.8,True,False,False,,,0.23,0.593,-0.12053668025532283,-0.992708874098054,1976,pre1991,SWM,0.0
1976-07-11,27.442857142857143,7,38.9,True,False,False,,,0.23,0.593,-0.23931566428755743,-0.9709418174260521,1976,pre1991,SWM,0.0
1976-07-18,31.75714285714286,7,34.0,True,False,False,,,0.23,0.593,-0.3546048870425356,-0.9350162426854148,1976,pre1991,SWM,0.0
1976-07-25,36.9,7,53.9,True,False,False,,,0.23,0.593,-0.46472317204376806,-0.8854560256532101,1976,pre1991,SWM,0.0
1976-08-01,156.6142857142857,7,497.4,True,False,False,,,0.4,0.107,-0.5680647467311556,-0.8229838658936565,1976,pre1991,SWM,0.0
1976-08-08,572.1,7,979.4,True,False,False,,,0.4,0.107,-0.663122658240795,-0.7485107481711013,1976,pre1991,SWM,0.0
1976-08-15,218.97142857142856,7,314.4,True,False,False,,,0.4,0.107,-0.7485107481711011,-0.6631226582407952,1976,pre1991,SWM,0.0
1976-08-22,276.35714285714283,7,827.4,True,False,False,,,0.4,0.107,-0.8229838658936564,-0.5680647467311559,1976,pre1991,SWM,0.0
1976-08-29,227.5,7,449.2,True,False,False,,,0.4,0.107,-0.8854560256532096,-0.4647231720437691,1976,pre1991,SWM,0.0
1976-09-05,266.5285714285714,7,462.4,True,False,False,,,0.6,-0.208,-0.9350162426854147,-0.3546048870425359,1976,pre1991,SWM,0.0
1976-09-12,484.6857142857143,7,675.6,True,False,False,,,0.6,-0.208,-0.970941817426052,-0.23931566428755774,1976,pre1991,SWM,0.0
1976-09-19,226.54285714285714,7,459.7,True,False,False,,,0.6,-0.208,-0.992708874098054,-0.12053668025532357,1976,pre1991,SWM,0.0
1976-09-26,180.58571428571426,7,337.8,True,False,False,,,0.6,-0.208,-1.0,-1.8369701987210297e-16,1976,pre1991,SWM,0.0
1976-10-03,380.7,7,481.0,True,False,False,,,0.79,-0.231,-0.992708874098054,0.1205366802553232,1976,pre1991,NEM,0.0
1976-10-10,138.77142857142857,7,351.9,True,False,False,,,0.79,-0.231,-0.9709418174260521,0.23931566428755738,1976,pre1991,NEM,0.0
1976-10-17,150.81428571428572,7,354.5,True,False,False,,,0.79,-0.231,-0.9350162426854148,0.35460488704253557,1976,pre1991,NEM,0.0
1976-10-24,230.8857142857143,7,508.5,True,False,False,,,0.79,-0.231,-0.8854560256532101,0.464723172043768,1976,pre1991,NEM,0.0
1976-10-31,80.21428571428571,7,87.3,True,False,False,,,0.79,-0.231,-0.822983865893657,0.5680647467311548,1976,pre1991,NEM,0.0
1976-11-07,77.88571428571429,7,95.3,True,False,False,,,0.81,-0.181,-0.7485107481711011,0.6631226582407953,1976,pre1991,NEM,0.0
1976-11-14,108.29142857142857,7,114.2,True,False,False,,,0.81,-0.181,-0.6631226582407956,0.7485107481711007,1976,pre1991,NEM,0.0
1976-11-21,112.28571428571429,7,208.0,True,False,False,,,0.81,-0.181,-0.5680647467311559,0.8229838658936564,1976,pre1991,NEM,0.0
1976-11-28,181.58571428571426,7,392.7,True,False,False,,,0.81,-0.181,-0.4647231720437684,0.88545602565321,1976,pre1991,NEM,0.0
1976-12-05,84.41428571428571,7,103.4,True,False,False,,,0.84,0.029,-0.35460488704253595,0.9350162426854147,1976,pre1991,NEM,0.0
1976-12-12,69.35714285714286,7,73.8,True,False,False,,,0.84,0.029,-0.2393156642875578,0.970941817426052,1976,pre1991,NEM,0.0
1976-12-19,61.142857142857146,7,67.9,True,False,False,,,0.84,0.029,-0.12053668025532363,0.992708874098054,1976,pre1991,NEM,0.0
1976-12-26,42.92857142857143,7,53.4,True,False,False,,,0.84,0.029,6.432490598706546e-16,1.0,1976,pre1991,NEM,0.0
1977-01-02,35.15714285714286,7,37.8,True,False,False,,,0.71,-0.003,0.12053668025532314,0.992708874098054,1976,pre1991,inter,0.0
1977-01-09,38.15714285714286,7,45.0,True,False,False,,,0.71,-0.003,0.12053668025532305,0.992708874098054,1976,pre1991,inter,0.0
1977-01-16,37.1,7,42.7,True,False,False,,,0.71,-0.003,0.23931566428755774,0.970941817426052,1976,pre1991,inter,0.0
1977-01-23,35.08571428571428,7,40.8,True,False,False,,,0.71,-0.003,0.3546048870425356,0.9350162426854148,1976,pre1991,inter,0.0
1977-01-30,29.948571428571427,7,33.6,True,False,False,,,0.71,-0.003,0.4647231720437685,0.8854560256532099,1976,pre1991,inter,0.0
1977-02-06,28.099999999999998,7,30.0,True,False,False,,,0.66,-0.261,0.5680647467311558,0.8229838658936564,1976,pre1991,inter,0.0
1977-02-13,30.185714285714287,7,33.5,True,False,False,,,0.66,-0.261,0.6631226582407952,0.7485107481711011,1976,pre1991,inter,0.0
1977-02-20,31.014285714285712,7,40.0,True,False,False,,,0.66,-0.261,0.7485107481711011,0.6631226582407953,1976,pre1991,inter,0.0
1977-02-27,34.32857142857143,7,45.0,True,False,False,,,0.66,-0.261,0.8229838658936564,0.5680647467311558,1976,pre1991,inter,0.0
1977-03-06,32.871428571428574,7,40.0,True,False,False,,,0.33,0.174,0.8854560256532098,0.4647231720437686,1976,pre1991,inter,0.0
1977-03-13,21.285714285714285,7,24.5,True,False,False,,,0.33,0.174,0.9350162426854148,0.35460488704253557,1976,pre1991,inter,0.0
1977-03-20,39.67142857142857,7,63.0,True,False,False,,,0.33,0.174,0.970941817426052,0.23931566428755804,1976,pre1991,inter,0.0
1977-03-27,31.857142857142858,7,38.0,True,False,False,,,0.33,0.174,0.992708874098054,0.120536680255323,1976,pre1991,inter,0.0
1977-04-03,46.9,7,67.2,True,False,False,,,0.26,-0.029,1.0,-1.6081226496766366e-16,1976,pre1991,inter,0.0
1977-04-10,46.48571428571428,7,58.0,True,False,False,,,0.26,-0.029,0.992708874098054,-0.12053668025532288,1976,pre1991,inter,0.0
1977-04-17,54.25714285714286,7,64.1,True,False,False,,,0.26,-0.029,0.9709418174260521,-0.2393156642875575,1976,pre1991,inter,0.0
1977-04-24,60.41428571428571,7,89.6,True,False,False,,,0.26,-0.029,0.9350162426854148,-0.35460488704253545,1976,pre1991,inter,0.0
1977-05-01,106.82857142857142,7,130.1,True,False,False,,,0.26,-0.341,0.8854560256532099,-0.4647231720437685,1976,pre1991,inter,0.0
1977-05-08,109.98571428571428,7,185.4,True,False,False,,,0.26,-0.341,0.8229838658936565,-0.5680647467311557,1976,pre1991,inter,0.0
1977-05-15,208.58571428571426,7,267.6,True,False,False,,,0.26,-0.341,0.7485107481711013,-0.6631226582407951,1976,pre1991,inter,0.0
1977-05-22,164.58571428571432,7,208.8,True,False,False,,,0.26,-0.341,0.6631226582407952,-0.7485107481711012,1976,pre1991,inter,0.0
1977-05-29,109.21428571428571,7,191.5,True,False,False,,,0.26,-0.341,0.5680647467311558,-0.8229838658936564,1976,pre1991,inter,0.0
1977-06-05,86.10000000000001,7,122.8,True,False,False,,,0.46,-0.095,0.46472317204376906,-0.8854560256532096,1977,pre1991,SWM,0.0
1977-06-12,84.12857142857142,7,146.9,True,False,False,,,0.46,-0.095,0.35460488704253584,-0.9350162426854147,1977,pre1991,SWM,0.0
1977-06-19,55.300000000000004,7,69.3,True,False,False,,,0.46,-0.095,0.23931566428755768,-0.970941817426052,1977,pre1991,SWM,0.0
1977-06-26,62.142857142857146,7,72.1,True,False,False,,,0.46,-0.095,0.12053668025532308,-0.992708874098054,1977,pre1991,SWM,0.0
1977-07-03,47.58571428571429,7,53.9,True,False,False,,,0.39,-0.171,-3.216245299353273e-16,-1.0,1977,pre1991,SWM,0.0
1977-07-10,69.22857142857143,7,250.1,True,False,False,,,0.39,-0.171,-0.12053668025532283,-0.992708874098054,1977,pre1991,SWM,0.0
1977-07-17,206.8714285714286,7,288.8,True,False,False,,,0.39,-0.171,-0.23931566428755743,-0.9709418174260521,1977,pre1991,SWM,0.0
1977-07-24,368.80000000000007,7,602.2,True,False,False,,,0.39,-0.171,-0.3546048870425356,-0.9350162426854148,1977,pre1991,SWM,0.0
1977-07-31,1282.3428571428572,7,2006.2,True,False,False,,,0.39,-0.171,-0.46472317204376806,-0.8854560256532101,1977,pre1991,SWM,0.0
1977-08-07,790.0857142857143,7,1112.1,True,False,False,,,0.35,-0.261,-0.5680647467311556,-0.8229838658936565,1977,pre1991,SWM,0.0
1977-08-14,548.2428571428571,7,641.2,True,False,False,,,0.35,-0.261,-0.663122658240795,-0.7485107481711013,1977,pre1991,SWM,0.0
1977-08-21,439.30000000000007,7,653.7,True,False,False,,,0.35,-0.261,-0.7485107481711011,-0.6631226582407952,1977,pre1991,SWM,0.0
1977-08-28,318.3,7,641.6,True,False,False,,,0.35,-0.261,-0.8229838658936564,-0.5680647467311559,1977,pre1991,SWM,0.0
1977-09-04,396.12857142857143,7,799.5,True,False,False,,,0.45,-0.259,-0.8854560256532096,-0.4647231720437691,1977,pre1991,SWM,0.0
1977-09-11,695.5571428571428,7,1135.7,True,False,False,,,0.45,-0.259,-0.9350162426854147,-0.3546048870425359,1977,pre1991,SWM,0.0
1977-09-18,319.7142857142857,7,420.5,True,False,False,,,0.45,-0.259,-0.970941817426052,-0.23931566428755774,1977,pre1991,SWM,0.0
1977-09-25,538.8142857142857,7,618.9,True,False,False,,,0.45,-0.259,-0.992708874098054,-0.12053668025532357,1977,pre1991,SWM,0.0
1977-10-02,844.2428571428572,7,1052.9,True,False,False,,,0.68,0.245,-1.0,-1.8369701987210297e-16,1977,pre1991,NEM,0.0
1977-10-09,646.2142857142857,7,750.0,True,False,False,,,0.68,0.245,-0.992708874098054,0.1205366802553232,1977,pre1991,NEM,0.0
1977-10-16,1014.4571428571428,7,1609.6,True,False,False,,,0.68,0.245,-0.9709418174260521,0.23931566428755738,1977,pre1991,NEM,0.0
1977-10-23,813.3714285714286,7,1215.7,True,False,False,,,0.68,0.245,-0.9350162426854148,0.35460488704253557,1977,pre1991,NEM,0.0
1977-10-30,1210.4428571428573,7,2362.0,True,False,False,,,0.68,0.245,-0.8854560256532101,0.464723172043768,1977,pre1991,NEM,0.0
1977-11-06,341.9857142857143,7,563.2,True,False,False,,,0.84,-0.127,-0.822983865893657,0.5680647467311548,1977,pre1991,NEM,0.0
1977-11-13,585.0857142857143,7,1062.8,True,False,False,,,0.84,-0.127,-0.7485107481711011,0.6631226582407953,1977,pre1991,NEM,0.0
1977-11-20,355.95714285714286,7,439.4,True,False,False,,,0.84,-0.127,-0.6631226582407956,0.7485107481711007,1977,pre1991,NEM,0.0
1977-11-27,323.40000000000003,7,392.5,True,False,False,,,0.84,-0.127,-0.5680647467311559,0.8229838658936564,1977,pre1991,NEM,0.0
1977-12-04,272.92857142857144,7,348.4,True,False,False,,,0.82,-0.02,-0.4647231720437684,0.88545602565321,1977,pre1991,NEM,0.0
1977-12-11,185.97142857142856,7,205.2,True,False,False,,,0.82,-0.02,-0.35460488704253595,0.9350162426854147,1977,pre1991,NEM,0.0
1977-12-18,149.84285714285716,7,168.9,True,False,False,,,0.82,-0.02,-0.2393156642875578,0.970941817426052,1977,pre1991,NEM,0.0
1977-12-25,128.71428571428572,7,139.8,True,False,False,,,0.82,-0.02,-0.12053668025532363,0.992708874098054,1977,pre1991,NEM,0.0
1978-01-01,122.85714285714286,7,126.0,True,False,False,,,0.71,-0.64,6.432490598706546e-16,1.0,1977,pre1991,inter,0.0
1978-01-08,110.65714285714286,7,118.9,True,False,False,,,0.71,-0.64,0.12053668025532305,0.992708874098054,1977,pre1991,inter,0.0
1978-01-15,102.10000000000001,7,113.2,True,False,False,,,0.71,-0.64,0.23931566428755774,0.970941817426052,1977,pre1991,inter,0.0
1978-01-22,89.65714285714286,7,97.6,True,False,False,,,0.71,-0.64,0.3546048870425356,0.9350162426854148,1977,pre1991,inter,0.0
1978-01-29,69.88571428571429,7,73.4,True,False,False,,,0.71,-0.64,0.4647231720437685,0.8854560256532099,1977,pre1991,inter,0.0
1978-02-05,61.114285714285714,7,70.0,True,False,False,,,0.52,-0.53,0.5680647467311558,0.8229838658936564,1977,pre1991,inter,0.0
1978-02-12,48.971428571428575,7,77.7,True,False,False,,,0.52,-0.53,0.6631226582407952,0.7485107481711011,1977,pre1991,inter,0.0
1978-02-19,40.042857142857144,7,43.1,True,False,False,,,0.52,-0.53,0.7485107481711011,0.6631226582407953,1977,pre1991,inter,0.0
1978-02-26,50.57142857142857,7,78.5,True,False,False,,,0.52,-0.53,0.8229838658936564,0.5680647467311558,1977,pre1991,inter,0.0
1978-03-05,38.628571428571426,7,45.4,True,False,False,,,0.17,-0.583,0.8854560256532098,0.4647231720437686,1977,pre1991,inter,0.0
1978-03-12,34.785714285714285,7,38.5,True,False,False,,,0.17,-0.583,0.9350162426854148,0.35460488704253557,1977,pre1991,inter,0.0
1978-03-19,36.75714285714286,7,47.8,True,False,False,,,0.17,-0.583,0.970941817426052,0.23931566428755804,1977,pre1991,inter,0.0
1978-03-26,60.357142857142854,7,81.5,True,False,False,,,0.17,-0.583,0.992708874098054,0.120536680255323,1977,pre1991,inter,0.0
1978-04-02,67.57142857142857,7,69.2,True,False,False,,,-0.06,-0.214,1.0,-1.6081226496766366e-16,1977,pre1991,inter,0.0
1978-04-09,72.84285714285714,7,98.4,True,False,False,,,-0.06,-0.214,0.992708874098054,-0.12053668025532288,1977,pre1991,inter,0.0
1978-04-16,77.62857142857142,7,102.3,True,False,False,,,-0.06,-0.214,0.9709418174260521,-0.2393156642875575,1977,pre1991,inter,0.0
1978-04-23,109.11428571428571,7,126.9,True,False,False,,,-0.06,-0.214,0.9350162426854148,-0.35460488704253545,1977,pre1991,inter,0.0
1978-04-30,119.95714285714287,7,132.1,True,False,False,,,-0.06,-0.214,0.8854560256532099,-0.4647231720437685,1977,pre1991,inter,0.0
1978-05-07,59.41428571428571,7,82.3,True,False,False,,,-0.28,-0.533,0.8229838658936565,-0.5680647467311557,1977,pre1991,inter,0.0
1978-05-14,67.7,7,107.1,True,False,False,,,-0.28,-0.533,0.7485107481711013,-0.6631226582407951,1977,pre1991,inter,0.0
1978-05-21,85.92857142857143,7,132.5,True,False,False,,,-0.28,-0.533,0.6631226582407952,-0.7485107481711012,1977,pre1991,inter,0.0
1978-05-28,146.44285714285712,7,256.3,True,False,False,,,-0.28,-0.533,0.5680647467311558,-0.8229838658936564,1977,pre1991,inter,0.0
1978-06-04,78.87142857142858,7,108.2,True,False,False,,,-0.24,-0.175,0.46472317204376906,-0.8854560256532096,1978,pre1991,SWM,0.0
1978-06-11,46.142857142857146,7,56.9,True,False,False,,,-0.24,-0.175,0.35460488704253584,-0.9350162426854147,1978,pre1991,SWM,0.0
1978-06-18,62.300000000000004,7,70.1,True,False,False,,,-0.24,-0.175,0.23931566428755768,-0.970941817426052,1978,pre1991,SWM,0.0
1978-06-25,349.0285714285714,7,793.5,True,False,False,,,-0.24,-0.175,0.12053668025532308,-0.992708874098054,1978,pre1991,SWM,0.0
1978-07-02,497.9142857142857,7,876.7,True,False,False,,,-0.37,-0.107,-3.216245299353273e-16,-1.0,1978,pre1991,SWM,0.0
1978-07-09,401.8285714285715,7,672.7,True,False,False,,,-0.37,-0.107,-0.12053668025532283,-0.992708874098054,1978,pre1991,SWM,0.0
1978-07-16,1081.4285714285713,7,1679.8,True,False,False,,,-0.37,-0.107,-0.23931566428755743,-0.9709418174260521,1978,pre1991,SWM,0.0
1978-07-23,706.8857142857142,7,977.5,True,False,False,,,-0.37,-0.107,-0.3546048870425356,-0.9350162426854148,1978,pre1991,SWM,0.0
1978-07-30,1082.3285714285714,7,1501.6,True,False,False,,,-0.37,-0.107,-0.46472317204376806,-0.8854560256532101,1978,pre1991,SWM,0.0
1978-08-06,1459.5857142857144,7,2373.2,True,False,False,,,-0.37,-0.224,-0.5680647467311556,-0.8229838658936565,1978,pre1991,SWM,0.0
1978-08-13,1006.3857142857144,7,1334.4,True,False,False,,,-0.37,-0.224,-0.663122658240795,-0.7485107481711013,1978,pre1991,SWM,0.0
1978-08-20,1497.3428571428572,7,2328.5,True,False,False,,,-0.37,-0.224,-0.7485107481711011,-0.6631226582407952,1978,pre1991,SWM,0.0
1978-08-27,1733.9428571428573,7,2198.6,True,False,False,,,-0.37,-0.224,-0.8229838658936564,-0.5680647467311559,1978,pre1991,SWM,0.0
1978-09-03,1488.7,7,1918.7,True,False,False,,,-0.44,-0.26,-0.8854560256532096,-0.4647231720437691,1978,pre1991,SWM,0.0
1978-09-10,598.4,7,750.7,True,False,False,,,-0.44,-0.26,-0.9350162426854147,-0.3546048870425359,1978,pre1991,SWM,0.0
1978-09-17,347.04285714285714,7,444.5,True,False,False,,,-0.44,-0.26,-0.970941817426052,-0.23931566428755774,1978,pre1991,SWM,0.0
1978-09-24,303.24285714285713,7,459.3,True,False,False,,,-0.44,-0.26,-0.992708874098054,-0.12053668025532357,1978,pre1991,SWM,0.0
1978-10-01,1007.5857142857143,7,2258.1,True,False,False,,,-0.27,-0.502,-1.0,-1.8369701987210297e-16,1978,pre1991,NEM,0.0
1978-10-08,319.9142857142857,7,415.2,True,False,False,,,-0.27,-0.502,-0.992708874098054,0.1205366802553232,1978,pre1991,NEM,0.0
1978-10-15,324.4714285714286,7,628.2,True,False,False,,,-0.27,-0.502,-0.9709418174260521,0.23931566428755738,1978,pre1991,NEM,0.0
1978-10-22,443.6857142857143,7,698.5,True,False,False,,,-0.27,-0.502,-0.9350162426854148,0.35460488704253557,1978,pre1991,NEM,0.0
1978-10-29,237.5,7,246.1,True,False,False,,,-0.27,-0.502,-0.8854560256532101,0.464723172043768,1978,pre1991,NEM,0.0
1978-11-05,267.7142857142857,7,590.0,True,False,False,,,-0.07,-0.458,-0.822983865893657,0.5680647467311548,1978,pre1991,NEM,0.0
1978-11-12,626.9714285714286,7,973.3,True,False,False,,,-0.07,-0.458,-0.7485107481711011,0.6631226582407953,1978,pre1991,NEM,0.0
1978-11-19,263.62857142857143,7,367.9,True,False,False,,,-0.07,-0.458,-0.6631226582407956,0.7485107481711007,1978,pre1991,NEM,0.0
1978-11-26,160.75714285714284,7,183.3,True,False,False,,,-0.07,-0.458,-0.5680647467311559,0.8229838658936564,1978,pre1991,NEM,0.0
1978-12-03,144.65714285714287,7,164.8,True,False,False,,,0.11,-0.26,-0.4647231720437684,0.88545602565321,1978,pre1991,NEM,0.0
1978-12-10,128.87142857142857,7,131.8,True,False,False,,,0.11,-0.26,-0.35460488704253595,0.9350162426854147,1978,pre1991,NEM,0.0
1978-12-17,117.7,7,124.8,True,False,False,,,0.11,-0.26,-0.2393156642875578,0.970941817426052,1978,pre1991,NEM,0.0
1978-12-24,105.32857142857142,7,108.6,True,False,False,,,0.11,-0.26,-0.12053668025532363,0.992708874098054,1978,pre1991,NEM,0.0
1978-12-31,147.12857142857143,7,255.5,True,False,False,,,0.11,-0.26,6.432490598706546e-16,1.0,1978,pre1991,NEM,0.0
1979-01-07,128.78571428571428,7,208.9,True,False,False,,,0.19,0.317,0.12053668025532305,0.992708874098054,1978,pre1991,inter,0.0
1979-01-14,76.04285714285713,7,91.0,True,False,False,,,0.19,0.317,0.23931566428755774,0.970941817426052,1978,pre1991,inter,0.0
1979-01-21,69.07142857142857,7,71.8,True,False,False,,,0.19,0.317,0.3546048870425356,0.9350162426854148,1978,pre1991,inter,0.0
1979-01-28,61.42857142857143,7,64.1,True,False,False,,,0.19,0.317,0.4647231720437685,0.8854560256532099,1978,pre1991,inter,0.0
1979-02-04,60.199999999999996,7,74.2,True,False,False,,,0.21,-0.159,0.5680647467311558,0.8229838658936564,1978,pre1991,inter,0.0
1979-02-11,50.642857142857146,7,55.1,True,False,False,,,0.21,-0.159,0.6631226582407952,0.7485107481711011,1978,pre1991,inter,0.0
1979-02-18,54.07142857142857,7,62.9,True,False,False,,,0.21,-0.159,0.7485107481711011,0.6631226582407953,1978,pre1991,inter,0.0
1979-02-25,113.24285714285715,7,180.0,True,False,False,,,0.21,-0.159,0.8229838658936564,0.5680647467311558,1978,pre1991,inter,0.0
1979-03-04,74.60000000000001,7,114.8,True,False,False,,,0.29,-0.034,0.8854560256532098,0.4647231720437686,1978,pre1991,inter,0.0
1979-03-11,42.199999999999996,7,53.9,True,False,False,,,0.29,-0.034,0.9350162426854148,0.35460488704253557,1978,pre1991,inter,0.0
1979-03-18,40.57142857142857,7,52.8,True,False,False,,,0.29,-0.034,0.970941817426052,0.23931566428755804,1978,pre1991,inter,0.0
1979-03-25,58.25714285714286,7,65.0,True,False,False,,,0.29,-0.034,0.992708874098054,0.120536680255323,1978,pre1991,inter,0.0
1979-04-01,45.542857142857144,7,51.0,True,False,False,,,0.32,-0.207,1.0,-1.6081226496766366e-16,1978,pre1991,inter,0.0
1979-04-08,54.05714285714286,7,73.9,True,False,False,,,0.32,-0.207,0.992708874098054,-0.12053668025532288,1978,pre1991,inter,0.0
1979-04-15,88.12857142857142,7,105.8,True,False,False,,,0.32,-0.207,0.9709418174260521,-0.2393156642875575,1978,pre1991,inter,0.0
1979-04-22,82.28571428571429,7,102.2,True,False,False,,,0.32,-0.207,0.9350162426854148,-0.35460488704253545,1978,pre1991,inter,0.0
1979-04-29,113.98571428571428,7,125.8,True,False,False,,,0.32,-0.207,0.8854560256532099,-0.4647231720437685,1978,pre1991,inter,0.0
1979-05-06,167.28571428571428,7,215.4,True,False,False,,,0.29,-0.444,0.8229838658936565,-0.5680647467311557,1978,pre1991,inter,0.0
1979-05-13,187.97142857142856,7,216.3,True,False,False,,,0.29,-0.444,0.7485107481711013,-0.6631226582407951,1978,pre1991,inter,0.0
1979-05-20,94.78571428571429,7,149.7,True,False,False,,,0.29,-0.444,0.6631226582407952,-0.7485107481711012,1978,pre1991,inter,0.0
1979-05-27,65.1,7,118.3,True,False,False,,,0.29,-0.444,0.5680647467311558,-0.8229838658936564,1978,pre1991,inter,0.0
1979-06-03,65.2,7,84.1,True,False,False,,,0.14,0.109,0.46472317204376906,-0.8854560256532096,1979,pre1991,SWM,0.0
1979-06-10,96.35714285714286,7,212.8,True,False,False,,,0.14,0.109,0.35460488704253584,-0.9350162426854147,1979,pre1991,SWM,0.0
1979-06-17,122.34285714285714,7,152.5,True,False,False,,,0.14,0.109,0.23931566428755768,-0.970941817426052,1979,pre1991,SWM,0.0
1979-06-24,133.71428571428572,7,205.2,True,False,False,,,0.14,0.109,0.12053668025532308,-0.992708874098054,1979,pre1991,SWM,0.0
1979-07-01,83.97142857142856,7,173.3,True,False,False,,,0.09,-0.315,-3.216245299353273e-16,-1.0,1979,pre1991,SWM,0.0
1979-07-08,372.37142857142857,7,855.0,True,False,False,,,0.09,-0.315,-0.12053668025532283,-0.992708874098054,1979,pre1991,SWM,0.0
1979-07-15,584.8571428571429,7,712.8,True,False,False,,,0.09,-0.315,-0.23931566428755743,-0.9709418174260521,1979,pre1991,SWM,0.0
1979-07-22,307.7142857142857,7,575.2,True,False,False,,,0.09,-0.315,-0.3546048870425356,-0.9350162426854148,1979,pre1991,SWM,0.0
1979-07-29,163.87142857142857,7,217.6,True,False,False,,,0.09,-0.315,-0.46472317204376806,-0.8854560256532101,1979,pre1991,SWM,0.0
1979-08-05,1514.5571428571432,7,2950.5,True,False,False,,,0.22,-0.226,-0.5680647467311556,-0.8229838658936565,1979,pre1991,SWM,0.0
1979-08-12,2728.6428571428573,7,2981.7,True,False,False,,,0.22,-0.226,-0.663122658240795,-0.7485107481711013,1979,pre1991,SWM,0.0
1979-08-19,1468.0571428571427,7,2905.3,True,False,False,,,0.22,-0.226,-0.7485107481711011,-0.6631226582407952,1979,pre1991,SWM,0.0
1979-08-26,465.3,7,544.0,True,False,False,,,0.22,-0.226,-0.8229838658936564,-0.5680647467311559,1979,pre1991,SWM,0.0
1979-09-02,417.9714285714286,7,697.2,True,False,False,,,0.34,-0.279,-0.8854560256532096,-0.4647231720437691,1979,pre1991,SWM,0.0
1979-09-09,422.61428571428576,7,683.4,True,False,False,,,0.34,-0.279,-0.9350162426854147,-0.3546048870425359,1979,pre1991,SWM,0.0
1979-09-16,865.5857142857142,7,1121.5,True,False,False,,,0.34,-0.279,-0.970941817426052,-0.23931566428755774,1979,pre1991,SWM,0.0
1979-09-23,692.5,7,1104.7,True,False,False,,,0.34,-0.279,-0.992708874098054,-0.12053668025532357,1979,pre1991,SWM,0.0
1979-09-30,386.75714285714287,7,493.9,True,False,False,,,0.34,-0.279,-1.0,-1.8369701987210297e-16,1979,pre1991,SWM,0.0
1979-10-07,333.9714285714286,7,440.2,True,False,False,,,0.47,-0.314,-0.992708874098054,0.1205366802553232,1979,pre1991,NEM,0.0
1979-10-14,431.4714285714286,7,610.1,True,False,False,,,0.47,-0.314,-0.9709418174260521,0.23931566428755738,1979,pre1991,NEM,0.0
1979-10-21,223.25714285714284,7,250.6,True,False,False,,,0.47,-0.314,-0.9350162426854148,0.35460488704253557,1979,pre1991,NEM,0.0
1979-10-28,176.58571428571426,7,205.8,True,False,False,,,0.47,-0.314,-0.8854560256532101,0.464723172043768,1979,pre1991,NEM,0.0
1979-11-04,338.54285714285714,7,498.5,True,False,False,,,0.5,-0.251,-0.822983865893657,0.5680647467311548,1979,pre1991,NEM,0.0
1979-11-11,214.58571428571426,7,244.0,True,False,False,,,0.5,-0.251,-0.7485107481711011,0.6631226582407953,1979,pre1991,NEM,0.0
1979-11-18,238.4857142857143,7,371.7,True,False,False,,,0.5,-0.251,-0.6631226582407956,0.7485107481711007,1979,pre1991,NEM,0.0
1979-11-25,506.59999999999997,7,610.7,True,False,False,,,0.5,-0.251,-0.5680647467311559,0.8229838658936564,1979,pre1991,NEM,0.0
1979-12-02,265.3857142857143,7,299.6,True,False,False,,,0.64,-0.101,-0.4647231720437684,0.88545602565321,1979,pre1991,NEM,0.0
1979-12-09,187.45714285714286,7,227.5,True,False,False,,,0.64,-0.101,-0.35460488704253595,0.9350162426854147,1979,pre1991,NEM,0.0
1979-12-16,158.0142857142857,7,174.0,True,False,False,,,0.64,-0.101,-0.2393156642875578,0.970941817426052,1979,pre1991,NEM,0.0
1979-12-23,132.04285714285714,7,139.1,True,False,False,,,0.64,-0.101,-0.12053668025532363,0.992708874098054,1979,pre1991,NEM,0.0
1979-12-30,108.24285714285715,7,120.5,True,False,False,,,0.64,-0.101,6.432490598706546e-16,1.0,1979,pre1991,NEM,0.0
1980-01-06,105.85714285714286,7,113.4,True,False,False,,,0.62,-0.158,0.12053668025532305,0.992708874098054,1979,pre1991,inter,0.0
1980-01-13,89.1857142857143,7,100.4,True,False,False,,,0.62,-0.158,0.23931566428755774,0.970941817426052,1979,pre1991,inter,0.0
1980-01-20,69.92857142857143,7,78.5,True,False,False,,,0.62,-0.158,0.3546048870425356,0.9350162426854148,1979,pre1991,inter,0.0
1980-01-27,55.17142857142857,7,57.7,True,False,False,,,0.62,-0.158,0.4647231720437685,0.8854560256532099,1979,pre1991,inter,0.0
1980-02-03,54.92857142857143,7,59.0,True,False,False,,,0.47,-0.2,0.5680647467311558,0.8229838658936564,1979,pre1991,inter,0.0
1980-02-10,66.27142857142857,7,71.3,True,False,False,,,0.47,-0.2,0.6631226582407952,0.7485107481711011,1979,pre1991,inter,0.0
1980-02-17,62.128571428571426,7,69.8,True,False,False,,,0.47,-0.2,0.7485107481711011,0.6631226582407953,1979,pre1991,inter,0.0
1980-02-24,48.871428571428574,7,60.2,True,False,False,,,0.47,-0.2,0.8229838658936564,0.5680647467311558,1979,pre1991,inter,0.0
1980-03-02,35.67142857142857,7,47.3,True,False,False,,,0.35,-0.418,0.8854560256532098,0.4647231720437686,1979,pre1991,inter,0.0
1980-03-09,45.31428571428571,7,52.1,True,False,False,,,0.35,-0.418,0.9350162426854148,0.35460488704253557,1979,pre1991,inter,0.0
1980-03-16,47.0,7,51.8,True,False,False,,,0.35,-0.418,0.970941817426052,0.23931566428755804,1979,pre1991,inter,0.0
1980-03-23,32.357142857142854,7,36.3,True,False,False,,,0.35,-0.418,0.992708874098054,0.120536680255323,1979,pre1991,inter,0.0
1980-03-30,31.585714285714285,7,35.2,True,False,False,,,0.35,-0.418,1.0,-1.6081226496766366e-16,1979,pre1991,inter,0.0
1980-04-06,53.92857142857143,7,74.2,True,False,False,,,0.34,-0.096,0.992708874098054,-0.12053668025532288,1979,pre1991,inter,0.0
1980-04-13,52.771428571428565,7,64.8,True,False,False,,,0.34,-0.096,0.9709418174260521,-0.2393156642875575,1979,pre1991,inter,0.0
1980-04-20,43.6,7,52.0,True,False,False,,,0.34,-0.096,0.9350162426854148,-0.35460488704253545,1979,pre1991,inter,0.0
1980-04-27,63.07142857142857,7,79.5,True,False,False,,,0.34,-0.096,0.8854560256532099,-0.4647231720437685,1979,pre1991,inter,0.0
1980-05-04,97.94285714285715,7,126.4,True,False,False,,,0.45,-0.066,0.8229838658936565,-0.5680647467311557,1979,pre1991,inter,0.0
1980-05-11,76.01428571428572,7,86.3,True,False,False,,,0.45,-0.066,0.7485107481711013,-0.6631226582407951,1979,pre1991,inter,0.0
1980-05-18,59.1,7,72.0,True,False,False,,,0.45,-0.066,0.6631226582407952,-0.7485107481711012,1979,pre1991,inter,0.0
1980-05-25,60.37142857142857,7,73.6,True,False,False,,,0.45,-0.066,0.5680647467311558,-0.8229838658936564,1979,pre1991,inter,0.0
1980-06-01,147.78571428571428,7,371.7,True,False,False,,,0.4,-0.382,0.46472317204376906,-0.8854560256532096,1980,pre1991,SWM,0.0
1980-06-08,150.35714285714286,7,246.2,True,False,False,,,0.4,-0.382,0.35460488704253584,-0.9350162426854147,1980,pre1991,SWM,0.0
1980-06-15,85.55714285714285,7,97.5,True,False,False,,,0.4,-0.382,0.23931566428755768,-0.970941817426052,1980,pre1991,SWM,0.0
1980-06-22,244.7571428571429,7,620.0,True,False,False,,,0.4,-0.382,0.12053668025532308,-0.992708874098054,1980,pre1991,SWM,0.0
1980-06-29,796.9428571428572,7,1245.0,True,False,False,,,0.4,-0.382,-3.216245299353273e-16,-1.0,1980,pre1991,SWM,0.0
1980-07-06,2685.171428571429,7,4562.2,True,False,False,,,0.18,-0.661,-0.12053668025532283,-0.992708874098054,1980,pre1991,SWM,0.0
1980-07-13,2828.2571428571428,7,3570.0,True,False,False,,,0.18,-0.661,-0.23931566428755743,-0.9709418174260521,1980,pre1991,SWM,0.0
1980-07-20,1169.8285714285714,7,2190.0,True,False,False,,,0.18,-0.661,-0.3546048870425356,-0.9350162426854148,1980,pre1991,SWM,0.0
1980-07-27,883.2571428571429,7,1263.4,True,False,False,,,0.18,-0.661,-0.46472317204376806,-0.8854560256532101,1980,pre1991,SWM,0.0
1980-08-03,1521.2428571428572,7,1926.2,True,False,False,,,-0.06,-0.822,-0.5680647467311556,-0.8229838658936565,1980,pre1991,SWM,0.0
1980-08-10,568.7714285714286,7,656.6,True,False,False,,,-0.06,-0.822,-0.663122658240795,-0.7485107481711013,1980,pre1991,SWM,0.0
1980-08-17,1156.6571428571428,7,1928.1,True,False,False,,,-0.06,-0.822,-0.7485107481711011,-0.6631226582407952,1980,pre1991,SWM,0.0
1980-08-24,957.7285714285715,7,1618.4,True,False,False,,,-0.06,-0.822,-0.8229838658936564,-0.5680647467311559,1980,pre1991,SWM,0.0
1980-08-31,980.9285714285714,7,1387.3,True,False,False,,,-0.06,-0.822,-0.8854560256532096,-0.4647231720437691,1980,pre1991,SWM,0.0
1980-09-07,505.0142857142857,7,549.4,True,False,False,,,-0.17,-0.745,-0.9350162426854147,-0.3546048870425359,1980,pre1991,SWM,0.0
1980-09-14,440.62857142857143,7,643.6,True,False,False,,,-0.17,-0.745,-0.970941817426052,-0.23931566428755774,1980,pre1991,SWM,0.0
1980-09-21,195.6142857142857,7,276.9,True,False,False,,,-0.17,-0.745,-0.992708874098054,-0.12053668025532357,1980,pre1991,SWM,0.0
1980-09-28,625.1142857142858,7,811.4,True,False,False,,,-0.17,-0.745,-1.0,-1.8369701987210297e-16,1980,pre1991,SWM,0.0
1980-10-05,629.2857142857143,7,847.4,True,False,False,,,-0.07,-0.658,-0.992708874098054,0.1205366802553232,1980,pre1991,NEM,0.0
1980-10-12,262.1142857142857,7,410.0,True,False,False,,,-0.07,-0.658,-0.9709418174260521,0.23931566428755738,1980,pre1991,NEM,0.0
1980-10-19,251.02857142857144,7,345.9,True,False,False,,,-0.07,-0.658,-0.9350162426854148,0.35460488704253557,1980,pre1991,NEM,0.0
1980-10-26,384.7142857142857,7,691.5,True,False,False,,,-0.07,-0.658,-0.8854560256532101,0.464723172043768,1980,pre1991,NEM,0.0
1980-11-02,235.78571428571428,7,332.7,True,False,False,,,0.08,-0.417,-0.822983865893657,0.5680647467311548,1980,pre1991,NEM,0.0
1980-11-09,165.47142857142856,7,172.6,True,False,False,,,0.08,-0.417,-0.7485107481711011,0.6631226582407953,1980,pre1991,NEM,0.0
1980-11-16,306.65714285714284,7,552.9,True,False,False,,,0.08,-0.417,-0.6631226582407956,0.7485107481711007,1980,pre1991,NEM,0.0
1980-11-23,292.57142857142856,7,352.8,True,False,False,,,0.08,-0.417,-0.5680647467311559,0.8229838658936564,1980,pre1991,NEM,0.0
1980-11-30,195.37142857142857,7,254.0,True,False,False,,,0.08,-0.417,-0.4647231720437684,0.88545602565321,1980,pre1991,NEM,0.0
1980-12-07,161.07142857142858,7,169.8,True,False,False,,,-0.05,-0.483,-0.35460488704253595,0.9350162426854147,1980,pre1991,NEM,0.0
1980-12-14,146.47142857142856,7,153.0,True,False,False,,,-0.05,-0.483,-0.2393156642875578,0.970941817426052,1980,pre1991,NEM,0.0
1980-12-21,137.82857142857142,7,148.0,True,False,False,,,-0.05,-0.483,-0.12053668025532363,0.992708874098054,1980,pre1991,NEM,0.0
1980-12-28,137.8857142857143,7,160.0,True,False,False,,,-0.05,-0.483,6.432490598706546e-16,1.0,1980,pre1991,NEM,0.0
1981-01-04,109.91428571428571,7,115.7,True,False,False,,,-0.27,-0.201,0.12053668025532305,0.992708874098054,1980,pre1991,inter,0.0
1981-01-11,97.52857142857144,7,108.8,True,False,False,,,-0.27,-0.201,0.23931566428755774,0.970941817426052,1980,pre1991,inter,0.0
1981-01-18,78.31428571428572,7,85.2,True,False,False,,,-0.27,-0.201,0.3546048870425356,0.9350162426854148,1980,pre1991,inter,0.0
1981-01-25,79.81428571428572,7,87.8,True,False,False,,,-0.27,-0.201,0.4647231720437685,0.8854560256532099,1980,pre1991,inter,0.0
1981-02-01,92.21428571428571,7,101.9,True,False,False,,,-0.42,-0.024,0.5680647467311558,0.8229838658936564,1980,pre1991,inter,0.0
1981-02-08,67.60000000000001,7,74.3,True,False,False,,,-0.42,-0.024,0.6631226582407952,0.7485107481711011,1980,pre1991,inter,0.0
1981-02-15,48.957142857142856,7,59.7,True,False,False,,,-0.42,-0.024,0.7485107481711011,0.6631226582407953,1980,pre1991,inter,0.0
1981-02-22,42.4,7,45.9,True,False,False,,,-0.42,-0.024,0.8229838658936564,0.5680647467311558,1980,pre1991,inter,0.0
1981-03-01,34.142857142857146,7,37.4,True,False,False,,,-0.41,0.026,0.8854560256532098,0.4647231720437686,1980,pre1991,inter,0.0
1981-03-08,36.614285714285714,7,41.8,True,False,False,,,-0.41,0.026,0.9350162426854148,0.35460488704253557,1980,pre1991,inter,0.0
1981-03-15,48.07142857142857,7,82.5,True,False,False,,,-0.41,0.026,0.970941817426052,0.23931566428755804,1980,pre1991,inter,0.0
1981-03-22,75.75714285714285,7,107.8,True,False,False,,,-0.41,0.026,0.992708874098054,0.120536680255323,1980,pre1991,inter,0.0
1981-03-29,70.18571428571428,7,109.6,True,False,False,,,-0.41,0.026,1.0,-1.6081226496766366e-16,1980,pre1991,inter,0.0
1981-04-05,55.41428571428571,7,70.1,True,False,False,,,-0.27,0.093,0.992708874098054,-0.12053668025532288,1980,pre1991,inter,0.0
1981-04-12,56.67142857142857,7,64.7,True,False,False,,,-0.27,0.093,0.9709418174260521,-0.2393156642875575,1980,pre1991,inter,0.0
1981-04-19,69.78571428571429,7,87.0,True,False,False,,,-0.27,0.093,0.9350162426854148,-0.35460488704253545,1980,pre1991,inter,0.0
1981-04-26,61.385714285714286,7,82.5,True,False,False,,,-0.27,0.093,0.8854560256532099,-0.4647231720437685,1980,pre1991,inter,0.0
1981-05-03,51.07142857142857,7,57.0,True,False,False,,,-0.28,-0.018,0.8229838658936565,-0.5680647467311557,1980,pre1991,inter,0.0
1981-05-10,98.52857142857144,7,129.4,True,False,False,,,-0.28,-0.018,0.7485107481711013,-0.6631226582407951,1980,pre1991,inter,0.0
1981-05-17,126.3,7,338.4,True,False,False,,,-0.28,-0.018,0.6631226582407952,-0.7485107481711012,1980,pre1991,inter,0.0
1981-05-24,76.31428571428572,7,100.3,True,False,False,,,-0.28,-0.018,0.5680647467311558,-0.8229838658936564,1980,pre1991,inter,0.0
1981-05-31,106.65714285714286,7,207.0,True,False,False,,,-0.28,-0.018,0.46472317204376906,-0.8854560256532096,1980,pre1991,inter,0.0
1981-06-07,116.25714285714285,7,157.6,True,False,False,,,-0.27,-0.239,0.35460488704253584,-0.9350162426854147,1981,pre1991,SWM,0.0
1981-06-14,160.6142857142857,7,222.6,True,False,False,,,-0.27,-0.239,0.23931566428755768,-0.970941817426052,1981,pre1991,SWM,0.0
1981-06-21,155.0142857142857,7,255.0,True,False,False,,,-0.27,-0.239,0.12053668025532308,-0.992708874098054,1981,pre1991,SWM,0.0
1981-06-28,451.74285714285713,7,479.6,True,False,False,,,-0.27,-0.239,-3.216245299353273e-16,-1.0,1981,pre1991,SWM,0.0
1981-07-05,202.25714285714284,7,426.8,True,False,False,,,-0.28,-0.56,-0.12053668025532283,-0.992708874098054,1981,pre1991,SWM,0.0
1981-07-12,324.14285714285717,7,675.0,True,False,False,,,-0.28,-0.56,-0.23931566428755743,-0.9709418174260521,1981,pre1991,SWM,0.0
1981-07-19,498.62857142857143,7,638.2,True,False,False,,,-0.28,-0.56,-0.3546048870425356,-0.9350162426854148,1981,pre1991,SWM,0.0
1981-07-26,116.74285714285715,7,142.1,True,False,False,,,-0.28,-0.56,-0.46472317204376806,-0.8854560256532101,1981,pre1991,SWM,0.0
1981-08-02,357.2142857142857,7,910.0,True,False,False,,,-0.23,-0.628,-0.5680647467311556,-0.8229838658936565,1981,pre1991,SWM,0.0
1981-08-09,1068.2142857142858,7,1350.0,True,False,False,,,-0.23,-0.628,-0.663122658240795,-0.7485107481711013,1981,pre1991,SWM,0.0
1981-08-16,1712.3999999999999,7,2155.6,True,False,False,,,-0.23,-0.628,-0.7485107481711011,-0.6631226582407952,1981,pre1991,SWM,0.0
1981-08-23,3093.0285714285715,7,4369.8,True,False,False,,,-0.23,-0.628,-0.8229838658936564,-0.5680647467311559,1981,pre1991,SWM,0.0
1981-08-30,986.1142857142858,7,1430.2,True,False,False,,,-0.23,-0.628,-0.8854560256532096,-0.4647231720437691,1981,pre1991,SWM,0.0
1981-09-06,765.7571428571429,7,1070.0,True,False,False,,,-0.08,-0.757,-0.9350162426854147,-0.3546048870425359,1981,pre1991,SWM,0.0
1981-09-13,1505.142857142857,7,3022.8,True,False,False,,,-0.08,-0.757,-0.970941817426052,-0.23931566428755774,1981,pre1991,SWM,0.0
1981-09-20,1235.814285714286,7,1561.9,True,False,False,,,-0.08,-0.757,-0.992708874098054,-0.12053668025532357,1981,pre1991,SWM,0.0
1981-09-27,1041.742857142857,7,2060.9,True,False,False,,,-0.08,-0.757,-1.0,-1.8369701987210297e-16,1981,pre1991,SWM,0.0
1981-10-04,387.85714285714283,7,620.0,True,False,False,,,-0.16,-0.606,-0.992708874098054,0.1205366802553232,1981,pre1991,NEM,0.0
1981-10-11,606.4714285714286,7,780.0,True,False,False,,,-0.16,-0.606,-0.9709418174260521,0.23931566428755738,1981,pre1991,NEM,0.0
1981-10-18,301.2857142857143,7,405.0,True,False,False,,,-0.16,-0.606,-0.9350162426854148,0.35460488704253557,1981,pre1991,NEM,0.0
1981-10-25,334.2857142857143,7,404.8,True,False,False,,,-0.16,-0.606,-0.8854560256532101,0.464723172043768,1981,pre1991,NEM,0.0
1981-11-01,511.3,7,630.9,True,False,False,,,-0.19,-0.327,-0.822983865893657,0.5680647467311548,1981,pre1991,NEM,0.0
1981-11-08,420.0285714285714,7,528.6,True,False,False,,,-0.19,-0.327,-0.7485107481711011,0.6631226582407953,1981,pre1991,NEM,0.0
1981-11-15,395.2857142857143,7,548.2,True,False,False,,,-0.19,-0.327,-0.6631226582407956,0.7485107481711007,1981,pre1991,NEM,0.0
1981-11-22,220.41428571428574,7,234.1,True,False,False,,,-0.19,-0.327,-0.5680647467311559,0.8229838658936564,1981,pre1991,NEM,0.0
1981-11-29,188.15714285714284,7,197.2,True,False,False,,,-0.19,-0.327,-0.4647231720437684,0.88545602565321,1981,pre1991,NEM,0.0
1981-12-06,241.12857142857143,7,276.5,True,False,False,,,-0.14,-0.019,-0.35460488704253595,0.9350162426854147,1981,pre1991,NEM,0.0
1981-12-13,195.41428571428574,7,206.8,True,False,False,,,-0.14,-0.019,-0.2393156642875578,0.970941817426052,1981,pre1991,NEM,0.0
1981-12-20,155.25714285714284,7,162.5,True,False,False,,,-0.14,-0.019,-0.12053668025532363,0.992708874098054,1981,pre1991,NEM,0.0
1981-12-27,149.87142857142857,7,160.0,True,False,False,,,-0.14,-0.019,6.432490598706546e-16,1.0,1981,pre1991,NEM,0.0
1982-01-03,135.45714285714286,7,143.6,True,False,False,,,-0.05,0.144,0.12053668025532314,0.992708874098054,1981,pre1991,inter,0.0
1982-01-10,106.11428571428571,7,125.9,True,False,False,,,-0.05,0.144,0.12053668025532305,0.992708874098054,1981,pre1991,inter,0.0
1982-01-17,77.08571428571429,7,80.8,True,False,False,,,-0.05,0.144,0.23931566428755774,0.970941817426052,1981,pre1991,inter,0.0
1982-01-24,79.89999999999999,7,94.5,True,False,False,,,-0.05,0.144,0.3546048870425356,0.9350162426854148,1981,pre1991,inter,0.0
1982-01-31,67.72857142857143,7,75.9,True,False,False,,,-0.05,0.144,0.4647231720437685,0.8854560256532099,1981,pre1991,inter,0.0
1982-02-07,70.34285714285714,7,81.0,True,False,False,,,0.02,0.167,0.5680647467311558,0.8229838658936564,1981,pre1991,inter,0.0
1982-02-14,74.02857142857144,7,77.5,True,False,False,,,0.02,0.167,0.6631226582407952,0.7485107481711011,1981,pre1991,inter,0.0
1982-02-21,64.44285714285715,7,66.2,True,False,False,,,0.02,0.167,0.7485107481711011,0.6631226582407953,1981,pre1991,inter,0.0
1982-02-28,68.47142857142858,7,74.8,True,False,False,,,0.02,0.167,0.8229838658936564,0.5680647467311558,1981,pre1991,inter,0.0
1982-03-07,60.32857142857143,7,65.0,True,False,False,,,0.07,0.054,0.8854560256532098,0.4647231720437686,1981,pre1991,inter,0.0
1982-03-14,52.08571428571429,7,56.2,True,False,False,,,0.07,0.054,0.9350162426854148,0.35460488704253557,1981,pre1991,inter,0.0
1982-03-21,50.17142857142857,7,63.1,True,False,False,,,0.07,0.054,0.970941817426052,0.23931566428755804,1981,pre1991,inter,0.0
1982-03-28,60.6,7,66.4,True,False,False,,,0.07,0.054,0.992708874098054,0.120536680255323,1981,pre1991,inter,0.0
1982-04-04,53.84285714285714,7,61.4,True,False,False,,,0.34,0.119,1.0,-1.6081226496766366e-16,1981,pre1991,inter,0.0
1982-04-11,50.32857142857143,7,55.5,True,False,False,,,0.34,0.119,0.992708874098054,-0.12053668025532288,1981,pre1991,inter,0.0
1982-04-18,50.44285714285714,7,57.5,True,False,False,,,0.34,0.119,0.9709418174260521,-0.2393156642875575,1981,pre1991,inter,0.0
1982-04-25,71.27142857142857,7,110.2,True,False,False,,,0.34,0.119,0.9350162426854148,-0.35460488704253545,1981,pre1991,inter,0.0
1982-05-02,68.51428571428572,7,86.3,True,False,False,,,0.65,0.223,0.8854560256532099,-0.4647231720437685,1981,pre1991,inter,0.0
1982-05-09,109.12857142857142,7,121.0,True,False,False,,,0.65,0.223,0.8229838658936565,-0.5680647467311557,1981,pre1991,inter,0.0
1982-05-16,101.12857142857145,7,144.8,True,False,False,,,0.65,0.223,0.7485107481711013,-0.6631226582407951,1981,pre1991,inter,0.0
1982-05-23,70.65714285714286,7,90.5,True,False,False,,,0.65,0.223,0.6631226582407952,-0.7485107481711012,1981,pre1991,inter,0.0
1982-05-30,73.15714285714286,7,104.0,True,False,False,,,0.65,0.223,0.5680647467311558,-0.8229838658936564,1981,pre1991,inter,0.0
1982-06-06,96.38571428571429,7,111.6,True,False,False,,,0.73,0.255,0.46472317204376906,-0.8854560256532096,1982,pre1991,SWM,0.0
1982-06-13,96.14285714285714,7,130.0,True,False,False,,,0.73,0.255,0.35460488704253584,-0.9350162426854147,1982,pre1991,SWM,0.0
1982-06-20,61.31428571428571,7,83.2,True,False,False,,,0.73,0.255,0.23931566428755768,-0.970941817426052,1982,pre1991,SWM,0.0
1982-06-27,309.7857142857143,7,376.5,True,False,False,,,0.73,0.255,0.12053668025532308,-0.992708874098054,1982,pre1991,SWM,0.0
1982-07-04,170.31428571428572,7,339.9,True,False,False,,,0.78,0.265,-3.216245299353273e-16,-1.0,1982,pre1991,SWM,0.0
1982-07-11,71.57142857142857,7,80.6,True,False,False,,,0.78,0.265,-0.12053668025532283,-0.992708874098054,1982,pre1991,SWM,0.0
1982-07-18,69.58571428571429,7,77.5,True,False,False,,,0.78,0.265,-0.23931566428755743,-0.9709418174260521,1982,pre1991,SWM,0.0
1982-07-25,442.0571428571429,7,745.0,True,False,False,,,0.78,0.265,-0.3546048870425356,-0.9350162426854148,1982,pre1991,SWM,0.0
1982-08-01,282.9142857142857,7,383.9,True,False,False,,,0.99,0.256,-0.46472317204376806,-0.8854560256532101,1982,pre1991,SWM,0.0
1982-08-08,554.0571428571428,7,1455.0,True,False,False,,,0.99,0.256,-0.5680647467311556,-0.8229838658936565,1982,pre1991,SWM,0.0
1982-08-15,504.88571428571424,7,1325.0,True,False,False,,,0.99,0.256,-0.663122658240795,-0.7485107481711013,1982,pre1991,SWM,0.0
1982-08-22,1036.0,7,1557.8,True,False,False,,,0.99,0.256,-0.7485107481711011,-0.6631226582407952,1982,pre1991,SWM,0.0
1982-08-29,681.3000000000001,7,889.0,True,False,False,,,0.99,0.256,-0.8229838658936564,-0.5680647467311559,1982,pre1991,SWM,0.0
1982-09-05,295.3285714285715,7,498.6,True,False,False,,,1.45,0.442,-0.8854560256532096,-0.4647231720437691,1982,pre1991,SWM,0.0
1982-09-12,174.6142857142857,7,187.8,True,False,False,,,1.45,0.442,-0.9350162426854147,-0.3546048870425359,1982,pre1991,SWM,0.0
1982-09-19,448.38571428571424,7,749.1,True,False,False,,,1.45,0.442,-0.970941817426052,-0.23931566428755774,1982,pre1991,SWM,0.0
1982-09-26,357.0,7,589.5,True,False,False,,,1.45,0.442,-0.992708874098054,-0.12053668025532357,1982,pre1991,SWM,0.0
1982-10-03,231.0142857142857,7,363.9,True,False,False,,,1.82,0.624,-1.0,-1.8369701987210297e-16,1982,pre1991,NEM,0.0
1982-10-10,350.0142857142857,7,462.0,True,False,False,,,1.82,0.624,-0.992708874098054,0.1205366802553232,1982,pre1991,NEM,0.0
1982-10-17,144.35714285714286,7,187.0,True,False,False,,,1.82,0.624,-0.9709418174260521,0.23931566428755738,1982,pre1991,NEM,0.0
1982-10-24,201.97142857142856,7,251.8,True,False,False,,,1.82,0.624,-0.9350162426854148,0.35460488704253557,1982,pre1991,NEM,0.0
1982-10-31,284.8,7,337.0,True,False,False,,,1.82,0.624,-0.8854560256532101,0.464723172043768,1982,pre1991,NEM,0.0
1982-11-07,230.31428571428572,7,354.9,True,False,False,,,2.03,0.284,-0.822983865893657,0.5680647467311548,1982,pre1991,NEM,0.0
1982-11-14,261.31428571428575,7,318.0,True,False,False,,,2.03,0.284,-0.7485107481711011,0.6631226582407953,1982,pre1991,NEM,0.0
1982-11-21,179.27142857142857,7,216.0,True,False,False,,,2.03,0.284,-0.6631226582407956,0.7485107481711007,1982,pre1991,NEM,0.0
1982-11-28,143.78571428571428,7,147.9,True,False,False,,,2.03,0.284,-0.5680647467311559,0.8229838658936564,1982,pre1991,NEM,0.0
1982-12-05,153.5142857142857,7,177.0,True,False,False,,,2.12,-0.163,-0.4647231720437684,0.88545602565321,1982,pre1991,NEM,0.0
1982-12-12,157.07142857142858,7,187.3,True,False,False,,,2.12,-0.163,-0.35460488704253595,0.9350162426854147,1982,pre1991,NEM,0.0
1982-12-19,153.14285714285714,7,159.2,True,False,False,,,2.12,-0.163,-0.2393156642875578,0.970941817426052,1982,pre1991,NEM,0.0
1982-12-26,106.35714285714286,7,112.5,True,False,False,,,2.12,-0.163,-0.12053668025532363,0.992708874098054,1982,pre1991,NEM,0.0
1983-01-02,96.22857142857143,7,102.1,True,False,False,,,2.14,-0.482,6.432490598706546e-16,1.0,1982,pre1991,inter,0.0
1983-01-09,99.81428571428572,7,104.2,True,False,False,,,2.14,-0.482,0.12053668025532305,0.992708874098054,1982,pre1991,inter,0.0
1983-01-16,88.97142857142856,7,101.0,True,False,False,,,2.14,-0.482,0.23931566428755774,0.970941817426052,1982,pre1991,inter,0.0
1983-01-23,80.47142857142856,7,88.2,True,False,False,,,2.14,-0.482,0.3546048870425356,0.9350162426854148,1982,pre1991,inter,0.0
1983-01-30,79.24285714285715,7,84.2,True,False,False,,,2.14,-0.482,0.4647231720437685,0.8854560256532099,1982,pre1991,inter,0.0
1983-02-06,69.51428571428572,7,71.4,True,False,False,,,1.91,-0.588,0.5680647467311558,0.8229838658936564,1982,pre1991,inter,0.0
1983-02-13,69.58571428571429,7,74.4,True,False,False,,,1.91,-0.588,0.6631226582407952,0.7485107481711011,1982,pre1991,inter,0.0
1983-02-20,65.91428571428571,7,70.1,True,False,False,,,1.91,-0.588,0.7485107481711011,0.6631226582407953,1982,pre1991,inter,0.0
1983-02-27,132.29999999999998,7,359.4,True,False,False,,,1.91,-0.588,0.8229838658936564,0.5680647467311558,1982,pre1991,inter,0.0
1983-03-06,113.04285714285716,7,315.6,True,False,False,,,1.52,-0.752,0.8854560256532098,0.4647231720437686,1982,pre1991,inter,0.0
1983-03-13,53.971428571428575,7,55.5,True,False,False,,,1.52,-0.752,0.9350162426854148,0.35460488704253557,1982,pre1991,inter,0.0
1983-03-20,54.300000000000004,7,65.5,True,False,False,,,1.52,-0.752,0.970941817426052,0.23931566428755804,1982,pre1991,inter,0.0
1983-03-27,49.6,7,51.0,True,False,False,,,1.52,-0.752,0.992708874098054,0.120536680255323,1982,pre1991,inter,0.0
1983-04-03,63.42857142857143,7,79.2,True,False,False,,,1.23,-0.556,1.0,-1.6081226496766366e-16,1982,pre1991,inter,0.0
1983-04-10,66.95714285714286,7,76.7,True,False,False,,,1.23,-0.556,0.992708874098054,-0.12053668025532288,1982,pre1991,inter,0.0
1983-04-17,61.128571428571426,7,67.4,True,False,False,,,1.23,-0.556,0.9709418174260521,-0.2393156642875575,1982,pre1991,inter,0.0
1983-04-24,55.4,7,58.8,True,False,False,,,1.23,-0.556,0.9350162426854148,-0.35460488704253545,1982,pre1991,inter,0.0
1983-05-01,56.528571428571425,7,58.5,True,False,False,,,0.95,-0.058,0.8854560256532099,-0.4647231720437685,1982,pre1991,inter,0.0
1983-05-08,55.67142857142857,7,59.5,True,False,False,,,0.95,-0.058,0.8229838658936565,-0.5680647467311557,1982,pre1991,inter,0.0
1983-05-15,129.6142857142857,7,277.0,True,False,False,,,0.95,-0.058,0.7485107481711013,-0.6631226582407951,1982,pre1991,inter,0.0
1983-05-22,106.89999999999999,7,145.8,True,False,False,,,0.95,-0.058,0.6631226582407952,-0.7485107481711012,1982,pre1991,inter,0.0
1983-05-29,130.31428571428572,7,365.5,True,False,False,,,0.95,-0.058,0.5680647467311558,-0.8229838658936564,1982,pre1991,inter,0.0
1983-06-05,52.67142857142857,7,76.0,True,False,False,,,0.62,0.37,0.46472317204376906,-0.8854560256532096,1983,pre1991,SWM,0.0
1983-06-12,189.65714285714284,7,326.2,True,False,False,,,0.62,0.37,0.35460488704253584,-0.9350162426854147,1983,pre1991,SWM,0.0
1983-06-19,201.58571428571426,7,289.7,True,False,False,,,0.62,0.37,0.23931566428755768,-0.970941817426052,1983,pre1991,SWM,0.0
1983-06-26,57.528571428571425,7,71.2,True,False,False,,,0.62,0.37,0.12053668025532308,-0.992708874098054,1983,pre1991,SWM,0.0
1983-07-03,39.557142857142864,7,43.2,True,False,False,,,0.25,0.525,-3.216245299353273e-16,-1.0,1983,pre1991,SWM,0.0
1983-07-10,51.471428571428575,7,89.7,True,False,False,,,0.25,0.525,-0.12053668025532283,-0.992708874098054,1983,pre1991,SWM,0.0
1983-07-17,60.357142857142854,7,73.2,True,False,False,,,0.25,0.525,-0.23931566428755743,-0.9709418174260521,1983,pre1991,SWM,0.0
1983-07-24,444.0571428571429,7,1422.9,True,False,False,,,0.25,0.525,-0.3546048870425356,-0.9350162426854148,1983,pre1991,SWM,0.0
1983-07-31,540.7571428571429,7,1539.5,True,False,False,,,0.25,0.525,-0.46472317204376806,-0.8854560256532101,1983,pre1991,SWM,0.0
1983-08-07,110.12857142857142,7,149.4,True,False,False,,,-0.06,0.345,-0.5680647467311556,-0.8229838658936565,1983,pre1991,SWM,0.0
1983-08-14,363.3428571428571,7,719.0,True,False,False,,,-0.06,0.345,-0.663122658240795,-0.7485107481711013,1983,pre1991,SWM,0.0
1983-08-21,1028.5142857142857,7,1953.1,True,False,False,,,-0.06,0.345,-0.7485107481711011,-0.6631226582407952,1983,pre1991,SWM,0.0
1983-08-28,1092.9571428571428,7,2531.6,True,False,False,,,-0.06,0.345,-0.8229838658936564,-0.5680647467311559,1983,pre1991,SWM,0.0
1983-09-04,259.42857142857144,7,393.7,True,False,False,,,-0.43,-0.068,-0.8854560256532096,-0.4647231720437691,1983,pre1991,SWM,0.0
1983-09-11,455.8,7,955.0,True,False,False,,,-0.43,-0.068,-0.9350162426854147,-0.3546048870425359,1983,pre1991,SWM,0.0
1983-09-18,926.1857142857143,7,1862.1,True,False,False,,,-0.43,-0.068,-0.970941817426052,-0.23931566428755774,1983,pre1991,SWM,0.0
1983-09-25,554.8857142857142,7,904.0,True,False,False,,,-0.43,-0.068,-0.992708874098054,-0.12053668025532357,1983,pre1991,SWM,0.0
1983-10-02,373.0142857142857,7,428.6,True,False,False,,,-0.76,-0.288,-1.0,-1.8369701987210297e-16,1983,pre1991,NEM,0.0
1983-10-09,456.87142857142857,7,714.1,True,False,False,,,-0.76,-0.288,-0.992708874098054,0.1205366802553232,1983,pre1991,NEM,0.0
1983-10-16,212.24285714285716,7,294.6,True,False,False,,,-0.76,-0.288,-0.9709418174260521,0.23931566428755738,1983,pre1991,NEM,0.0
1983-10-23,285.8285714285714,7,414.1,True,False,False,,,-0.76,-0.288,-0.9350162426854148,0.35460488704253557,1983,pre1991,NEM,0.0
1983-10-30,218.9857142857143,7,280.0,True,False,False,,,-0.76,-0.288,-0.8854560256532101,0.464723172043768,1983,pre1991,NEM,0.0
1983-11-06,359.8142857142857,7,410.2,True,False,False,,,-0.96,-0.343,-0.822983865893657,0.5680647467311548,1983,pre1991,NEM,0.0
1983-11-13,243.5142857142857,7,326.5,True,False,False,,,-0.96,-0.343,-0.7485107481711011,0.6631226582407953,1983,pre1991,NEM,0.0
1983-11-20,186.15714285714284,7,187.5,True,False,False,,,-0.96,-0.343,-0.6631226582407956,0.7485107481711007,1983,pre1991,NEM,0.0
1983-11-27,174.44285714285712,7,177.8,True,False,False,,,-0.96,-0.343,-0.5680647467311559,0.8229838658936564,1983,pre1991,NEM,0.0
1983-12-04,158.18571428571428,7,164.0,True,False,False,,,-0.89,-0.101,-0.4647231720437684,0.88545602565321,1983,pre1991,NEM,0.0
1983-12-11,148.47142857142856,7,160.9,True,False,False,,,-0.89,-0.101,-0.35460488704253595,0.9350162426854147,1983,pre1991,NEM,0.0
1983-12-18,124.89999999999999,7,138.1,True,False,False,,,-0.89,-0.101,-0.2393156642875578,0.970941817426052,1983,pre1991,NEM,0.0
1983-12-25,174.41428571428574,7,424.0,True,False,False,,,-0.89,-0.101,-0.12053668025532363,0.992708874098054,1983,pre1991,NEM,0.0
1984-01-01,245.21428571428572,7,370.6,True,False,False,,,-0.63,-0.223,6.432490598706546e-16,1.0,1983,pre1991,inter,0.0
1984-01-08,129.97142857142856,7,178.7,True,False,False,,,-0.63,-0.223,0.12053668025532305,0.992708874098054,1983,pre1991,inter,0.0
1984-01-15,94.3,7,102.9,True,False,False,,,-0.63,-0.223,0.23931566428755774,0.970941817426052,1983,pre1991,inter,0.0
1984-01-22,91.5,7,96.2,True,False,False,,,-0.63,-0.223,0.3546048870425356,0.9350162426854148,1983,pre1991,inter,0.0
1984-01-29,88.5,7,92.4,True,False,False,,,-0.63,-0.223,0.4647231720437685,0.8854560256532099,1983,pre1991,inter,0.0
1984-02-05,257.34285714285716,7,315.6,True,False,False,,,-0.51,-0.149,0.5680647467311558,0.8229838658936564,1983,pre1991,inter,0.0
1984-02-12,82.38571428571429,7,152.7,True,False,False,,,-0.51,-0.149,0.6631226582407952,0.7485107481711011,1983,pre1991,inter,0.0
1984-02-19,59.0,7,62.1,True,False,False,,,-0.51,-0.149,0.7485107481711011,0.6631226582407953,1983,pre1991,inter,0.0
1984-02-26,68.44285714285715,7,87.0,True,False,False,,,-0.51,-0.149,0.8229838658936564,0.5680647467311558,1983,pre1991,inter,0.0
1984-03-04,52.5,7,56.5,True,False,False,,,-0.38,-0.122,0.8854560256532098,0.4647231720437686,1983,pre1991,inter,0.0
1984-03-11,241.72857142857143,7,601.1,True,False,False,,,-0.38,-0.122,0.9350162426854148,0.35460488704253557,1983,pre1991,inter,0.0
1984-03-18,92.58571428571429,7,103.6,True,False,False,,,-0.38,-0.122,0.970941817426052,0.23931566428755804,1983,pre1991,inter,0.0
1984-03-25,78.38571428571429,7,94.0,True,False,False,,,-0.38,-0.122,0.992708874098054,0.120536680255323,1983,pre1991,inter,0.0
1984-04-01,62.68571428571429,7,69.3,True,False,False,,,-0.47,0.05,1.0,-1.6081226496766366e-16,1983,pre1991,inter,0.0
1984-04-08,51.614285714285714,7,64.5,True,False,False,,,-0.47,0.05,0.992708874098054,-0.12053668025532288,1983,pre1991,inter,0.0
1984-04-15,71.24285714285715,7,80.2,True,False,False,,,-0.47,0.05,0.9709418174260521,-0.2393156642875575,1983,pre1991,inter,0.0
1984-04-22,63.17142857142857,7,70.8,True,False,False,,,-0.47,0.05,0.9350162426854148,-0.35460488704253545,1983,pre1991,inter,0.0
1984-04-29,122.35714285714286,7,197.8,True,False,False,,,-0.47,0.05,0.8854560256532099,-0.4647231720437685,1983,pre1991,inter,0.0
1984-05-06,86.21428571428571,7,93.2,True,False,False,,,-0.55,-0.304,0.8229838658936565,-0.5680647467311557,1983,pre1991,inter,0.0
1984-05-13,63.07142857142857,7,77.7,True,False,False,,,-0.55,-0.304,0.7485107481711013,-0.6631226582407951,1983,pre1991,inter,0.0
1984-05-20,132.32857142857142,7,226.2,True,False,False,,,-0.55,-0.304,0.6631226582407952,-0.7485107481711012,1983,pre1991,inter,0.0
1984-05-27,126.35714285714286,7,206.8,True,False,False,,,-0.55,-0.304,0.5680647467311558,-0.8229838658936564,1983,pre1991,inter,0.0
1984-06-03,64.07142857142857,7,71.1,True,False,False,,,-0.52,-0.356,0.46472317204376906,-0.8854560256532096,1984,pre1991,SWM,0.0
1984-06-10,75.77142857142857,7,82.0,True,False,False,,,-0.52,-0.356,0.35460488704253584,-0.9350162426854147,1984,pre1991,SWM,0.0
1984-06-17,171.72857142857143,7,461.2,True,False,False,,,-0.52,-0.356,0.23931566428755768,-0.970941817426052,1984,pre1991,SWM,0.0
1984-06-24,773.157142857143,7,1226.7,True,False,False,,,-0.52,-0.356,0.12053668025532308,-0.992708874098054,1984,pre1991,SWM,0.0
1984-07-01,274.3142857142857,7,327.0,True,False,False,,,-0.39,-0.366,-3.216245299353273e-16,-1.0,1984,pre1991,SWM,0.0
1984-07-08,1437.9857142857143,7,3981.4,True,False,False,,,-0.39,-0.366,-0.12053668025532283,-0.992708874098054,1984,pre1991,SWM,0.0
1984-07-15,296.11428571428576,7,457.5,True,False,False,,,-0.39,-0.366,-0.23931566428755743,-0.9709418174260521,1984,pre1991,SWM,0.0
1984-07-22,1847.5857142857144,7,2669.3,True,False,False,,,-0.39,-0.366,-0.3546048870425356,-0.9350162426854148,1984,pre1991,SWM,0.0
1984-07-29,609.8000000000001,7,1126.6,True,False,False,,,-0.39,-0.366,-0.46472317204376806,-0.8854560256532101,1984,pre1991,SWM,0.0
1984-08-05,577.0428571428572,7,1345.0,True,False,False,,,-0.22,-0.497,-0.5680647467311556,-0.8229838658936565,1984,pre1991,SWM,0.0
1984-08-12,632.2142857142857,7,856.7,True,False,False,,,-0.22,-0.497,-0.663122658240795,-0.7485107481711013,1984,pre1991,SWM,0.0
1984-08-19,550.6857142857143,7,884.6,True,False,False,,,-0.22,-0.497,-0.7485107481711011,-0.6631226582407952,1984,pre1991,SWM,0.0
1984-08-26,531.342857142857,7,889.5,True,False,False,,,-0.22,-0.497,-0.8229838658936564,-0.5680647467311559,1984,pre1991,SWM,0.0
1984-09-02,213.68571428571428,7,244.3,True,False,False,,,-0.32,-0.608,-0.8854560256532096,-0.4647231720437691,1984,pre1991,SWM,0.0
1984-09-09,221.34285714285716,7,272.5,True,False,False,,,-0.32,-0.608,-0.9350162426854147,-0.3546048870425359,1984,pre1991,SWM,0.0
1984-09-16,200.74285714285716,7,245.8,True,False,False,,,-0.32,-0.608,-0.970941817426052,-0.23931566428755774,1984,pre1991,SWM,0.0
1984-09-23,222.65714285714284,7,253.0,True,False,False,,,-0.32,-0.608,-0.992708874098054,-0.12053668025532357,1984,pre1991,SWM,0.0
1984-09-30,710.7,7,1053.9,True,False,False,,,-0.32,-0.608,-1.0,-1.8369701987210297e-16,1984,pre1991,SWM,0.0
1984-10-07,1490.642857142857,7,3182.7,True,False,False,,,-0.62,-0.654,-0.992708874098054,0.1205366802553232,1984,pre1991,NEM,0.0
1984-10-14,561.0571428571428,7,934.3,True,False,False,,,-0.62,-0.654,-0.9709418174260521,0.23931566428755738,1984,pre1991,NEM,0.0
1984-10-21,245.5142857142857,7,328.2,True,False,False,,,-0.62,-0.654,-0.9350162426854148,0.35460488704253557,1984,pre1991,NEM,0.0
1984-10-28,263.7285714285714,7,352.0,True,False,False,,,-0.62,-0.654,-0.8854560256532101,0.464723172043768,1984,pre1991,NEM,0.0
1984-11-04,254.34285714285716,7,316.2,True,False,False,,,-0.95,-0.418,-0.822983865893657,0.5680647467311548,1984,pre1991,NEM,0.0
1984-11-11,211.72857142857143,7,305.0,True,False,False,,,-0.95,-0.418,-0.7485107481711011,0.6631226582407953,1984,pre1991,NEM,0.0
1984-11-18,267.25714285714287,7,323.7,True,False,False,,,-0.95,-0.418,-0.6631226582407956,0.7485107481711007,1984,pre1991,NEM,0.0
1984-11-25,199.52857142857144,7,217.0,True,False,False,,,-0.95,-0.418,-0.5680647467311559,0.8229838658936564,1984,pre1991,NEM,0.0
1984-12-02,188.20000000000002,7,195.7,True,False,False,,,-1.06,-0.278,-0.4647231720437684,0.88545602565321,1984,pre1991,NEM,0.0
1984-12-09,200.5142857142857,7,228.4,True,False,False,,,-1.06,-0.278,-0.35460488704253595,0.9350162426854147,1984,pre1991,NEM,0.0
1984-12-16,167.9857142857143,7,196.8,True,False,False,,,-1.06,-0.278,-0.2393156642875578,0.970941817426052,1984,pre1991,NEM,0.0
1984-12-23,129.5,7,146.9,True,False,False,,,-1.06,-0.278,-0.12053668025532363,0.992708874098054,1984,pre1991,NEM,0.0
1984-12-30,103.97142857142856,7,114.0,True,False,False,,,-1.06,-0.278,6.432490598706546e-16,1.0,1984,pre1991,NEM,0.0
1985-01-06,106.5,7,110.4,True,False,False,,,-1.01,-0.467,0.12053668025532305,0.992708874098054,1984,pre1991,inter,0.0
1985-01-13,89.88571428571429,7,96.3,True,False,False,,,-1.01,-0.467,0.23931566428755774,0.970941817426052,1984,pre1991,inter,0.0
1985-01-20,79.77142857142857,7,92.6,True,False,False,,,-1.01,-0.467,0.3546048870425356,0.9350162426854148,1984,pre1991,inter,0.0
1985-01-27,67.55714285714285,7,73.1,True,False,False,,,-1.01,-0.467,0.4647231720437685,0.8854560256532099,1984,pre1991,inter,0.0
1985-02-03,49.471428571428575,7,57.1,True,False,False,,,-0.86,-0.627,0.5680647467311558,0.8229838658936564,1984,pre1991,inter,0.0
1985-02-10,42.84285714285714,7,46.8,True,False,False,,,-0.86,-0.627,0.6631226582407952,0.7485107481711011,1984,pre1991,inter,0.0
1985-02-17,49.457142857142856,7,57.5,True,False,False,,,-0.86,-0.627,0.7485107481711011,0.6631226582407953,1984,pre1991,inter,0.0
1985-02-24,48.214285714285715,7,55.4,True,False,False,,,-0.86,-0.627,0.8229838658936564,0.5680647467311558,1984,pre1991,inter,0.0
1985-03-03,53.07142857142857,7,57.4,True,False,False,,,-0.85,-0.541,0.8854560256532098,0.4647231720437686,1984,pre1991,inter,0.0
1985-03-10,49.55714285714286,7,55.8,True,False,False,,,-0.85,-0.541,0.9350162426854148,0.35460488704253557,1984,pre1991,inter,0.0
1985-03-17,39.98571428571428,7,46.4,True,False,False,,,-0.85,-0.541,0.970941817426052,0.23931566428755804,1984,pre1991,inter,0.0
1985-03-24,49.800000000000004,7,56.8,True,False,False,,,-0.85,-0.541,0.992708874098054,0.120536680255323,1984,pre1991,inter,0.0
1985-03-31,60.4,7,85.9,True,False,False,,,-0.85,-0.541,1.0,-1.6081226496766366e-16,1984,pre1991,inter,0.0
1985-04-07,61.800000000000004,7,122.2,True,False,False,,,-0.8,-0.2,0.992708874098054,-0.12053668025532288,1984,pre1991,inter,0.0
1985-04-14,62.214285714285715,7,82.5,True,False,False,,,-0.8,-0.2,0.9709418174260521,-0.2393156642875575,1984,pre1991,inter,0.0
1985-04-21,53.714285714285715,7,75.1,True,False,False,,,-0.8,-0.2,0.9350162426854148,-0.35460488704253545,1984,pre1991,inter,0.0
1985-04-28,66.28571428571429,7,102.5,True,False,False,,,-0.8,-0.2,0.8854560256532099,-0.4647231720437685,1984,pre1991,inter,0.0
1985-05-05,80.18571428571428,7,100.0,True,False,False,,,-0.79,-0.223,0.8229838658936565,-0.5680647467311557,1984,pre1991,inter,0.0
1985-05-12,47.300000000000004,7,55.4,True,False,False,,,-0.79,-0.223,0.7485107481711013,-0.6631226582407951,1984,pre1991,inter,0.0
1985-05-19,65.82857142857142,7,102.1,True,False,False,,,-0.79,-0.223,0.6631226582407952,-0.7485107481711012,1984,pre1991,inter,0.0
1985-05-26,69.87142857142858,7,77.1,True,False,False,,,-0.79,-0.223,0.5680647467311558,-0.8229838658936564,1984,pre1991,inter,0.0
1985-06-02,75.25714285714285,7,117.6,True,False,False,,,-0.6,-0.629,0.46472317204376906,-0.8854560256532096,1985,pre1991,SWM,0.0
1985-06-09,67.3,7,71.4,True,False,False,,,-0.6,-0.629,0.35460488704253584,-0.9350162426854147,1985,pre1991,SWM,0.0
1985-06-16,48.785714285714285,7,53.6,True,False,False,,,-0.6,-0.629,0.23931566428755768,-0.970941817426052,1985,pre1991,SWM,0.0
1985-06-23,49.55714285714286,7,55.9,True,False,False,,,-0.6,-0.629,0.12053668025532308,-0.992708874098054,1985,pre1991,SWM,0.0
1985-06-30,477.37142857142857,7,1158.3,True,False,False,,,-0.6,-0.629,-3.216245299353273e-16,-1.0,1985,pre1991,SWM,0.0
1985-07-07,432.11428571428576,7,970.3,True,False,False,,,-0.44,-0.404,-0.12053668025532283,-0.992708874098054,1985,pre1991,SWM,0.0
1985-07-14,273.2857142857143,7,376.6,True,False,False,,,-0.44,-0.404,-0.23931566428755743,-0.9709418174260521,1985,pre1991,SWM,0.0
1985-07-21,87.97142857142858,7,151.3,True,False,False,,,-0.44,-0.404,-0.3546048870425356,-0.9350162426854148,1985,pre1991,SWM,0.0
1985-07-28,130.75714285714284,7,206.6,True,False,False,,,-0.44,-0.404,-0.46472317204376806,-0.8854560256532101,1985,pre1991,SWM,0.0
1985-08-04,222.88571428571427,7,596.9,True,False,False,,,-0.33,-0.459,-0.5680647467311556,-0.8229838658936565,1985,pre1991,SWM,0.0
1985-08-11,286.15714285714284,7,554.5,True,False,False,,,-0.33,-0.459,-0.663122658240795,-0.7485107481711013,1985,pre1991,SWM,0.0
1985-08-18,435.11428571428576,7,653.5,True,False,False,,,-0.33,-0.459,-0.7485107481711011,-0.6631226582407952,1985,pre1991,SWM,0.0
1985-08-25,556.9857142857143,7,713.0,True,False,False,,,-0.33,-0.459,-0.8229838658936564,-0.5680647467311559,1985,pre1991,SWM,0.0
1985-09-01,369.04285714285714,7,642.4,True,False,False,,,-0.31,-0.238,-0.8854560256532096,-0.4647231720437691,1985,pre1991,SWM,0.0
1985-09-08,238.97142857142856,7,292.7,True,False,False,,,-0.31,-0.238,-0.9350162426854147,-0.3546048870425359,1985,pre1991,SWM,0.0
1985-09-15,171.1142857142857,7,181.1,True,False,False,,,-0.31,-0.238,-0.970941817426052,-0.23931566428755774,1985,pre1991,SWM,0.0
1985-09-22,171.22857142857143,7,271.7,True,False,False,,,-0.31,-0.238,-0.992708874098054,-0.12053668025532357,1985,pre1991,SWM,0.0
1985-09-29,579.3285714285714,7,1092.1,True,False,False,,,-0.31,-0.238,-1.0,-1.8369701987210297e-16,1985,pre1991,SWM,0.0
1985-10-06,452.4428571428571,7,655.0,True,False,False,,,-0.3,-0.498,-0.992708874098054,0.1205366802553232,1985,pre1991,NEM,0.0
1985-10-13,218.02857142857144,7,276.5,True,False,False,,,-0.3,-0.498,-0.9709418174260521,0.23931566428755738,1985,pre1991,NEM,0.0
1985-10-20,171.0,7,186.6,True,False,False,,,-0.3,-0.498,-0.9350162426854148,0.35460488704253557,1985,pre1991,NEM,0.0
1985-10-27,185.08571428571426,7,263.6,True,False,False,,,-0.3,-0.498,-0.8854560256532101,0.464723172043768,1985,pre1991,NEM,0.0
1985-11-03,166.47142857142856,7,169.9,True,False,False,,,-0.28,0.074,-0.822983865893657,0.5680647467311548,1985,pre1991,NEM,0.0
1985-11-10,217.04285714285714,7,293.2,True,False,False,,,-0.28,0.074,-0.7485107481711011,0.6631226582407953,1985,pre1991,NEM,0.0
1985-11-17,217.82857142857142,7,270.1,True,False,False,,,-0.28,0.074,-0.6631226582407956,0.7485107481711007,1985,pre1991,NEM,0.0
1985-11-24,164.27142857142857,7,181.9,True,False,False,,,-0.28,0.074,-0.5680647467311559,0.8229838658936564,1985,pre1991,NEM,0.0
1985-12-01,134.32857142857142,7,152.3,True,False,False,,,-0.36,-0.417,-0.4647231720437684,0.88545602565321,1985,pre1991,NEM,0.0
1985-12-08,157.05714285714288,7,182.8,True,False,False,,,-0.36,-0.417,-0.35460488704253595,0.9350162426854147,1985,pre1991,NEM,0.0
1985-12-15,124.97142857142856,7,142.9,True,False,False,,,-0.36,-0.417,-0.2393156642875578,0.970941817426052,1985,pre1991,NEM,0.0
1985-12-22,100.3,7,107.3,True,False,False,,,-0.36,-0.417,-0.12053668025532363,0.992708874098054,1985,pre1991,NEM,0.0
1985-12-29,178.42857142857142,7,288.4,True,False,False,,,-0.36,-0.417,6.432490598706546e-16,1.0,1985,pre1991,NEM,0.0
1986-01-05,126.38571428571429,7,308.1,True,False,False,,,-0.4,-0.113,0.12053668025532305,0.992708874098054,1985,pre1991,inter,0.0
1986-01-12,69.92857142857143,7,80.1,True,False,False,,,-0.4,-0.113,0.23931566428755774,0.970941817426052,1985,pre1991,inter,0.0
1986-01-19,74.45714285714287,7,97.8,True,False,False,,,-0.4,-0.113,0.3546048870425356,0.9350162426854148,1985,pre1991,inter,0.0
1986-01-26,70.78571428571429,7,84.0,True,False,False,,,-0.4,-0.113,0.4647231720437685,0.8854560256532099,1985,pre1991,inter,0.0
1986-02-02,49.18571428571429,7,51.9,True,False,False,,,-0.38,-0.135,0.5680647467311558,0.8229838658936564,1985,pre1991,inter,0.0
1986-02-09,37.9,7,49.6,True,False,False,,,-0.38,-0.135,0.6631226582407952,0.7485107481711011,1985,pre1991,inter,0.0
1986-02-16,42.31428571428571,7,52.2,True,False,False,,,-0.38,-0.135,0.7485107481711011,0.6631226582407953,1985,pre1991,inter,0.0
1986-02-23,113.39999999999999,7,294.1,True,False,False,,,-0.38,-0.135,0.8229838658936564,0.5680647467311558,1985,pre1991,inter,0.0
1986-03-02,40.614285714285714,7,46.2,True,False,False,,,-0.25,-0.2,0.8854560256532098,0.4647231720437686,1985,pre1991,inter,0.0
1986-03-09,38.9,7,45.5,True,False,False,,,-0.25,-0.2,0.9350162426854148,0.35460488704253557,1985,pre1991,inter,0.0
1986-03-16,37.34285714285714,7,39.6,True,False,False,,,-0.25,-0.2,0.970941817426052,0.23931566428755804,1985,pre1991,inter,0.0
1986-03-23,37.385714285714286,7,38.7,True,False,False,,,-0.25,-0.2,0.992708874098054,0.120536680255323,1985,pre1991,inter,0.0
1986-03-30,38.714285714285715,7,48.5,True,False,False,,,-0.25,-0.2,1.0,-1.6081226496766366e-16,1985,pre1991,inter,0.0
1986-04-06,31.642857142857142,7,32.9,True,False,False,,,-0.17,-0.286,0.992708874098054,-0.12053668025532288,1985,pre1991,inter,0.0
1986-04-13,30.357142857142858,7,32.9,True,False,False,,,-0.17,-0.286,0.9709418174260521,-0.2393156642875575,1985,pre1991,inter,0.0
1986-04-20,34.457142857142856,7,37.0,True,False,False,,,-0.17,-0.286,0.9350162426854148,-0.35460488704253545,1985,pre1991,inter,0.0
1986-04-27,32.34285714285714,7,35.5,True,False,False,,,-0.17,-0.286,0.8854560256532099,-0.4647231720437685,1985,pre1991,inter,0.0
1986-05-04,61.971428571428575,7,170.3,True,False,False,,,-0.09,-0.154,0.8229838658936565,-0.5680647467311557,1985,pre1991,inter,0.0
1986-05-11,48.25714285714286,7,56.9,True,False,False,,,-0.09,-0.154,0.7485107481711013,-0.6631226582407951,1985,pre1991,inter,0.0
1986-05-18,50.528571428571425,7,92.0,True,False,False,,,-0.09,-0.154,0.6631226582407952,-0.7485107481711012,1985,pre1991,inter,0.0
1986-05-25,28.900000000000002,7,49.4,True,False,False,,,-0.09,-0.154,0.5680647467311558,-0.8229838658936564,1985,pre1991,inter,0.0
1986-06-01,31.685714285714287,7,38.6,True,False,False,,,0.02,-0.279,0.46472317204376906,-0.8854560256532096,1986,pre1991,SWM,0.0
1986-06-08,56.9,7,77.7,True,False,False,,,0.02,-0.279,0.35460488704253584,-0.9350162426854147,1986,pre1991,SWM,0.0
1986-06-15,34.18571428571429,7,40.2,True,False,False,,,0.02,-0.279,0.23931566428755768,-0.970941817426052,1986,pre1991,SWM,0.0
1986-06-22,27.900000000000002,7,33.1,True,False,False,,,0.02,-0.279,0.12053668025532308,-0.992708874098054,1986,pre1991,SWM,0.0
1986-06-29,27.25714285714286,7,36.2,True,False,False,,,0.02,-0.279,-3.216245299353273e-16,-1.0,1986,pre1991,SWM,0.0
1986-07-06,37.92857142857143,7,47.0,True,False,False,,,0.24,-0.546,-0.12053668025532283,-0.992708874098054,1986,pre1991,SWM,0.0
1986-07-13,33.128571428571426,7,37.4,True,False,False,,,0.24,-0.546,-0.23931566428755743,-0.9709418174260521,1986,pre1991,SWM,0.0
1986-07-20,102.61428571428571,7,322.7,True,False,False,,,0.24,-0.546,-0.3546048870425356,-0.9350162426854148,1986,pre1991,SWM,0.0
1986-07-27,279.77142857142854,7,487.0,True,False,False,,,0.24,-0.546,-0.46472317204376806,-0.8854560256532101,1986,pre1991,SWM,0.0
1986-08-03,140.77142857142857,7,185.1,True,False,False,,,0.46,-0.401,-0.5680647467311556,-0.8229838658936565,1986,pre1991,SWM,0.0
1986-08-10,378.5,7,886.1,True,False,False,,,0.46,-0.401,-0.663122658240795,-0.7485107481711013,1986,pre1991,SWM,0.0
1986-08-17,1351.9142857142856,7,2473.8,True,False,False,,,0.46,-0.401,-0.7485107481711011,-0.6631226582407952,1986,pre1991,SWM,0.0
1986-08-24,264.74285714285713,7,522.7,True,False,False,,,0.46,-0.401,-0.8229838658936564,-0.5680647467311559,1986,pre1991,SWM,0.0
1986-08-31,162.91428571428574,7,183.1,True,False,False,,,0.46,-0.401,-0.8854560256532096,-0.4647231720437691,1986,pre1991,SWM,0.0
1986-09-07,211.87142857142857,7,305.3,True,False,False,,,0.64,-0.142,-0.9350162426854147,-0.3546048870425359,1986,pre1991,SWM,0.0
1986-09-14,155.52857142857144,7,164.5,True,False,False,,,0.64,-0.142,-0.970941817426052,-0.23931566428755774,1986,pre1991,SWM,0.0
1986-09-21,404.3,7,927.0,True,False,False,,,0.64,-0.142,-0.992708874098054,-0.12053668025532357,1986,pre1991,SWM,0.0
1986-09-28,413.3857142857143,7,599.2,True,False,False,,,0.64,-0.142,-1.0,-1.8369701987210297e-16,1986,pre1991,SWM,0.0
1986-10-05,490.9142857142857,7,787.2,True,False,False,,,0.86,-0.048,-0.992708874098054,0.1205366802553232,1986,pre1991,NEM,0.0
1986-10-12,539.3428571428572,7,917.4,True,False,False,,,0.86,-0.048,-0.9709418174260521,0.23931566428755738,1986,pre1991,NEM,0.0
1986-10-19,216.91428571428574,7,252.3,True,False,False,,,0.86,-0.048,-0.9350162426854148,0.35460488704253557,1986,pre1991,NEM,0.0
1986-10-26,174.52857142857144,7,190.4,True,False,False,,,0.86,-0.048,-0.8854560256532101,0.464723172043768,1986,pre1991,NEM,0.0
1986-11-02,281.5285714285714,7,738.0,True,False,False,,,1.06,-0.243,-0.822983865893657,0.5680647467311548,1986,pre1991,NEM,0.0
1986-11-09,464.14285714285717,7,689.5,True,False,False,,,1.06,-0.243,-0.7485107481711011,0.6631226582407953,1986,pre1991,NEM,0.0
1986-11-16,281.9428571428571,7,349.0,True,False,False,,,1.06,-0.243,-0.6631226582407956,0.7485107481711007,1986,pre1991,NEM,0.0
1986-11-23,191.87142857142857,7,198.0,True,False,False,,,1.06,-0.243,-0.5680647467311559,0.8229838658936564,1986,pre1991,NEM,0.0
1986-11-30,169.64285714285714,7,174.0,True,False,False,,,1.06,-0.243,-0.4647231720437684,0.88545602565321,1986,pre1991,NEM,0.0
1986-12-07,165.4,7,173.9,True,False,False,,,1.21,-0.274,-0.35460488704253595,0.9350162426854147,1986,pre1991,NEM,0.0
1986-12-14,150.34285714285716,7,155.1,True,False,False,,,1.21,-0.274,-0.2393156642875578,0.970941817426052,1986,pre1991,NEM,0.0
1986-12-21,125.7,7,145.9,True,False,False,,,1.21,-0.274,-0.12053668025532363,0.992708874098054,1986,pre1991,NEM,0.0
1986-12-28,106.47142857142856,7,108.6,True,False,False,,,1.21,-0.274,6.432490598706546e-16,1.0,1986,pre1991,NEM,0.0
1987-01-04,137.5142857142857,7,268.9,True,False,False,,,1.18,-0.081,0.12053668025532305,0.992708874098054,1986,pre1991,inter,0.0
1987-01-11,239.28571428571428,7,391.9,True,False,False,,,1.18,-0.081,0.23931566428755774,0.970941817426052,1986,pre1991,inter,0.0
1987-01-18,61.91428571428571,7,83.7,True,False,False,,,1.18,-0.081,0.3546048870425356,0.9350162426854148,1986,pre1991,inter,0.0
1987-01-25,57.48571428571428,7,64.2,True,False,False,,,1.18,-0.081,0.4647231720437685,0.8854560256532099,1986,pre1991,inter,0.0
1987-02-01,63.48571428571428,7,69.1,True,False,False,,,1.13,0.041,0.5680647467311558,0.8229838658936564,1986,pre1991,inter,0.0
1987-02-08,354.35714285714283,7,925.8,True,False,False,,,1.13,0.041,0.6631226582407952,0.7485107481711011,1986,pre1991,inter,0.0
1987-02-15,53.785714285714285,7,99.7,True,False,False,,,1.13,0.041,0.7485107481711011,0.6631226582407953,1986,pre1991,inter,0.0
1987-02-22,46.871428571428574,7,48.7,True,False,False,,,1.13,0.041,0.8229838658936564,0.5680647467311558,1986,pre1991,inter,0.0
1987-03-01,44.728571428571435,7,46.9,True,False,False,,,1.02,-0.138,0.8854560256532098,0.4647231720437686,1986,pre1991,inter,0.0
1987-03-08,41.25714285714286,7,44.0,True,False,False,,,1.02,-0.138,0.9350162426854148,0.35460488704253557,1986,pre1991,inter,0.0
1987-03-15,38.300000000000004,7,44.9,True,False,False,,,1.02,-0.138,0.970941817426052,0.23931566428755804,1986,pre1991,inter,0.0
1987-03-22,37.98571428571428,7,44.6,True,False,False,,,1.02,-0.138,0.992708874098054,0.120536680255323,1986,pre1991,inter,0.0
1987-03-29,89.64285714285714,7,142.0,True,False,False,,,1.02,-0.138,1.0,-1.6081226496766366e-16,1986,pre1991,inter,0.0
1987-04-05,29.62857142857143,7,31.8,True,False,False,,,0.94,-0.157,0.992708874098054,-0.12053668025532288,1986,pre1991,inter,0.0
1987-04-12,37.471428571428575,7,52.6,True,False,False,,,0.94,-0.157,0.9709418174260521,-0.2393156642875575,1986,pre1991,inter,0.0
1987-04-19,51.857142857142854,7,90.0,True,False,False,,,0.94,-0.157,0.9350162426854148,-0.35460488704253545,1986,pre1991,inter,0.0
1987-04-26,35.885714285714286,7,38.9,True,False,False,,,0.94,-0.157,0.8854560256532099,-0.4647231720437685,1986,pre1991,inter,0.0
1987-05-03,42.771428571428565,7,70.0,True,False,False,,,0.95,0.165,0.8229838658936565,-0.5680647467311557,1986,pre1991,inter,0.0
1987-05-10,36.44285714285714,7,47.7,True,False,False,,,0.95,0.165,0.7485107481711013,-0.6631226582407951,1986,pre1991,inter,0.0
1987-05-17,34.27142857142857,7,35.1,True,False,False,,,0.95,0.165,0.6631226582407952,-0.7485107481711012,1986,pre1991,inter,0.0
1987-05-24,44.91428571428571,7,61.0,True,False,False,,,0.95,0.165,0.5680647467311558,-0.8229838658936564,1986,pre1991,inter,0.0
1987-05-31,83.22857142857143,7,104.0,True,False,False,,,0.95,0.165,0.46472317204376906,-0.8854560256532096,1986,pre1991,inter,0.0
1987-06-07,51.529999999999994,7,56.83,True,False,False,,,1.11,0.109,0.35460488704253584,-0.9350162426854147,1987,pre1991,SWM,0.0
1987-06-14,34.245714285714286,7,41.38,True,False,False,,,1.11,0.109,0.23931566428755768,-0.970941817426052,1987,pre1991,SWM,0.0
1987-06-21,28.874285714285715,7,32.98,True,False,False,,,1.11,0.109,0.12053668025532308,-0.992708874098054,1987,pre1991,SWM,0.0
1987-06-28,110.99857142857142,7,219.1,True,False,False,,,1.11,0.109,-3.216245299353273e-16,-1.0,1987,pre1991,SWM,0.0
1987-07-05,44.79714285714285,7,59.18,True,False,False,,,1.3,0.206,-0.12053668025532283,-0.992708874098054,1987,pre1991,SWM,0.0
1987-07-12,26.045714285714286,7,28.71,True,False,False,,,1.3,0.206,-0.23931566428755743,-0.9709418174260521,1987,pre1991,SWM,0.0
1987-07-19,28.53142857142857,7,31.11,True,False,False,,,1.3,0.206,-0.3546048870425356,-0.9350162426854148,1987,pre1991,SWM,0.0
1987-07-26,31.689999999999998,7,41.22,True,False,False,,,1.3,0.206,-0.46472317204376806,-0.8854560256532101,1987,pre1991,SWM,0.0
1987-08-02,66.89285714285714,7,102.7,True,False,False,,,1.46,0.297,-0.5680647467311556,-0.8229838658936565,1987,pre1991,SWM,0.0
1987-08-09,72.54857142857142,7,93.22,True,False,False,,,1.46,0.297,-0.663122658240795,-0.7485107481711013,1987,pre1991,SWM,0.0
1987-08-16,64.08571428571427,7,97.41,True,False,False,,,1.46,0.297,-0.7485107481711011,-0.6631226582407952,1987,pre1991,SWM,0.0
1987-08-23,51.861428571428576,7,59.78,True,False,False,,,1.46,0.297,-0.8229838658936564,-0.5680647467311559,1987,pre1991,SWM,0.0
1987-08-30,49.42857142857143,7,57.29,True,False,False,,,1.46,0.297,-0.8854560256532096,-0.4647231720437691,1987,pre1991,SWM,0.0
1987-09-06,54.98285714285714,7,61.96,True,False,False,,,1.49,0.392,-0.9350162426854147,-0.3546048870425359,1987,pre1991,SWM,0.0
1987-09-13,69.66428571428571,7,77.25,True,False,False,,,1.49,0.392,-0.970941817426052,-0.23931566428755774,1987,pre1991,SWM,0.0
1987-09-20,107.33142857142856,7,173.0,True,False,False,,,1.49,0.392,-0.992708874098054,-0.12053668025532357,1987,pre1991,SWM,0.0
1987-09-27,198.45714285714286,7,354.3,True,False,False,,,1.49,0.392,-1.0,-1.8369701987210297e-16,1987,pre1991,SWM,0.0
1987-10-04,164.15714285714284,7,219.1,True,False,False,,,1.41,0.254,-0.992708874098054,0.1205366802553232,1987,pre1991,NEM,0.0
1987-10-11,314.9857142857143,7,408.1,True,False,False,,,1.41,0.254,-0.9709418174260521,0.23931566428755738,1987,pre1991,NEM,0.0
1987-10-18,295.5428571428571,7,542.5,True,False,False,,,1.41,0.254,-0.9350162426854148,0.35460488704253557,1987,pre1991,NEM,0.0
1987-10-25,306.88571428571424,7,567.5,True,False,False,,,1.41,0.254,-0.8854560256532101,0.464723172043768,1987,pre1991,NEM,0.0
1987-11-01,112.05714285714285,7,124.6,True,False,False,,,1.2,-0.051,-0.822983865893657,0.5680647467311548,1987,pre1991,NEM,0.0
1987-11-08,118.32857142857142,7,142.5,True,False,False,,,1.2,-0.051,-0.7485107481711011,0.6631226582407953,1987,pre1991,NEM,0.0
1987-11-15,147.55714285714288,7,267.3,True,False,False,,,1.2,-0.051,-0.6631226582407956,0.7485107481711007,1987,pre1991,NEM,0.0
1987-11-22,369.15999999999997,7,1216.0,True,False,False,,,1.2,-0.051,-0.5680647467311559,0.8229838658936564,1987,pre1991,NEM,0.0
1987-11-29,201.24285714285716,7,379.0,True,False,False,,,1.2,-0.051,-0.4647231720437684,0.88545602565321,1987,pre1991,NEM,0.0
1987-12-06,114.39999999999999,7,120.0,True,False,False,,,1.0,0.152,-0.35460488704253595,0.9350162426854147,1987,pre1991,NEM,0.0
1987-12-13,161.52857142857144,7,208.1,True,False,False,,,1.0,0.152,-0.2393156642875578,0.970941817426052,1987,pre1991,NEM,0.0
1987-12-20,185.55714285714288,7,325.8,True,False,False,,,1.0,0.152,-0.12053668025532363,0.992708874098054,1987,pre1991,NEM,0.0
1987-12-27,79.02857142857144,7,87.77,True,False,False,,,1.0,0.152,6.432490598706546e-16,1.0,1987,pre1991,NEM,0.0
1988-01-03,66.81285714285714,7,73.38,True,False,False,,,0.63,0.353,0.12053668025532314,0.992708874098054,1987,pre1991,inter,0.0
1988-01-10,57.99714285714286,7,62.8,True,False,False,,,0.63,0.353,0.12053668025532305,0.992708874098054,1987,pre1991,inter,0.0
1988-01-17,53.23285714285714,7,59.89,True,False,False,,,0.63,0.353,0.23931566428755774,0.970941817426052,1987,pre1991,inter,0.0
1988-01-24,53.730000000000004,7,60.74,True,False,False,,,0.63,0.353,0.3546048870425356,0.9350162426854148,1987,pre1991,inter,0.0
1988-01-31,41.294285714285714,7,42.91,True,False,False,,,0.63,0.353,0.4647231720437685,0.8854560256532099,1987,pre1991,inter,0.0
1988-02-07,52.99428571428571,7,65.23,True,False,False,,,0.37,-0.154,0.5680647467311558,0.8229838658936564,1987,pre1991,inter,0.0
1988-02-14,41.06714285714286,7,52.32,True,False,False,,,0.37,-0.154,0.6631226582407952,0.7485107481711011,1987,pre1991,inter,0.0
1988-02-21,43.49285714285714,7,46.25,True,False,False,,,0.37,-0.154,0.7485107481711011,0.6631226582407953,1987,pre1991,inter,0.0
1988-02-28,187.90142857142857,7,388.0,True,False,False,,,0.37,-0.154,0.8229838658936564,0.5680647467311558,1987,pre1991,inter,0.0
1988-03-06,53.57571428571429,7,65.43,True,False,False,,,-0.03,-0.313,0.8854560256532098,0.4647231720437686,1987,pre1991,inter,0.0
1988-03-13,44.70428571428572,7,66.06,True,False,False,,,-0.03,-0.313,0.9350162426854148,0.35460488704253557,1987,pre1991,inter,0.0
1988-03-20,27.891428571428573,7,29.96,True,False,False,,,-0.03,-0.313,0.970941817426052,0.23931566428755804,1987,pre1991,inter,0.0
1988-03-27,54.26,7,76.66,True,False,False,,,-0.03,-0.313,0.992708874098054,0.120536680255323,1987,pre1991,inter,0.0
1988-04-03,33.862857142857145,7,42.03,True,False,False,,,-0.45,-0.128,1.0,-1.6081226496766366e-16,1987,pre1991,inter,0.0
1988-04-10,43.565714285714286,7,78.67,True,False,False,,,-0.45,-0.128,0.992708874098054,-0.12053668025532288,1987,pre1991,inter,0.0
1988-04-17,27.454285714285714,7,30.68,True,False,False,,,-0.45,-0.128,0.9709418174260521,-0.2393156642875575,1987,pre1991,inter,0.0
1988-04-24,68.22,7,85.65,True,False,False,,,-0.45,-0.128,0.9350162426854148,-0.35460488704253545,1987,pre1991,inter,0.0
1988-05-01,71.66285714285713,7,79.33,True,False,False,,,-0.99,-0.513,0.8854560256532099,-0.4647231720437685,1987,pre1991,inter,0.0
1988-05-08,93.81428571428572,7,138.3,True,False,False,,,-0.99,-0.513,0.8229838658936565,-0.5680647467311557,1987,pre1991,inter,0.0
1988-05-15,46.728571428571435,7,51.7,True,False,False,,,-0.99,-0.513,0.7485107481711013,-0.6631226582407951,1987,pre1991,inter,0.0
1988-05-22,30.964285714285715,7,39.22,True,False,False,,,-0.99,-0.513,0.6631226582407952,-0.7485107481711012,1987,pre1991,inter,0.0
1988-05-29,126.48285714285714,7,215.4,True,False,False,,,-0.99,-0.513,0.5680647467311558,-0.8229838658936564,1987,pre1991,inter,0.0
1988-06-05,116.81142857142856,7,203.2,True,False,False,,,-1.3,-0.272,0.46472317204376906,-0.8854560256532096,1988,pre1991,SWM,0.0
1988-06-12,55.31,7,80.3,True,False,False,,,-1.3,-0.272,0.35460488704253584,-0.9350162426854147,1988,pre1991,SWM,0.0
1988-06-19,32.502857142857145,7,34.72,True,False,False,,,-1.3,-0.272,0.23931566428755768,-0.970941817426052,1988,pre1991,SWM,0.0
1988-06-26,30.712857142857143,7,34.67,True,False,False,,,-1.3,-0.272,0.12053668025532308,-0.992708874098054,1988,pre1991,SWM,0.0
1988-07-03,34.02571428571429,7,39.95,True,False,False,,,-1.3,-0.15,-3.216245299353273e-16,-1.0,1988,pre1991,SWM,0.0
1988-07-10,97.87142857142858,7,153.6,True,False,False,,,-1.3,-0.15,-0.12053668025532283,-0.992708874098054,1988,pre1991,SWM,0.0
1988-07-17,89.37,7,114.8,True,False,False,,,-1.3,-0.15,-0.23931566428755743,-0.9709418174260521,1988,pre1991,SWM,0.0
1988-07-24,339.8414285714286,7,796.2,True,False,False,,,-1.3,-0.15,-0.3546048870425356,-0.9350162426854148,1988,pre1991,SWM,0.0
1988-07-31,339.88571428571424,7,607.2,True,False,False,,,-1.3,-0.15,-0.46472317204376806,-0.8854560256532101,1988,pre1991,SWM,0.0
1988-08-07,327.65714285714284,7,765.9,True,False,False,,,-1.14,-0.289,-0.5680647467311556,-0.8229838658936565,1988,pre1991,SWM,0.0
1988-08-14,296.95714285714286,7,485.2,True,False,False,,,-1.14,-0.289,-0.663122658240795,-0.7485107481711013,1988,pre1991,SWM,0.0
1988-08-21,299.2,7,441.6,True,False,False,,,-1.14,-0.289,-0.7485107481711011,-0.6631226582407952,1988,pre1991,SWM,0.0
1988-08-28,368.24285714285713,7,649.6,True,False,False,,,-1.14,-0.289,-0.8229838658936564,-0.5680647467311559,1988,pre1991,SWM,0.0
1988-09-04,440.87142857142857,7,684.8,True,False,False,,,-1.27,-0.394,-0.8854560256532096,-0.4647231720437691,1988,pre1991,SWM,0.0
1988-09-11,610.4,7,1297.0,True,False,False,,,-1.27,-0.394,-0.9350162426854147,-0.3546048870425359,1988,pre1991,SWM,0.0
1988-09-18,1081.1571428571428,7,1420.0,True,False,False,,,-1.27,-0.394,-0.970941817426052,-0.23931566428755774,1988,pre1991,SWM,0.0
1988-09-25,360.8142857142857,7,408.5,True,False,False,,,-1.27,-0.394,-0.992708874098054,-0.12053668025532357,1988,pre1991,SWM,0.0
1988-10-02,436.74285714285713,7,734.0,True,False,False,,,-1.54,-0.525,-1.0,-1.8369701987210297e-16,1988,pre1991,NEM,0.0
1988-10-09,279.7857142857143,7,368.0,True,False,False,,,-1.54,-0.525,-0.992708874098054,0.1205366802553232,1988,pre1991,NEM,0.0
1988-10-16,240.07142857142858,7,304.2,True,False,False,,,-1.54,-0.525,-0.9709418174260521,0.23931566428755738,1988,pre1991,NEM,0.0
1988-10-23,162.6,7,166.7,True,False,False,,,-1.54,-0.525,-0.9350162426854148,0.35460488704253557,1988,pre1991,NEM,0.0
1988-10-30,172.4857142857143,7,188.8,True,False,False,,,-1.54,-0.525,-0.8854560256532101,0.464723172043768,1988,pre1991,NEM,0.0
1988-11-06,153.77142857142857,7,160.2,True,False,False,,,-1.81,-0.184,-0.822983865893657,0.5680647467311548,1988,pre1991,NEM,0.0
1988-11-13,162.8857142857143,7,180.5,True,False,False,,,-1.81,-0.184,-0.7485107481711011,0.6631226582407953,1988,pre1991,NEM,0.0
1988-11-20,141.32857142857142,7,148.9,True,False,False,,,-1.81,-0.184,-0.6631226582407956,0.7485107481711007,1988,pre1991,NEM,0.0
1988-11-27,137.18571428571428,7,146.5,True,False,False,,,-1.81,-0.184,-0.5680647467311559,0.8229838658936564,1988,pre1991,NEM,0.0
1988-12-04,140.85714285714286,7,194.6,True,False,False,,,-1.85,0.156,-0.4647231720437684,0.88545602565321,1988,pre1991,NEM,0.0
1988-12-11,118.21428571428571,7,130.2,True,False,False,,,-1.85,0.156,-0.35460488704253595,0.9350162426854147,1988,pre1991,NEM,0.0
1988-12-18,106.10000000000001,7,109.4,True,False,False,,,-1.85,0.156,-0.2393156642875578,0.970941817426052,1988,pre1991,NEM,0.0
1988-12-25,97.62142857142858,7,106.9,True,False,False,,,-1.85,0.156,-0.12053668025532363,0.992708874098054,1988,pre1991,NEM,0.0
1989-01-01,153.55857142857144,7,369.3,True,False,False,,,-1.64,-0.281,6.432490598706546e-16,1.0,1988,pre1991,inter,0.0
1989-01-08,211.76142857142855,7,354.4,True,False,False,,,-1.64,-0.281,0.12053668025532305,0.992708874098054,1988,pre1991,inter,0.0
1989-01-15,80.25,7,81.96,True,False,False,,,-1.64,-0.281,0.23931566428755774,0.970941817426052,1988,pre1991,inter,0.0
1989-01-22,76.71714285714286,7,81.86,True,False,False,,,-1.64,-0.281,0.3546048870425356,0.9350162426854148,1988,pre1991,inter,0.0
1989-01-29,73.87428571428572,7,80.2,True,False,False,,,-1.64,-0.281,0.4647231720437685,0.8854560256532099,1988,pre1991,inter,0.0
1989-02-05,123.21571428571428,7,312.2,True,False,False,,,-1.38,-0.045,0.5680647467311558,0.8229838658936564,1988,pre1991,inter,0.0
1989-02-12,65.19,7,69.07,True,False,False,,,-1.38,-0.045,0.6631226582407952,0.7485107481711011,1988,pre1991,inter,0.0
1989-02-19,65.84,7,73.79,True,False,False,,,-1.38,-0.045,0.7485107481711011,0.6631226582407953,1988,pre1991,inter,0.0
1989-02-26,131.0157142857143,7,317.5,True,False,False,,,-1.38,-0.045,0.8229838658936564,0.5680647467311558,1988,pre1991,inter,0.0
1989-03-05,73.45714285714287,7,85.53,True,False,False,,,-1.09,-0.319,0.8854560256532098,0.4647231720437686,1988,pre1991,inter,0.0
1989-03-12,48.06714285714286,7,51.0,True,False,False,,,-1.09,-0.319,0.9350162426854148,0.35460488704253557,1988,pre1991,inter,0.0
1989-03-19,54.527142857142856,7,61.97,True,False,False,,,-1.09,-0.319,0.970941817426052,0.23931566428755804,1988,pre1991,inter,0.0
1989-03-26,60.464285714285715,7,83.08,True,False,False,,,-1.09,-0.319,0.992708874098054,0.120536680255323,1988,pre1991,inter,0.0
1989-04-02,53.22571428571428,7,59.48,True,False,False,,,-0.85,-0.48,1.0,-1.6081226496766366e-16,1988,pre1991,inter,0.0
1989-04-09,49.75,7,58.13,True,False,False,,,-0.85,-0.48,0.992708874098054,-0.12053668025532288,1988,pre1991,inter,0.0
1989-04-16,50.44714285714286,7,57.39,True,False,False,,,-0.85,-0.48,0.9709418174260521,-0.2393156642875575,1988,pre1991,inter,0.0
1989-04-23,46.465714285714284,7,49.46,True,False,False,,,-0.85,-0.48,0.9350162426854148,-0.35460488704253545,1988,pre1991,inter,0.0
1989-04-30,58.519999999999996,7,84.99,True,False,False,,,-0.85,-0.48,0.8854560256532099,-0.4647231720437685,1988,pre1991,inter,0.0
1989-05-07,60.135714285714286,7,69.91,True,False,False,,,-0.61,-0.594,0.8229838658936565,-0.5680647467311557,1988,pre1991,inter,0.0
1989-05-14,57.151428571428575,7,65.2,True,False,False,,,-0.61,-0.594,0.7485107481711013,-0.6631226582407951,1988,pre1991,inter,0.0
1989-05-21,68.96285714285715,7,82.35,True,False,False,,,-0.61,-0.594,0.6631226582407952,-0.7485107481711012,1988,pre1991,inter,0.0
1989-05-28,50.464285714285715,7,64.59,True,False,False,,,-0.61,-0.594,0.5680647467311558,-0.8229838658936564,1988,pre1991,inter,0.0
1989-06-04,64.39714285714285,7,119.1,True,False,False,,,-0.4,-0.78,0.46472317204376906,-0.8854560256532096,1989,pre1991,SWM,0.0
1989-06-11,63.45142857142857,7,96.9,True,False,False,,,-0.4,-0.78,0.35460488704253584,-0.9350162426854147,1989,pre1991,SWM,0.0
1989-06-18,39.478571428571435,7,44.81,True,False,False,,,-0.4,-0.78,0.23931566428755768,-0.970941817426052,1989,pre1991,SWM,0.0
1989-06-25,30.215714285714284,7,32.83,True,False,False,,,-0.4,-0.78,0.12053668025532308,-0.992708874098054,1989,pre1991,SWM,0.0
1989-07-02,40.98714285714285,7,51.51,True,False,False,,,-0.37,-0.447,-3.216245299353273e-16,-1.0,1989,pre1991,SWM,0.0
1989-07-09,59.362857142857145,7,98.18,True,False,False,,,-0.37,-0.447,-0.12053668025532283,-0.992708874098054,1989,pre1991,SWM,0.0
1989-07-16,155.68571428571428,7,258.4,True,False,False,,,-0.37,-0.447,-0.23931566428755743,-0.9709418174260521,1989,pre1991,SWM,0.0
1989-07-23,83.99428571428572,7,97.3,True,False,False,,,-0.37,-0.447,-0.3546048870425356,-0.9350162426854148,1989,pre1991,SWM,0.0
1989-07-30,991.0371428571428,7,1595.0,True,False,False,,,-0.37,-0.447,-0.46472317204376806,-0.8854560256532101,1989,pre1991,SWM,0.0
1989-08-06,213.74285714285716,7,493.0,True,False,False,,,-0.36,-0.321,-0.5680647467311556,-0.8229838658936565,1989,pre1991,SWM,0.0
1989-08-13,190.52857142857144,7,301.5,True,False,False,,,-0.36,-0.321,-0.663122658240795,-0.7485107481711013,1989,pre1991,SWM,0.0
1989-08-20,522.1,7,1068.0,True,False,False,,,-0.36,-0.321,-0.7485107481711011,-0.6631226582407952,1989,pre1991,SWM,0.0
1989-08-27,581.4142857142857,7,1197.0,True,False,False,,,-0.36,-0.321,-0.8229838658936564,-0.5680647467311559,1989,pre1991,SWM,0.0
1989-09-03,421.61428571428576,7,622.5,True,False,False,,,-0.33,-0.224,-0.8854560256532096,-0.4647231720437691,1989,pre1991,SWM,0.0
1989-09-10,254.55714285714288,7,400.0,True,False,False,,,-0.33,-0.224,-0.9350162426854147,-0.3546048870425359,1989,pre1991,SWM,0.0
1989-09-17,173.5,7,224.7,True,False,False,,,-0.33,-0.224,-0.970941817426052,-0.23931566428755774,1989,pre1991,SWM,0.0
1989-09-24,340.64285714285717,7,435.6,True,False,False,,,-0.33,-0.224,-0.992708874098054,-0.12053668025532357,1989,pre1991,SWM,0.0
1989-10-01,371.84285714285716,7,693.8,True,False,False,,,-0.25,-0.412,-1.0,-1.8369701987210297e-16,1989,pre1991,NEM,0.0
1989-10-08,336.2285714285714,7,485.6,True,False,False,,,-0.25,-0.412,-0.992708874098054,0.1205366802553232,1989,pre1991,NEM,0.0
1989-10-15,358.4857142857143,7,493.0,True,False,False,,,-0.25,-0.412,-0.9709418174260521,0.23931566428755738,1989,pre1991,NEM,0.0
1989-10-22,275.42857142857144,7,524.5,True,False,False,,,-0.25,-0.412,-0.9350162426854148,0.35460488704253557,1989,pre1991,NEM,0.0
1989-10-29,245.5,7,355.4,True,False,False,,,-0.25,-0.412,-0.8854560256532101,0.464723172043768,1989,pre1991,NEM,0.0
1989-11-05,251.9857142857143,7,323.8,True,False,False,,,-0.12,-0.338,-0.822983865893657,0.5680647467311548,1989,pre1991,NEM,0.0
1989-11-12,183.14285714285714,7,204.9,True,False,False,,,-0.12,-0.338,-0.7485107481711011,0.6631226582407953,1989,pre1991,NEM,0.0
1989-11-19,201.97142857142856,7,254.9,True,False,False,,,-0.12,-0.338,-0.6631226582407956,0.7485107481711007,1989,pre1991,NEM,0.0
1989-11-26,162.07142857142858,7,173.9,True,False,False,,,-0.12,-0.338,-0.5680647467311559,0.8229838658936564,1989,pre1991,NEM,0.0
1989-12-03,153.04285714285714,7,165.6,True,False,False,,,-0.04,-0.167,-0.4647231720437684,0.88545602565321,1989,pre1991,NEM,0.0
1989-12-10,149.77142857142857,7,169.9,True,False,False,,,-0.04,-0.167,-0.35460488704253595,0.9350162426854147,1989,pre1991,NEM,0.0
1989-12-17,143.42857142857142,7,155.0,True,False,False,,,-0.04,-0.167,-0.2393156642875578,0.970941817426052,1989,pre1991,NEM,0.0
1989-12-24,111.08571428571429,7,122.6,True,False,False,,,-0.04,-0.167,-0.12053668025532363,0.992708874098054,1989,pre1991,NEM,0.0
1989-12-31,101.83142857142856,7,106.7,True,False,False,,,-0.04,-0.167,6.432490598706546e-16,1.0,1989,pre1991,NEM,0.0
1990-01-07,86.82142857142857,7,90.0,True,False,False,4.54,21.099999999999998,0.18,-0.099,0.12053668025532305,0.992708874098054,1989,pre1991,inter,0.0
1990-01-14,78.96571428571428,7,82.7,True,False,False,0.27999999999999997,21.094285714285714,0.18,-0.099,0.23931566428755774,0.970941817426052,1989,pre1991,inter,0.0
1990-01-21,72.44000000000001,7,76.33,True,False,False,0.0,21.42571428571429,0.18,-0.099,0.3546048870425356,0.9350162426854148,1989,pre1991,inter,0.0
1990-01-28,60.41428571428571,7,68.09,True,False,False,0.0,21.365714285714287,0.18,-0.099,0.4647231720437685,0.8854560256532099,1989,pre1991,inter,0.0
1990-02-04,53.71714285714285,7,56.39,True,False,False,0.0,21.759999999999998,0.19,-0.289,0.5680647467311558,0.8229838658936564,1989,pre1991,inter,0.0
1990-02-11,148.06857142857143,7,346.0,True,False,False,0.0,22.58857142857143,0.19,-0.289,0.6631226582407952,0.7485107481711011,1989,pre1991,inter,0.0
1990-02-18,126.20285714285716,7,316.8,True,False,False,0.34,23.78,0.19,-0.289,0.7485107481711011,0.6631226582407953,1989,pre1991,inter,0.0
1990-02-25,66.15857142857143,7,82.09,True,False,False,0.0,22.428571428571427,0.19,-0.289,0.8229838658936564,0.5680647467311558,1989,pre1991,inter,0.0
1990-03-04,57.68857142857143,7,65.29,True,False,False,0.24000000000000005,24.10571428571429,0.3,-0.143,0.8854560256532098,0.4647231720437686,1989,pre1991,inter,0.0
1990-03-11,44.74571428571429,7,56.58,True,False,False,0.24000000000000002,24.165714285714284,0.3,-0.143,0.9350162426854148,0.35460488704253557,1989,pre1991,inter,0.0
1990-03-18,47.82714285714286,7,51.99,True,False,False,0.0,25.274285714285718,0.3,-0.143,0.970941817426052,0.23931566428755804,1989,pre1991,inter,0.0
1990-03-25,43.93714285714286,7,47.87,True,False,False,0.0,26.054285714285715,0.3,-0.143,0.992708874098054,0.120536680255323,1989,pre1991,inter,0.0
1990-04-01,50.81714285714286,7,56.39,True,False,False,0.8,26.02857142857143,0.27,-0.385,1.0,-1.6081226496766366e-16,1989,pre1991,inter,0.0
1990-04-08,53.41142857142857,7,78.0,True,False,False,2.5,26.551428571428573,0.27,-0.385,0.992708874098054,-0.12053668025532288,1989,pre1991,inter,0.0
1990-04-15,53.19571428571429,7,66.41,True,False,False,12.099999999999998,26.331428571428575,0.27,-0.385,0.9709418174260521,-0.2393156642875575,1989,pre1991,inter,0.0
1990-04-22,66.07714285714286,7,88.06,True,False,False,21.68,25.03142857142857,0.27,-0.385,0.9350162426854148,-0.35460488704253545,1989,pre1991,inter,0.0
1990-04-29,43.93857142857143,7,53.13,True,False,False,2.3,26.34,0.27,-0.385,0.8854560256532099,-0.4647231720437685,1989,pre1991,inter,0.0
1990-05-06,62.535714285714285,7,99.95,True,False,False,62.86,23.88,0.25,-0.349,0.8229838658936565,-0.5680647467311557,1989,pre1991,inter,0.0
1990-05-13,55.715714285714284,7,63.0,True,False,False,10.92,24.214285714285715,0.25,-0.349,0.7485107481711013,-0.6631226582407951,1989,pre1991,inter,0.0
1990-05-20,55.57299999999999,7,69.5,True,False,False,13.1,23.485714285714288,0.25,-0.349,0.6631226582407952,-0.7485107481711012,1989,pre1991,inter,0.0
1990-05-27,112.43571428571428,7,210.3,True,False,False,48.8,22.385714285714283,0.25,-0.349,0.5680647467311558,-0.8229838658936564,1989,pre1991,inter,0.0
1990-06-03,83.06428571428572,7,138.2,True,False,False,33.56,22.28857142857143,0.25,-0.568,0.46472317204376906,-0.8854560256532096,1990,pre1991,SWM,0.0
1990-06-10,52.19,7,57.38,True,False,False,21.68,22.400000000000002,0.25,-0.568,0.35460488704253584,-0.9350162426854147,1990,pre1991,SWM,0.0
1990-06-17,44.36714285714286,7,49.44,True,False,False,89.7,21.214285714285715,0.25,-0.568,0.23931566428755768,-0.970941817426052,1990,pre1991,SWM,0.0
1990-06-24,52.49571428571429,7,62.47,True,False,False,29.759999999999998,21.997142857142855,0.25,-0.568,0.12053668025532308,-0.992708874098054,1990,pre1991,SWM,0.0
1990-07-01,55.15571428571429,7,63.95,True,False,False,44.260000000000005,21.474285714285713,0.26,-0.246,-3.216245299353273e-16,-1.0,1990,pre1991,SWM,0.0
1990-07-08,56.43285714285714,7,64.08,True,False,False,79.62,20.75142857142857,0.26,-0.246,-0.12053668025532283,-0.992708874098054,1990,pre1991,SWM,0.0
1990-07-15,264.0857142857143,7,319.4,True,False,False,95.8,20.38,0.26,-0.246,-0.23931566428755743,-0.9709418174260521,1990,pre1991,SWM,0.0
1990-07-22,216.41428571428574,7,312.5,True,False,False,37.08,20.66,0.26,-0.246,-0.3546048870425356,-0.9350162426854148,1990,pre1991,SWM,0.0
1990-07-29,184.12857142857143,7,238.1,True,False,False,20.52,21.388571428571424,0.26,-0.246,-0.46472317204376806,-0.8854560256532101,1990,pre1991,SWM,0.0
1990-08-05,94.49142857142859,7,127.9,True,False,False,40.94,21.388571428571428,0.32,-0.391,-0.5680647467311556,-0.8229838658936565,1990,pre1991,SWM,0.0
1990-08-12,153.92857142857142,7,192.0,True,False,False,138.5,20.431428571428572,0.32,-0.391,-0.663122658240795,-0.7485107481711013,1990,pre1991,SWM,0.0
1990-08-19,503.12857142857143,7,790.0,True,False,False,79.75999999999999,20.25142857142857,0.32,-0.391,-0.7485107481711011,-0.6631226582407952,1990,pre1991,SWM,0.0
1990-08-26,981.3285714285714,7,1618.0,True,False,False,36.86,21.285714285714285,0.32,-0.391,-0.8229838658936564,-0.5680647467311559,1990,pre1991,SWM,0.0
1990-09-02,401.5285714285714,7,689.8,True,False,False,11.299999999999999,21.445714285714285,0.31,-0.183,-0.8854560256532096,-0.4647231720437691,1990,pre1991,SWM,0.0
1990-09-09,232.6142857142857,7,422.5,True,False,False,45.260000000000005,21.254285714285714,0.31,-0.183,-0.9350162426854147,-0.3546048870425359,1990,pre1991,SWM,0.0
1990-09-16,282.57142857142856,7,481.8,True,False,False,10.42,22.15142857142857,0.31,-0.183,-0.970941817426052,-0.23931566428755774,1990,pre1991,SWM,0.0
1990-09-23,142.72857142857143,7,160.1,True,False,False,14.94,22.202857142857145,0.31,-0.183,-0.992708874098054,-0.12053668025532357,1990,pre1991,SWM,0.0
1990-09-30,139.55714285714285,7,148.6,True,False,False,8.299999999999999,21.87142857142857,0.31,-0.183,-1.0,-1.8369701987210297e-16,1990,pre1991,SWM,0.0
1990-10-07,136.27142857142857,7,144.9,True,False,False,3.2399999999999998,21.60571428571429,0.27,-0.345,-0.992708874098054,0.1205366802553232,1990,pre1991,NEM,0.0
1990-10-14,150.94285714285712,7,297.5,True,False,False,28.12,22.639999999999997,0.27,-0.345,-0.9709418174260521,0.23931566428755738,1990,pre1991,NEM,0.0
1990-10-21,190.12857142857143,7,301.6,True,False,False,25.92,22.574285714285715,0.27,-0.345,-0.9350162426854148,0.35460488704253557,1990,pre1991,NEM,0.0
1990-10-28,173.12857142857143,7,213.9,True,False,False,96.32000000000001,21.768571428571427,0.27,-0.345,-0.8854560256532101,0.464723172043768,1990,pre1991,NEM,0.0
1990-11-04,250.74285714285716,7,326.3,True,False,False,61.12,20.925714285714285,0.31,-0.095,-0.822983865893657,0.5680647467311548,1990,pre1991,NEM,0.0
1990-11-11,196.3857142857143,7,251.9,True,False,False,9.28,20.38,0.31,-0.095,-0.7485107481711011,0.6631226582407953,1990,pre1991,NEM,0.0
1990-11-18,183.57142857142858,7,208.4,True,False,False,9.919999999999998,21.345714285714283,0.31,-0.095,-0.6631226582407956,0.7485107481711007,1990,pre1991,NEM,0.0
1990-11-25,177.85714285714286,7,229.4,True,False,False,0.5,22.028571428571432,0.31,-0.095,-0.5680647467311559,0.8229838658936564,1990,pre1991,NEM,0.0
1990-12-02,180.44285714285712,7,212.1,True,False,False,11.76,21.314285714285713,0.34,0.003,-0.4647231720437684,0.88545602565321,1990,pre1991,NEM,0.0
1990-12-09,172.52857142857144,7,213.8,True,False,False,1.12,21.271428571428572,0.34,0.003,-0.35460488704253595,0.9350162426854147,1990,pre1991,NEM,0.0
1990-12-16,136.6,7,146.2,True,False,False,0.0,20.60571428571429,0.34,0.003,-0.2393156642875578,0.970941817426052,1990,pre1991,NEM,0.0
1990-12-23,131.5285714285714,7,146.2,True,False,False,0.64,21.59714285714286,0.34,0.003,-0.12053668025532363,0.992708874098054,1990,pre1991,NEM,0.0
1990-12-30,107.19000000000001,7,125.8,True,False,False,0.26,21.42571428571429,0.34,0.003,6.432490598706546e-16,1.0,1990,pre1991,NEM,0.0
1991-01-06,90.96000000000001,7,113.0,True,False,False,1.3599999999999999,22.16,0.35,0.065,0.12053668025532305,0.992708874098054,1990,pre1991,inter,0.0
1991-01-13,80.01142857142858,7,84.95,True,False,False,0.0,22.437142857142856,0.35,0.065,0.23931566428755774,0.970941817426052,1990,pre1991,inter,0.0
1991-01-20,63.47428571428571,7,74.37,True,False,False,0.12,22.44,0.35,0.065,0.3546048870425356,0.9350162426854148,1990,pre1991,inter,0.0
1991-01-27,62.30571428571428,7,71.15,True,False,False,0.04,22.89428571428571,0.35,0.065,0.4647231720437685,0.8854560256532099,1990,pre1991,inter,0.0
1991-02-03,51.81142857142857,7,54.01,True,False,False,0.0,22.717142857142857,0.26,-0.097,0.5680647467311558,0.8229838658936564,1990,pre1991,inter,0.0
1991-02-10,50.32142857142857,7,53.5,True,False,False,0.06,23.217142857142854,0.26,-0.097,0.6631226582407952,0.7485107481711011,1990,pre1991,inter,0.0
1991-02-17,54.29,7,62.83,True,False,False,0.0,23.497142857142858,0.26,-0.097,0.7485107481711011,0.6631226582407953,1990,pre1991,inter,0.0
1991-02-24,49.29714285714285,7,52.91,True,False,False,0.0,24.062857142857144,0.26,-0.097,0.8229838658936564,0.5680647467311558,1990,pre1991,inter,0.0
1991-03-03,44.019999999999996,7,46.0,True,False,False,2.5,24.842857142857138,0.23,-0.037,0.8854560256532098,0.4647231720437686,1990,pre1991,inter,0.0
1991-03-10,49.96,7,57.0,True,False,False,2.58,25.162857142857142,0.23,-0.037,0.9350162426854148,0.35460488704253557,1990,pre1991,inter,0.0
1991-03-17,57.53142857142858,7,63.36,True,False,False,2.26,25.917142857142856,0.23,-0.037,0.970941817426052,0.23931566428755804,1990,pre1991,inter,0.0
1991-03-24,39.51428571428572,7,42.98,True,False,False,1.16,26.2,0.23,-0.037,0.992708874098054,0.120536680255323,1990,pre1991,inter,0.0
1991-03-31,49.23428571428571,7,53.72,True,False,False,0.02,27.28,0.23,-0.037,1.0,-1.6081226496766366e-16,1990,pre1991,inter,0.0
1991-04-07,41.10857142857143,7,57.38,True,False,False,38.660000000000004,25.125714285714285,0.29,0.288,0.992708874098054,-0.12053668025532288,1990,pre1991,inter,0.0
1991-04-14,61.137142857142855,7,68.86,True,False,False,19.9,24.81142857142857,0.29,0.288,0.9709418174260521,-0.2393156642875575,1990,pre1991,inter,0.0
1991-04-21,65.31,7,74.73,True,False,False,15.0,26.01142857142857,0.29,0.288,0.9350162426854148,-0.35460488704253545,1990,pre1991,inter,0.0
1991-04-28,54.73857142857143,7,69.0,True,False,False,36.239999999999995,24.648571428571433,0.29,0.288,0.8854560256532099,-0.4647231720437685,1990,pre1991,inter,0.0
1991-05-05,56.75428571428571,7,84.6,True,False,False,18.84,24.931428571428572,0.49,0.379,0.8229838658936565,-0.5680647467311557,1990,pre1991,inter,0.0
1991-05-12,97.57857142857144,7,147.3,True,False,False,19.7,25.085714285714285,0.49,0.379,0.7485107481711013,-0.6631226582407951,1990,pre1991,inter,0.0
1991-05-19,63.99857142857143,7,74.71,True,False,False,11.540000000000001,26.077142857142857,0.49,0.379,0.6631226582407952,-0.7485107481711012,1990,pre1991,inter,0.0
1991-05-26,67.58,7,86.71,True,False,False,49.44,25.277142857142856,0.49,0.379,0.5680647467311558,-0.8229838658936564,1990,pre1991,inter,0.0
1991-06-02,89.09285714285714,7,134.7,True,False,False,51.120000000000005,24.46857142857143,0.63,0.263,0.46472317204376906,-0.8854560256532096,1991,interim91,SWM,0.0
1991-06-09,432.84285714285716,7,860.9,True,False,False,239.62000000000003,22.357142857142858,0.63,0.263,0.35460488704253584,-0.9350162426854147,1991,interim91,SWM,0.0
1991-06-16,82.99142857142859,7,108.0,True,False,False,25.46,22.891428571428573,0.63,0.263,0.23931566428755768,-0.970941817426052,1991,interim91,SWM,0.0
1991-06-23,65.82571428571428,7,73.35,True,False,False,21.08,22.397142857142857,0.63,0.263,0.12053668025532308,-0.992708874098054,1991,interim91,SWM,0.0
1991-06-30,63.37285714285714,7,68.88,True,False,False,59.68,21.60571428571429,0.63,0.263,-3.216245299353273e-16,-1.0,1991,interim91,SWM,0.0
1991-07-07,263.44142857142856,7,658.3,True,False,False,45.64,21.294285714285714,0.77,0.269,-0.12053668025532283,-0.992708874098054,1991,interim91,SWM,0.0
1991-07-14,524.2857142857143,7,804.4,True,False,False,141.3,20.631428571428575,0.77,0.269,-0.23931566428755743,-0.9709418174260521,1991,interim91,SWM,0.0
1991-07-21,420.0571428571429,7,586.1,True,False,False,70.72,21.2,0.77,0.269,-0.3546048870425356,-0.9350162426854148,1991,interim91,SWM,0.0
1991-07-28,317.35714285714283,7,544.0,True,False,False,89.12,21.122857142857146,0.77,0.269,-0.46472317204376806,-0.8854560256532101,1991,interim91,SWM,0.0
1991-08-04,3228.4285714285716,7,6688.0,True,False,False,65.04,21.145714285714288,0.67,0.058,-0.5680647467311556,-0.8229838658936565,1991,interim91,SWM,0.0
1991-08-11,572.9714285714286,7,757.2,True,False,False,39.56,20.66857142857143,0.67,0.058,-0.663122658240795,-0.7485107481711013,1991,interim91,SWM,0.0
1991-08-18,851.2142857142857,7,1596.0,True,False,False,72.34,20.677142857142858,0.67,0.058,-0.7485107481711011,-0.6631226582407952,1991,interim91,SWM,0.0
1991-08-25,1052.9571428571428,7,1752.0,True,False,False,30.2,20.982857142857142,0.67,0.058,-0.8229838658936564,-0.5680647467311559,1991,interim91,SWM,0.0
1991-09-01,427.75714285714287,7,677.2,True,False,False,15.159999999999998,21.580000000000002,0.72,0.099,-0.8854560256532096,-0.4647231720437691,1991,interim91,SWM,0.0
1991-09-08,248.32857142857145,7,331.6,True,False,False,3.7199999999999998,22.265714285714285,0.72,0.099,-0.9350162426854147,-0.3546048870425359,1991,interim91,SWM,0.0
1991-09-15,472.4428571428571,7,1167.0,True,False,False,39.34,22.337142857142858,0.72,0.099,-0.970941817426052,-0.23931566428755774,1991,interim91,SWM,0.0
1991-09-22,411.5428571428571,7,816.4,True,False,False,14.22,21.58857142857143,0.72,0.099,-0.992708874098054,-0.12053668025532357,1991,interim91,SWM,0.0
1991-09-29,245.25714285714284,7,300.6,True,False,False,24.16,22.228571428571428,0.72,0.099,-1.0,-1.8369701987210297e-16,1991,interim91,SWM,0.0
1991-10-06,336.24285714285713,7,598.2,True,False,False,41.8,22.262857142857143,0.83,-0.031,-0.992708874098054,0.1205366802553232,1991,interim91,NEM,0.0
1991-10-13,457.57142857142856,7,566.9,True,False,False,29.36,21.76571428571429,0.83,-0.031,-0.9709418174260521,0.23931566428755738,1991,interim91,NEM,0.0
1991-10-20,279.0,7,324.3,True,False,False,17.86,21.68285714285714,0.83,-0.031,-0.9350162426854148,0.35460488704253557,1991,interim91,NEM,0.0
1991-10-27,232.4,7,240.8,True,False,False,3.72,22.03142857142857,0.83,-0.031,-0.8854560256532101,0.464723172043768,1991,interim91,NEM,0.0
1991-11-03,987.8000000000001,7,2150.0,True,False,False,104.38000000000001,21.071428571428573,1.18,0.04,-0.822983865893657,0.5680647467311548,1991,interim91,NEM,0.0
1991-11-10,461.2285714285714,7,585.2,True,False,False,11.98,21.12857142857143,1.18,0.04,-0.7485107481711011,0.6631226582407953,1991,interim91,NEM,0.0
1991-11-17,439.54285714285714,7,824.7,True,False,False,19.3,20.777142857142856,1.18,0.04,-0.6631226582407956,0.7485107481711007,1991,interim91,NEM,0.0
1991-11-24,469.0,7,794.3,True,False,False,6.72,20.851428571428574,1.18,0.04,-0.5680647467311559,0.8229838658936564,1991,interim91,NEM,0.0
1991-12-01,313.85714285714283,7,358.6,True,False,False,0.0,19.81714285714286,1.43,0.084,-0.4647231720437684,0.88545602565321,1991,interim91,NEM,0.0
1991-12-08,253.79999999999998,7,279.8,True,False,False,0.0,18.917142857142856,1.43,0.084,-0.35460488704253595,0.9350162426854147,1991,interim91,NEM,0.0
1991-12-15,239.34285714285716,7,248.1,True,False,False,0.04,19.728571428571428,1.43,0.084,-0.2393156642875578,0.970941817426052,1991,interim91,NEM,0.0
1991-12-22,215.3857142857143,7,231.9,True,False,False,0.6,21.488571428571426,1.43,0.084,-0.12053668025532363,0.992708874098054,1991,interim91,NEM,0.0
1991-12-29,167.6,7,173.0,True,False,False,0.06,20.408571428571427,1.43,0.084,6.432490598706546e-16,1.0,1991,interim91,NEM,0.0
1992-01-05,152.04285714285714,7,168.9,True,False,False,0.9000000000000001,20.571428571428573,1.54,-0.321,0.12053668025532305,0.992708874098054,1991,interim91,inter,0.0
1992-01-12,118.48571428571428,7,129.5,True,False,False,0.0,19.242857142857144,1.54,-0.321,0.23931566428755774,0.970941817426052,1991,interim91,inter,0.0
1992-01-19,86.8442857142857,7,101.1,True,False,False,0.0,19.68857142857143,1.54,-0.321,0.3546048870425356,0.9350162426854148,1991,interim91,inter,0.0
1992-01-26,79.00285714285714,7,84.97,True,False,False,0.0,20.282857142857143,1.54,-0.321,0.4647231720437685,0.8854560256532099,1991,interim91,inter,0.0
1992-02-02,74.87857142857142,7,80.38,True,False,False,0.0,20.854285714285716,1.5,-0.388,0.5680647467311558,0.8229838658936564,1991,interim91,inter,0.0
1992-02-09,61.16285714285714,7,67.84,True,False,False,0.14,22.965714285714284,1.5,-0.388,0.6631226582407952,0.7485107481711011,1991,interim91,inter,0.0
1992-02-16,53.30428571428571,7,56.07,True,False,False,0.0,23.10571428571429,1.5,-0.388,0.7485107481711011,0.6631226582407953,1991,interim91,inter,0.0
1992-02-23,58.105714285714285,7,65.8,True,False,False,0.0,22.860000000000003,1.5,-0.388,0.8229838658936564,0.5680647467311558,1991,interim91,inter,0.0
1992-03-01,48.67,7,53.75,True,False,False,0.02,23.614285714285717,1.4,-0.671,0.8854560256532098,0.4647231720437686,1991,interim91,inter,0.0
1992-03-08,40.598571428571425,7,41.53,True,False,False,0.0,24.482857142857142,1.4,-0.671,0.9350162426854148,0.35460488704253557,1991,interim91,inter,0.0
1992-03-15,47.91285714285714,7,53.77,True,False,False,0.0,24.365714285714287,1.4,-0.671,0.970941817426052,0.23931566428755804,1991,interim91,inter,0.0
1992-03-22,48.47857142857142,7,53.36,True,False,False,0.0,25.265714285714285,1.4,-0.671,0.992708874098054,0.120536680255323,1991,interim91,inter,0.0
1992-03-29,45.971428571428575,7,47.87,True,False,False,0.1,25.74285714285714,1.4,-0.671,1.0,-1.6081226496766366e-16,1991,interim91,inter,0.0
1992-04-05,47.31285714285714,7,49.85,True,False,False,0.04,25.825714285714287,1.3,-0.553,0.992708874098054,-0.12053668025532288,1991,interim91,inter,0.0
1992-04-12,56.778571428571425,7,61.43,True,False,False,1.3600000000000003,26.52285714285714,1.3,-0.553,0.9709418174260521,-0.2393156642875575,1991,interim91,inter,0.0
1992-04-19,46.949999999999996,7,56.69,True,False,False,14.360000000000001,25.842857142857145,1.3,-0.553,0.9350162426854148,-0.35460488704253545,1991,interim91,inter,0.0
1992-04-26,44.74571428571429,7,52.01,True,False,False,27.680000000000003,25.31142857142857,1.3,-0.553,0.8854560256532099,-0.4647231720437685,1991,interim91,inter,0.0
1992-05-03,56.10142857142858,7,72.09,True,False,False,22.74,24.8,1.08,-0.549,0.8229838658936565,-0.5680647467311557,1991,interim91,inter,0.0
1992-05-10,49.364285714285714,7,53.95,True,False,False,44.14,24.634285714285713,1.08,-0.549,0.7485107481711013,-0.6631226582407951,1991,interim91,inter,0.0
1992-05-17,58.527142857142856,7,67.07,True,False,False,42.68,23.731428571428573,1.08,-0.549,0.6631226582407952,-0.7485107481711012,1991,interim91,inter,0.0
1992-05-24,53.32,7,64.32,True,False,False,14.140000000000002,23.81714285714286,1.08,-0.549,0.5680647467311558,-0.8229838658936564,1991,interim91,inter,0.0
1992-05-31,60.88142857142857,7,93.89,True,False,False,34.18,23.91142857142857,1.08,-0.549,0.46472317204376906,-0.8854560256532096,1991,interim91,inter,0.0
1992-06-07,79.55142857142857,7,112.0,True,False,False,49.5,23.191428571428567,0.72,-0.861,0.35460488704253584,-0.9350162426854147,1992,interim91,SWM,0.0
1992-06-14,109.95857142857143,7,135.5,True,False,False,39.66,23.048571428571428,0.72,-0.861,0.23931566428755768,-0.970941817426052,1992,interim91,SWM,0.0
1992-06-21,64.23,7,76.03,True,False,False,80.2,21.948571428571427,0.72,-0.861,0.12053668025532308,-0.992708874098054,1992,interim91,SWM,0.0
1992-06-28,476.9242857142857,7,1284.0,True,False,False,33.14,21.859999999999996,0.72,-0.861,-3.216245299353273e-16,-1.0,1992,interim91,SWM,0.0
1992-07-05,322.90000000000003,7,465.2,True,False,False,34.52,22.18285714285714,0.35,-0.479,-0.12053668025532283,-0.992708874098054,1992,interim91,SWM,0.0
1992-07-12,336.88571428571424,7,487.2,True,False,False,51.76,21.919999999999998,0.35,-0.479,-0.23931566428755743,-0.9709418174260521,1992,interim91,SWM,0.0
1992-07-19,181.65714285714284,7,349.0,True,False,False,119.12,20.91428571428571,0.35,-0.479,-0.3546048870425356,-0.9350162426854148,1992,interim91,SWM,0.0
1992-07-26,478.2142857142857,7,567.0,True,False,False,86.12,20.745714285714286,0.35,-0.479,-0.46472317204376806,-0.8854560256532101,1992,interim91,SWM,0.0
1992-08-02,1998.685714285714,7,3279.0,True,False,False,55.1,21.0,0.08,-0.768,-0.5680647467311556,-0.8229838658936565,1992,interim91,SWM,0.0
1992-08-09,639.8285714285714,7,934.7,True,False,False,60.58,21.53142857142857,0.08,-0.768,-0.663122658240795,-0.7485107481711013,1992,interim91,SWM,0.0
1992-08-16,1030.8857142857144,7,2161.0,True,False,False,98.4,20.314285714285717,0.08,-0.768,-0.7485107481711011,-0.6631226582407952,1992,interim91,SWM,0.0
1992-08-23,1945.0,7,2371.0,True,False,False,57.56,20.91142857142857,0.08,-0.768,-0.8229838658936564,-0.5680647467311559,1992,interim91,SWM,0.0
1992-08-30,545.3142857142857,7,777.9,True,False,False,37.12,21.217142857142854,0.08,-0.768,-0.8854560256532096,-0.4647231720437691,1992,interim91,SWM,0.0
1992-09-06,712.1999999999999,7,840.0,True,False,False,35.620000000000005,20.919999999999998,-0.15,-0.833,-0.9350162426854147,-0.3546048870425359,1992,interim91,SWM,0.0
1992-09-13,650.6428571428571,7,910.8,True,False,False,15.32,21.337142857142855,-0.15,-0.833,-0.970941817426052,-0.23931566428755774,1992,interim91,SWM,0.0
1992-09-20,374.9142857142857,7,550.5,True,False,False,59.839999999999996,21.602857142857143,-0.15,-0.833,-0.992708874098054,-0.12053668025532357,1992,interim91,SWM,0.0
1992-09-27,520.4,7,841.7,True,False,False,31.64,22.685714285714283,-0.15,-0.833,-1.0,-1.8369701987210297e-16,1992,interim91,SWM,0.0
1992-10-04,818.9714285714286,7,1567.0,True,False,False,114.1,21.54,-0.22,-0.627,-0.992708874098054,0.1205366802553232,1992,interim91,NEM,0.0
1992-10-11,847.5571428571428,7,1371.0,True,False,False,43.28,21.625714285714285,-0.22,-0.627,-0.9709418174260521,0.23931566428755738,1992,interim91,NEM,0.0
1992-10-18,355.9428571428571,7,422.7,True,False,False,8.94,21.548571428571428,-0.22,-0.627,-0.9350162426854148,0.35460488704253557,1992,interim91,NEM,0.0
1992-10-25,326.7857142857143,7,477.1,True,False,False,11.799999999999999,21.82857142857143,-0.22,-0.627,-0.8854560256532101,0.464723172043768,1992,interim91,NEM,0.0
1992-11-01,234.42857142857142,7,270.1,True,False,False,8.62,21.525714285714287,-0.24,-0.4,-0.822983865893657,0.5680647467311548,1992,interim91,NEM,0.0
1992-11-08,220.18571428571428,7,235.4,True,False,False,8.879999999999999,22.482857142857142,-0.24,-0.4,-0.7485107481711011,0.6631226582407953,1992,interim91,NEM,0.0
1992-11-15,271.54285714285714,7,320.5,True,False,False,55.4,21.162857142857145,-0.24,-0.4,-0.6631226582407956,0.7485107481711007,1992,interim91,NEM,0.0
1992-11-22,445.7857142857143,7,812.2,True,False,False,50.739999999999995,20.662857142857142,-0.24,-0.4,-0.5680647467311559,0.8229838658936564,1992,interim91,NEM,0.0
1992-11-29,466.3,7,920.5,True,False,False,0.3,20.934285714285714,-0.24,-0.4,-0.4647231720437684,0.88545602565321,1992,interim91,NEM,0.0
1992-12-06,206.67142857142858,7,222.0,True,False,False,0.7599999999999999,20.751428571428573,-0.05,-0.316,-0.35460488704253595,0.9350162426854147,1992,interim91,NEM,0.0
1992-12-13,196.70000000000002,7,211.4,True,False,False,0.0,18.714285714285715,-0.05,-0.316,-0.2393156642875578,0.970941817426052,1992,interim91,NEM,0.0
1992-12-20,168.31428571428572,7,195.7,True,False,False,0.18,20.32857142857143,-0.05,-0.316,-0.12053668025532363,0.992708874098054,1992,interim91,NEM,0.0
1992-12-27,136.14285714285714,7,149.0,True,False,False,0.0,18.71142857142857,-0.05,-0.316,6.432490598706546e-16,1.0,1992,interim91,NEM,0.0
1993-01-03,125.95714285714287,7,132.6,True,False,False,0.0,18.717142857142854,0.13,-0.196,0.12053668025532314,0.992708874098054,1992,interim91,inter,0.0
1993-01-10,115.5,7,126.4,True,False,False,0.0,19.951428571428572,0.13,-0.196,0.12053668025532305,0.992708874098054,1992,interim91,inter,0.0
1993-01-17,87.16428571428571,7,99.48,True,False,False,0.0,21.145714285714288,0.13,-0.196,0.23931566428755774,0.970941817426052,1992,interim91,inter,0.0
1993-01-24,82.73571428571428,7,85.83,True,False,False,0.0,20.81714285714286,0.13,-0.196,0.3546048870425356,0.9350162426854148,1992,interim91,inter,0.0
1993-01-31,76.02,7,79.92,True,False,False,0.0,22.157142857142855,0.13,-0.196,0.4647231720437685,0.8854560256532099,1992,interim91,inter,0.0
1993-02-07,62.20428571428572,7,65.59,True,False,False,0.0,21.117142857142856,0.31,0.035,0.5680647467311558,0.8229838658936564,1992,interim91,inter,0.0
1993-02-14,56.73142857142857,7,58.44,True,False,False,0.06,21.957142857142856,0.31,0.035,0.6631226582407952,0.7485107481711011,1992,interim91,inter,0.0
1993-02-21,51.58571428571429,7,56.3,True,False,False,0.08,24.09142857142857,0.31,0.035,0.7485107481711011,0.6631226582407953,1992,interim91,inter,0.0
1993-02-28,49.92142857142857,7,57.52,True,False,False,3.26,22.842857142857145,0.31,0.035,0.8229838658936564,0.5680647467311558,1992,interim91,inter,0.0
1993-03-07,65.83142857142857,7,72.83,True,False,False,8.120000000000001,23.291428571428572,0.5,-0.295,0.8854560256532098,0.4647231720437686,1992,interim91,inter,0.0
1993-03-14,46.540000000000006,7,52.25,True,False,False,7.579999999999999,23.97714285714286,0.5,-0.295,0.9350162426854148,0.35460488704253557,1992,interim91,inter,0.0
1993-03-21,44.771428571428565,7,47.13,True,False,False,1.6,25.04285714285714,0.5,-0.295,0.970941817426052,0.23931566428755804,1992,interim91,inter,0.0
1993-03-28,62.075714285714284,7,83.02,True,False,False,6.48,24.325714285714287,0.5,-0.295,0.992708874098054,0.120536680255323,1992,interim91,inter,0.0
1993-04-04,69.98428571428572,7,78.79,True,False,False,18.439999999999998,24.53142857142857,0.73,-0.181,1.0,-1.6081226496766366e-16,1992,interim91,inter,0.0
1993-04-11,58.097142857142856,7,63.24,True,False,False,14.34,25.01142857142857,0.73,-0.181,0.992708874098054,-0.12053668025532288,1992,interim91,inter,0.0
1993-04-18,61.08,7,69.09,True,False,False,12.879999999999999,24.594285714285714,0.73,-0.181,0.9709418174260521,-0.2393156642875575,1992,interim91,inter,0.0
1993-04-25,74.2942857142857,7,83.3,True,False,False,15.78,25.825714285714287,0.73,-0.181,0.9350162426854148,-0.35460488704253545,1992,interim91,inter,0.0
1993-05-02,74.78,7,91.76,True,False,False,13.979999999999999,26.271428571428572,0.76,-0.027,0.8854560256532099,-0.4647231720437685,1992,interim91,inter,0.0
1993-05-09,62.082857142857144,7,79.35,True,False,False,18.18,25.97714285714286,0.76,-0.027,0.8229838658936565,-0.5680647467311557,1992,interim91,inter,0.0
1993-05-16,79.5942857142857,7,103.0,True,False,False,42.34,24.708571428571428,0.76,-0.027,0.7485107481711013,-0.6631226582407951,1992,interim91,inter,0.0
1993-05-23,100.72714285714287,7,183.7,True,False,False,53.28,23.482857142857142,0.76,-0.027,0.6631226582407952,-0.7485107481711012,1992,interim91,inter,0.0
1993-05-30,106.32571428571428,7,128.3,True,False,False,34.28,23.545714285714286,0.76,-0.027,0.5680647467311558,-0.8229838658936564,1992,interim91,inter,0.0
1993-06-06,92.28285714285714,7,129.3,True,False,False,70.94,23.142857142857142,0.56,-0.108,0.46472317204376906,-0.8854560256532096,1993,interim91,SWM,0.0
1993-06-13,118.98857142857142,7,196.1,True,False,False,33.98,22.377142857142854,0.56,-0.108,0.35460488704253584,-0.9350162426854147,1993,interim91,SWM,0.0
1993-06-20,65.13857142857144,7,69.94,True,False,False,54.86,21.448571428571427,0.56,-0.108,0.23931566428755768,-0.970941817426052,1993,interim91,SWM,0.0
1993-06-27,55.582857142857144,7,65.5,True,False,False,15.96,22.534285714285716,0.56,-0.108,0.12053668025532308,-0.992708874098054,1993,interim91,SWM,0.0
1993-07-04,114.77428571428571,7,135.6,True,False,False,81.39999999999999,21.514285714285712,0.28,-0.152,-3.216245299353273e-16,-1.0,1993,interim91,SWM,0.0
1993-07-11,195.91714285714286,7,385.4,True,False,False,37.88,21.345714285714283,0.28,-0.152,-0.12053668025532283,-0.992708874098054,1993,interim91,SWM,0.0
1993-07-18,319.1857142857143,7,537.6,True,False,False,68.54,21.180000000000003,0.28,-0.152,-0.23931566428755743,-0.9709418174260521,1993,interim91,SWM,0.0
1993-07-25,381.3,7,588.6,True,False,False,56.760000000000005,21.357142857142858,0.28,-0.152,-0.3546048870425356,-0.9350162426854148,1993,interim91,SWM,0.0
1993-08-01,328.88571428571424,7,504.5,True,False,False,74.3,20.534285714285716,0.22,-0.306,-0.46472317204376806,-0.8854560256532101,1993,interim91,SWM,0.0
1993-08-08,735.7571428571429,7,811.0,True,False,False,28.439999999999998,21.645714285714288,0.22,-0.306,-0.5680647467311556,-0.8229838658936565,1993,interim91,SWM,0.0
1993-08-15,219.95714285714286,7,392.2,True,False,False,47.44,20.962857142857143,0.22,-0.306,-0.663122658240795,-0.7485107481711013,1993,interim91,SWM,0.0
1993-08-22,870.6999999999999,7,1314.0,True,False,False,23.3,21.611428571428572,0.22,-0.306,-0.7485107481711011,-0.6631226582407952,1993,interim91,SWM,0.0
1993-08-29,587.8000000000001,7,999.7,True,False,False,25.02,21.565714285714286,0.22,-0.306,-0.8229838658936564,-0.5680647467311559,1993,interim91,SWM,0.0
1993-09-05,605.7714285714285,7,799.2,True,False,False,68.56,20.90857142857143,0.2,-0.17,-0.8854560256532096,-0.4647231720437691,1993,interim91,SWM,0.0
1993-09-12,293.88571428571424,7,419.9,True,False,False,18.02,21.325714285714287,0.2,-0.17,-0.9350162426854147,-0.3546048870425359,1993,interim91,SWM,0.0
1993-09-19,174.47142857142856,7,182.2,True,False,False,9.34,22.22,0.2,-0.17,-0.970941817426052,-0.23931566428755774,1993,interim91,SWM,0.0
1993-09-26,186.70000000000002,7,231.8,True,False,False,7.539999999999999,21.95428571428571,0.2,-0.17,-0.992708874098054,-0.12053668025532357,1993,interim91,SWM,0.0
1993-10-03,181.20000000000002,7,236.4,True,False,False,55.42,21.994285714285713,0.2,-0.156,-1.0,-1.8369701987210297e-16,1993,interim91,NEM,0.0
1993-10-10,559.8142857142857,7,973.0,True,False,False,62.440000000000005,21.417142857142856,0.2,-0.156,-0.992708874098054,0.1205366802553232,1993,interim91,NEM,0.0
1993-10-17,539.3428571428572,7,640.3,True,False,False,75.06,21.374285714285715,0.2,-0.156,-0.9709418174260521,0.23931566428755738,1993,interim91,NEM,0.0
1993-10-24,479.62857142857143,7,759.5,True,False,False,62.67999999999999,21.434285714285714,0.2,-0.156,-0.9350162426854148,0.35460488704253557,1993,interim91,NEM,0.0
1993-10-31,332.57142857142856,7,591.9,True,False,False,6.02,22.00857142857143,0.2,-0.156,-0.8854560256532101,0.464723172043768,1993,interim91,NEM,0.0
1993-11-07,291.4142857142857,7,329.8,True,False,False,11.1,22.077142857142857,0.2,-0.149,-0.822983865893657,0.5680647467311548,1993,interim91,NEM,0.0
1993-11-14,272.4714285714286,7,320.2,True,False,False,45.72,20.974285714285713,0.2,-0.149,-0.7485107481711011,0.6631226582407953,1993,interim91,NEM,0.0
1993-11-21,218.54285714285714,7,250.6,True,False,False,8.040000000000001,21.148571428571426,0.2,-0.149,-0.6631226582407956,0.7485107481711007,1993,interim91,NEM,0.0
1993-11-28,180.95714285714286,7,192.0,True,False,False,1.82,20.708571428571428,0.2,-0.149,-0.5680647467311559,0.8229838658936564,1993,interim91,NEM,0.0
1993-12-05,196.32857142857142,7,287.5,True,False,False,18.72,20.302857142857142,0.19,-0.206,-0.4647231720437684,0.88545602565321,1993,interim91,NEM,0.0
1993-12-12,262.1,7,385.5,True,False,False,17.56,20.037142857142857,0.19,-0.206,-0.35460488704253595,0.9350162426854147,1993,interim91,NEM,0.0
1993-12-19,152.97142857142856,7,179.8,True,False,False,0.0,19.642857142857142,0.19,-0.206,-0.2393156642875578,0.970941817426052,1993,interim91,NEM,0.0
1993-12-26,128.12857142857143,7,133.0,True,False,False,1.34,19.72,0.19,-0.206,-0.12053668025532363,0.992708874098054,1993,interim91,NEM,0.0
1994-01-02,112.88571428571429,7,119.2,True,False,False,0.9000000000000001,20.365714285714287,0.07,0.025,6.432490598706546e-16,1.0,1993,interim91,inter,0.0
1994-01-09,100.36571428571428,7,114.5,True,False,False,0.0,20.642857142857142,0.07,0.025,0.12053668025532305,0.992708874098054,1993,interim91,inter,0.0
1994-01-16,68.42857142857143,7,80.19,True,False,False,6.4799999999999995,21.537142857142857,0.07,0.025,0.23931566428755774,0.970941817426052,1993,interim91,inter,0.0
1994-01-23,131.51714285714286,7,220.5,True,False,False,9.22,21.368571428571432,0.07,0.025,0.3546048870425356,0.9350162426854148,1993,interim91,inter,0.0
1994-01-30,96.2942857142857,7,109.2,True,False,False,0.0,21.439999999999998,0.07,0.025,0.4647231720437685,0.8854560256532099,1993,interim91,inter,0.0
1994-02-06,63.629999999999995,7,72.52,True,False,False,0.0,22.557142857142857,0.0,-0.146,0.5680647467311558,0.8229838658936564,1993,interim91,inter,0.0
1994-02-13,62.952857142857134,7,67.3,True,False,False,6.4399999999999995,22.86285714285714,0.0,-0.146,0.6631226582407952,0.7485107481711011,1993,interim91,inter,0.0
1994-02-20,62.778571428571425,7,67.6,True,False,False,3.66,23.52,0.0,-0.146,0.7485107481711011,0.6631226582407953,1993,interim91,inter,0.0
1994-02-27,56.68285714285714,7,58.27,True,False,False,0.02,24.09714285714286,0.0,-0.146,0.8229838658936564,0.5680647467311558,1993,interim91,inter,0.0
1994-03-06,54.13428571428572,7,61.41,True,False,False,0.0,23.828571428571426,0.04,0.202,0.8854560256532098,0.4647231720437686,1993,interim91,inter,0.0
1994-03-13,49.424285714285716,7,53.32,True,False,False,0.0,25.222857142857144,0.04,0.202,0.9350162426854148,0.35460488704253557,1993,interim91,inter,0.0
1994-03-20,44.19571428571429,7,44.8,True,False,False,0.39999999999999997,26.17142857142857,0.04,0.202,0.970941817426052,0.23931566428755804,1993,interim91,inter,0.0
1994-03-27,39.25571428571429,7,41.19,True,False,False,28.58,24.68285714285714,0.04,0.202,0.992708874098054,0.120536680255323,1993,interim91,inter,0.0
1994-04-03,51.26714285714286,7,63.15,True,False,False,21.560000000000002,24.825714285714287,0.17,0.351,1.0,-1.6081226496766366e-16,1993,interim91,inter,0.0
1994-04-10,49.17,7,52.78,True,False,False,32.120000000000005,24.231428571428573,0.17,0.351,0.992708874098054,-0.12053668025532288,1993,interim91,inter,0.0
1994-04-17,87.12714285714286,7,132.6,True,False,False,27.54,23.717142857142857,0.17,0.351,0.9709418174260521,-0.2393156642875575,1993,interim91,inter,0.0
1994-04-24,76.00857142857141,7,99.88,True,False,False,7.1,24.859999999999996,0.17,0.351,0.9350162426854148,-0.35460488704253545,1993,interim91,inter,0.0
1994-05-01,52.50428571428572,7,56.05,True,False,False,17.34,25.32,0.25,0.544,0.8854560256532099,-0.4647231720437685,1993,interim91,inter,0.0
1994-05-08,57.800000000000004,7,71.89,True,False,False,18.9,24.76571428571429,0.25,0.544,0.8229838658936565,-0.5680647467311557,1993,interim91,inter,0.0
1994-05-15,83.45,7,96.99,True,False,False,13.84,24.76571428571429,0.25,0.544,0.7485107481711013,-0.6631226582407951,1993,interim91,inter,0.0
1994-05-22,93.28142857142858,7,111.1,True,False,False,17.02,24.885714285714283,0.25,0.544,0.6631226582407952,-0.7485107481711012,1993,interim91,inter,0.0
1994-05-29,118.28142857142858,7,157.7,True,False,False,36.42,23.919999999999998,0.25,0.544,0.5680647467311558,-0.8229838658936564,1993,interim91,inter,0.0
1994-06-05,96.17285714285715,7,162.7,True,False,False,102.02000000000001,22.442857142857143,0.23,0.433,0.46472317204376906,-0.8854560256532096,1994,interim91,SWM,0.0
1994-06-12,66.80714285714285,7,79.55,True,False,False,77.0,21.75714285714286,0.23,0.433,0.35460488704253584,-0.9350162426854147,1994,interim91,SWM,0.0
1994-06-19,65.19571428571429,7,79.44,True,False,False,57.66,21.82857142857143,0.23,0.433,0.23931566428755768,-0.970941817426052,1994,interim91,SWM,0.0
1994-06-26,148.33285714285714,7,216.3,True,False,False,24.919999999999998,22.042857142857144,0.23,0.433,0.12053668025532308,-0.992708874098054,1994,interim91,SWM,0.0
1994-07-03,328.37,7,902.2,True,False,False,60.5,21.374285714285715,0.3,0.557,-3.216245299353273e-16,-1.0,1994,interim91,SWM,0.0
1994-07-10,299.0571428571429,7,608.5,True,False,False,34.480000000000004,21.077142857142857,0.3,0.557,-0.12053668025532283,-0.992708874098054,1994,interim91,SWM,0.0
1994-07-17,1362.642857142857,7,5311.0,True,False,False,132.54,20.599999999999998,0.3,0.557,-0.23931566428755743,-0.9709418174260521,1994,interim91,SWM,0.0
1994-07-24,2126.171428571429,7,4920.0,True,False,False,36.059999999999995,21.24285714285714,0.3,0.557,-0.3546048870425356,-0.9350162426854148,1994,interim91,SWM,0.0
1994-07-31,1485.0714285714287,7,2046.0,True,False,False,83.7,21.034285714285716,0.3,0.557,-0.46472317204376806,-0.8854560256532101,1994,interim91,SWM,0.0
1994-08-07,1693.5714285714287,7,1988.0,True,False,False,36.08,21.305714285714288,0.3,0.811,-0.5680647467311556,-0.8229838658936565,1994,interim91,SWM,0.0
1994-08-14,346.14285714285717,7,843.2,True,False,False,5.62,21.94,0.3,0.811,-0.663122658240795,-0.7485107481711013,1994,interim91,SWM,0.0
1994-08-21,227.79999999999998,7,266.8,True,False,False,42.81999999999999,21.282857142857143,0.3,0.811,-0.7485107481711011,-0.6631226582407952,1994,interim91,SWM,0.0
1994-08-28,325.45714285714286,7,400.9,True,False,False,40.52,20.937142857142856,0.3,0.811,-0.8229838658936564,-0.5680647467311559,1994,interim91,SWM,0.0
1994-09-04,1121.742857142857,7,1946.0,True,False,False,52.9,20.822857142857142,0.47,0.529,-0.8854560256532096,-0.4647231720437691,1994,interim91,SWM,0.0
1994-09-11,897.0142857142857,7,1149.0,True,False,False,20.58,21.714285714285715,0.47,0.529,-0.9350162426854147,-0.3546048870425359,1994,interim91,SWM,0.0
1994-09-18,256.6142857142857,7,396.5,True,False,False,1.34,21.78,0.47,0.529,-0.970941817426052,-0.23931566428755774,1994,interim91,SWM,0.0
1994-09-25,186.4857142857143,7,232.1,True,False,False,7.38,22.39142857142857,0.47,0.529,-0.992708874098054,-0.12053668025532357,1994,interim91,SWM,0.0
1994-10-02,404.91428571428565,7,655.0,True,False,False,74.8,22.16857142857143,0.66,0.707,-1.0,-1.8369701987210297e-16,1994,interim91,NEM,0.0
1994-10-09,544.0571428571428,7,766.4,True,False,False,17.939999999999998,21.608571428571427,0.66,0.707,-0.992708874098054,0.1205366802553232,1994,interim91,NEM,0.0
1994-10-16,550.3,7,814.0,True,False,False,51.34,21.717142857142854,0.66,0.707,-0.9709418174260521,0.23931566428755738,1994,interim91,NEM,0.0
1994-10-23,722.5571428571428,7,820.3,True,False,False,39.660000000000004,21.599999999999998,0.66,0.707,-0.9350162426854148,0.35460488704253557,1994,interim91,NEM,0.0
1994-10-30,1134.357142857143,7,2111.0,True,False,False,77.56,21.602857142857143,0.66,0.707,-0.8854560256532101,0.464723172043768,1994,interim91,NEM,0.0
1994-11-06,727.9,7,1379.0,True,False,False,57.519999999999996,20.49142857142857,0.93,0.287,-0.822983865893657,0.5680647467311548,1994,interim91,NEM,0.0
1994-11-13,466.6857142857143,7,962.7,True,False,False,1.44,20.94,0.93,0.287,-0.7485107481711011,0.6631226582407953,1994,interim91,NEM,0.0
1994-11-20,268.3,7,299.1,True,False,False,0.48,21.117142857142856,0.93,0.287,-0.6631226582407956,0.7485107481711007,1994,interim91,NEM,0.0
1994-11-27,246.92857142857142,7,268.3,True,False,False,1.08,20.657142857142855,0.93,0.287,-0.5680647467311559,0.8229838658936564,1994,interim91,NEM,0.0
1994-12-04,228.54285714285714,7,238.5,True,False,False,0.0,20.137142857142855,0.97,0.263,-0.4647231720437684,0.88545602565321,1994,interim91,NEM,0.0
1994-12-11,202.6,7,216.0,True,False,False,0.0,19.482857142857142,0.97,0.263,-0.35460488704253595,0.9350162426854147,1994,interim91,NEM,0.0
1994-12-18,186.28571428571428,7,206.4,True,False,False,0.0,19.52285714285714,0.97,0.263,-0.2393156642875578,0.970941817426052,1994,interim91,NEM,0.0
1994-12-25,157.58571428571426,7,169.3,True,False,False,0.34,21.094285714285714,0.97,0.263,-0.12053668025532363,0.992708874098054,1994,interim91,NEM,0.0
1995-01-01,135.8857142857143,7,143.1,True,False,False,0.0,20.86285714285714,0.88,0.139,6.432490598706546e-16,1.0,1994,interim91,inter,0.0
1995-01-08,115.05714285714285,7,123.8,True,False,False,8.72,20.080000000000002,0.88,0.139,0.12053668025532305,0.992708874098054,1994,interim91,inter,0.0
1995-01-15,97.31428571428572,7,107.7,True,False,False,4.359999999999999,21.2,0.88,0.139,0.23931566428755774,0.970941817426052,1994,interim91,inter,0.0
1995-01-22,86.40285714285714,7,96.37,True,False,False,4.66,21.302857142857142,0.88,0.139,0.3546048870425356,0.9350162426854148,1994,interim91,inter,0.0
1995-01-29,88.82428571428571,7,93.46,True,False,False,0.0,21.30857142857143,0.88,0.139,0.4647231720437685,0.8854560256532099,1994,interim91,inter,0.0
1995-02-05,70.41285714285713,7,76.08,True,False,False,0.0,22.725714285714286,0.65,0.164,0.5680647467311558,0.8229838658936564,1994,interim91,inter,0.0
1995-02-12,57.04714285714285,7,60.7,True,False,False,0.0,23.148571428571426,0.65,0.164,0.6631226582407952,0.7485107481711011,1994,interim91,inter,0.0
1995-02-19,57.10142857142857,7,62.13,True,False,False,0.06,23.91142857142857,0.65,0.164,0.7485107481711011,0.6631226582407953,1994,interim91,inter,0.0
1995-02-26,71.26714285714286,7,80.54,True,False,False,0.18,24.63714285714286,0.65,0.164,0.8229838658936564,0.5680647467311558,1994,interim91,inter,0.0
1995-03-05,57.98428571428571,7,61.58,True,False,False,0.0,24.965714285714284,0.46,-0.05,0.8854560256532098,0.4647231720437686,1994,interim91,inter,0.0
1995-03-12,52.707142857142856,7,54.79,True,False,False,6.34,24.28857142857143,0.46,-0.05,0.9350162426854148,0.35460488704253557,1994,interim91,inter,0.0
1995-03-19,53.26857142857143,7,57.05,True,False,False,0.34,25.479999999999997,0.46,-0.05,0.970941817426052,0.23931566428755804,1994,interim91,inter,0.0
1995-03-26,42.32,7,47.55,True,False,False,0.56,25.96,0.46,-0.05,0.992708874098054,0.120536680255323,1994,interim91,inter,0.0
1995-04-02,47.31714285714286,7,53.1,True,False,False,2.6,25.542857142857144,0.19,-0.221,1.0,-1.6081226496766366e-16,1994,interim91,inter,0.0
1995-04-09,66.61571428571429,7,104.2,True,False,False,13.52,25.82,0.19,-0.221,0.992708874098054,-0.12053668025532288,1994,interim91,inter,0.0
1995-04-16,71.27857142857142,7,134.7,True,False,False,9.82,25.745714285714286,0.19,-0.221,0.9709418174260521,-0.2393156642875575,1994,interim91,inter,0.0
1995-04-23,70.25571428571429,7,87.06,True,False,False,13.979999999999999,26.00857142857143,0.19,-0.221,0.9350162426854148,-0.35460488704253545,1994,interim91,inter,0.0
1995-04-30,66.19285714285715,7,77.93,True,False,False,14.02,26.837142857142855,0.19,-0.221,0.8854560256532099,-0.4647231720437685,1994,interim91,inter,0.0
1995-05-07,48.207142857142856,7,54.4,True,False,False,43.599999999999994,25.294285714285714,0.03,-0.251,0.8229838658936565,-0.5680647467311557,1994,interim91,inter,0.0
1995-05-14,80.07142857142857,7,113.0,True,False,False,16.1,23.122857142857146,0.03,-0.251,0.7485107481711013,-0.6631226582407951,1994,interim91,inter,0.0
1995-05-21,74.08428571428571,7,80.13,True,False,False,4.84,24.33142857142857,0.03,-0.251,0.6631226582407952,-0.7485107481711012,1994,interim91,inter,0.0
1995-05-28,73.67428571428572,7,113.7,True,False,False,18.619999999999997,24.68857142857143,0.03,-0.251,0.5680647467311558,-0.8229838658936564,1994,interim91,inter,0.0
1995-06-04,92.19571428571429,7,125.0,True,False,False,25.759999999999998,24.7,-0.11,-0.078,0.46472317204376906,-0.8854560256532096,1995,interim91,SWM,0.0
1995-06-11,80.2957142857143,7,117.6,True,False,False,17.200000000000003,23.771428571428572,-0.11,-0.078,0.35460488704253584,-0.9350162426854147,1995,interim91,SWM,0.0
1995-06-18,39.26142857142857,7,42.05,True,False,False,65.54,22.448571428571427,-0.11,-0.078,0.23931566428755768,-0.970941817426052,1995,interim91,SWM,0.0
1995-06-25,34.55714285714286,7,37.5,True,False,False,27.72,22.3,-0.11,-0.078,0.12053668025532308,-0.992708874098054,1995,interim91,SWM,0.0
1995-07-02,38.61571428571428,7,45.0,True,False,False,33.48,22.08857142857143,-0.3,-0.169,-3.216245299353273e-16,-1.0,1995,interim91,SWM,0.0
1995-07-09,85.34142857142857,7,195.0,True,False,False,47.18,22.02285714285714,-0.3,-0.169,-0.12053668025532283,-0.992708874098054,1995,interim91,SWM,0.0
1995-07-16,327.95714285714286,7,644.6,True,False,False,103.62,21.145714285714284,-0.3,-0.169,-0.23931566428755743,-0.9709418174260521,1995,interim91,SWM,0.0
1995-07-23,351.2,7,505.2,True,False,False,53.81999999999999,21.165714285714284,-0.3,-0.169,-0.3546048870425356,-0.9350162426854148,1995,interim91,SWM,0.0
1995-07-30,304.25714285714287,7,388.3,True,False,False,50.519999999999996,21.505714285714284,-0.3,-0.169,-0.46472317204376806,-0.8854560256532101,1995,interim91,SWM,0.0
1995-08-06,181.5,7,293.7,True,False,False,28.799999999999997,21.931428571428572,-0.55,-0.144,-0.5680647467311556,-0.8229838658936565,1995,interim91,SWM,0.0
1995-08-13,190.78571428571428,7,292.6,True,False,False,26.519999999999996,22.325714285714287,-0.55,-0.144,-0.663122658240795,-0.7485107481711013,1995,interim91,SWM,0.0
1995-08-20,182.97142857142856,7,222.7,True,False,False,31.82,22.09714285714286,-0.55,-0.144,-0.7485107481711011,-0.6631226582407952,1995,interim91,SWM,0.0
1995-08-27,344.90000000000003,7,439.8,True,False,False,64.1,22.13714285714286,-0.55,-0.144,-0.8229838658936564,-0.5680647467311559,1995,interim91,SWM,0.0
1995-09-03,570.1571428571428,7,866.9,True,False,False,127.47999999999999,20.631428571428575,-0.81,-0.18,-0.8854560256532096,-0.4647231720437691,1995,interim91,SWM,0.0
1995-09-10,1102.242857142857,7,2009.0,True,False,False,23.86,21.648571428571426,-0.81,-0.18,-0.9350162426854147,-0.3546048870425359,1995,interim91,SWM,0.0
1995-09-17,356.6714285714285,7,488.4,True,False,False,17.4,22.0,-0.81,-0.18,-0.970941817426052,-0.23931566428755774,1995,interim91,SWM,0.0
1995-09-24,316.07142857142856,7,442.4,True,False,False,11.500000000000002,22.214285714285715,-0.81,-0.18,-0.992708874098054,-0.12053668025532357,1995,interim91,SWM,0.0
1995-10-01,318.7,7,870.0,True,False,False,22.24,22.357142857142858,-0.97,-0.367,-1.0,-1.8369701987210297e-16,1995,interim91,NEM,0.0
1995-10-08,546.7,7,930.0,True,False,False,39.339999999999996,22.071428571428573,-0.97,-0.367,-0.992708874098054,0.1205366802553232,1995,interim91,NEM,0.0
1995-10-15,259.81428571428575,7,335.3,True,False,False,12.42,21.754285714285714,-0.97,-0.367,-0.9709418174260521,0.23931566428755738,1995,interim91,NEM,0.0
1995-10-22,207.87142857142857,7,270.0,True,False,False,24.96,22.17142857142857,-0.97,-0.367,-0.9350162426854148,0.35460488704253557,1995,interim91,NEM,0.0
1995-10-29,271.07142857142856,7,280.0,True,False,False,19.939999999999998,22.220000000000002,-0.97,-0.367,-0.8854560256532101,0.464723172043768,1995,interim91,NEM,0.0
1995-11-05,250.18571428571428,7,278.3,True,False,False,19.96,22.414285714285715,-1.05,-0.295,-0.822983865893657,0.5680647467311548,1995,interim91,NEM,0.0
1995-11-12,255.51428571428573,7,294.6,True,False,False,19.459999999999997,21.648571428571426,-1.05,-0.295,-0.7485107481711011,0.6631226582407953,1995,interim91,NEM,0.0
1995-11-19,193.04285714285714,7,207.3,True,False,False,0.7400000000000001,21.37142857142857,-1.05,-0.295,-0.6631226582407956,0.7485107481711007,1995,interim91,NEM,0.0
1995-11-26,197.17142857142858,7,220.2,True,False,False,21.4,21.614285714285717,-1.05,-0.295,-0.5680647467311559,0.8229838658936564,1995,interim91,NEM,0.0
1995-12-03,171.6,7,206.7,True,False,False,1.2599999999999998,21.360000000000003,-1.01,0.09,-0.4647231720437684,0.88545602565321,1995,interim91,NEM,0.0
1995-12-10,139.4857142857143,7,155.8,True,False,False,0.0,21.048571428571428,-1.01,0.09,-0.35460488704253595,0.9350162426854147,1995,interim91,NEM,0.0
1995-12-17,142.67142857142858,7,176.1,True,False,False,0.08,20.33142857142857,-1.01,0.09,-0.2393156642875578,0.970941817426052,1995,interim91,NEM,0.0
1995-12-24,106.76571428571428,7,121.4,True,False,False,0.0,20.439999999999998,-1.01,0.09,-0.12053668025532363,0.992708874098054,1995,interim91,NEM,0.0
1995-12-31,94.11428571428571,7,101.3,True,False,False,0.0,20.640000000000004,-1.01,0.09,6.432490598706546e-16,1.0,1995,interim91,NEM,0.0
1996-01-07,89.57000000000001,7,97.36,True,False,False,0.06,21.697142857142858,-0.88,-0.021,0.12053668025532305,0.992708874098054,1995,interim91,inter,0.0
1996-01-14,340.26000000000005,7,790.3,True,False,False,0.0,21.39428571428571,-0.88,-0.021,0.23931566428755774,0.970941817426052,1995,interim91,inter,0.0
1996-01-21,66.30285714285715,7,69.6,True,False,False,3.2399999999999998,22.685714285714287,-0.88,-0.021,0.3546048870425356,0.9350162426854148,1995,interim91,inter,0.0
1996-01-28,59.480000000000004,7,66.09,True,False,False,0.1,21.385714285714283,-0.88,-0.021,0.4647231720437685,0.8854560256532099,1995,interim91,inter,0.0
1996-02-04,55.69,7,62.1,True,False,False,0.0,21.431428571428572,-0.7,-0.033,0.5680647467311558,0.8229838658936564,1995,interim91,inter,0.0
1996-02-11,48.14857142857143,7,52.48,True,False,False,0.42000000000000004,22.282857142857143,-0.7,-0.033,0.6631226582407952,0.7485107481711011,1995,interim91,inter,0.0
1996-02-18,59.228571428571435,7,64.09,True,False,False,3.6600000000000006,23.225714285714286,-0.7,-0.033,0.7485107481711011,0.6631226582407953,1995,interim91,inter,0.0
1996-02-25,47.42857142857143,7,51.17,True,False,False,0.06,24.345714285714287,-0.7,-0.033,0.8229838658936564,0.5680647467311558,1995,interim91,inter,0.0
1996-03-03,50.58714285714286,7,59.44,True,False,False,0.02,24.125714285714285,-0.52,-0.085,0.8854560256532098,0.4647231720437686,1995,interim91,inter,0.0
1996-03-10,46.202857142857134,7,48.98,True,False,False,0.0,24.657142857142855,-0.52,-0.085,0.9350162426854148,0.35460488704253557,1995,interim91,inter,0.0
1996-03-17,43.51142857142857,7,45.37,True,False,False,0.16,25.542857142857144,-0.52,-0.085,0.970941817426052,0.23931566428755804,1995,interim91,inter,0.0
1996-03-24,43.66571428571428,7,49.15,True,False,False,3.8199999999999994,26.014285714285712,-0.52,-0.085,0.992708874098054,0.120536680255323,1995,interim91,inter,0.0
1996-03-31,43.951428571428565,7,48.19,True,False,False,2.1599999999999997,26.525714285714283,-0.52,-0.085,1.0,-1.6081226496766366e-16,1995,interim91,inter,0.0
1996-04-07,45.46714285714285,7,47.81,True,False,False,9.8,26.16571428571429,-0.36,-0.369,0.992708874098054,-0.12053668025532288,1995,interim91,inter,0.0
1996-04-14,46.589999999999996,7,56.63,True,False,False,64.56,24.04,-0.36,-0.369,0.9709418174260521,-0.2393156642875575,1995,interim91,inter,0.0
1996-04-21,84.30285714285715,7,112.4,True,False,False,30.2,23.771428571428572,-0.36,-0.369,0.9350162426854148,-0.35460488704253545,1995,interim91,inter,0.0
1996-04-28,48.53285714285715,7,55.36,True,False,False,14.1,25.020000000000003,-0.36,-0.369,0.8854560256532099,-0.4647231720437685,1995,interim91,inter,0.0
1996-05-05,58.65,7,73.23,True,False,False,8.84,25.30857142857143,-0.25,-0.266,0.8229838658936565,-0.5680647467311557,1995,interim91,inter,0.0
1996-05-12,42.470000000000006,7,51.21,True,False,False,2.6,24.845714285714287,-0.25,-0.266,0.7485107481711013,-0.6631226582407951,1995,interim91,inter,0.0
1996-05-19,37.08428571428571,7,40.19,True,False,False,9.280000000000001,25.285714285714285,-0.25,-0.266,0.6631226582407952,-0.7485107481711012,1995,interim91,inter,0.0
1996-05-26,40.402857142857144,7,46.43,True,False,False,18.24,25.048571428571428,-0.25,-0.266,0.5680647467311558,-0.8229838658936564,1995,interim91,inter,0.0
1996-06-02,49.49714285714286,7,59.13,True,False,False,44.94,24.38,-0.24,-0.395,0.46472317204376906,-0.8854560256532096,1996,interim91,SWM,0.0
1996-06-09,59.33428571428572,7,99.08,True,False,False,30.560000000000002,23.708571428571428,-0.24,-0.395,0.35460488704253584,-0.9350162426854147,1996,interim91,SWM,0.0
1996-06-16,64.69857142857143,7,94.5,True,False,False,176.12,21.611428571428572,-0.24,-0.395,0.23931566428755768,-0.970941817426052,1996,interim91,SWM,0.0
1996-06-23,61.54571428571428,7,81.06,True,False,False,144.4,21.328571428571426,-0.24,-0.395,0.12053668025532308,-0.992708874098054,1996,interim91,SWM,0.0
1996-06-30,45.75142857142857,7,48.41,True,False,False,5.640000000000001,22.731428571428573,-0.24,-0.395,-3.216245299353273e-16,-1.0,1996,interim91,SWM,0.0
1996-07-07,40.17,7,42.48,True,False,False,11.38,22.58285714285714,-0.22,-0.644,-0.12053668025532283,-0.992708874098054,1996,interim91,SWM,0.0
1996-07-14,76.65142857142857,7,114.6,True,False,False,75.86,21.745714285714286,-0.22,-0.644,-0.23931566428755743,-0.9709418174260521,1996,interim91,SWM,0.0
1996-07-21,123.61428571428571,7,127.5,True,False,False,227.96,20.099999999999998,-0.22,-0.644,-0.3546048870425356,-0.9350162426854148,1996,interim91,SWM,0.0
1996-07-28,472.62857142857143,7,685.0,True,False,False,91.02,20.814285714285713,-0.22,-0.644,-0.46472317204376806,-0.8854560256532101,1996,interim91,SWM,0.0
1996-08-04,425.84285714285716,7,593.5,True,False,False,36.699999999999996,20.922857142857143,-0.27,-0.681,-0.5680647467311556,-0.8229838658936565,1996,interim91,SWM,0.0
1996-08-11,328.65714285714284,7,374.1,True,False,False,39.459999999999994,20.931428571428572,-0.27,-0.681,-0.663122658240795,-0.7485107481711013,1996,interim91,SWM,0.0
1996-08-18,263.25714285714287,7,619.1,True,False,False,39.84,21.197142857142858,-0.27,-0.681,-0.7485107481711011,-0.6631226582407952,1996,interim91,SWM,0.0
1996-08-25,698.9142857142857,7,1185.0,True,False,False,83.44,21.240000000000002,-0.27,-0.681,-0.8229838658936564,-0.5680647467311559,1996,interim91,SWM,0.0
1996-09-01,271.4857142857143,7,471.9,True,False,False,21.299999999999997,21.351428571428574,-0.3,-0.712,-0.8854560256532096,-0.4647231720437691,1996,interim91,SWM,0.0
1996-09-08,593.8714285714286,7,801.1,True,False,False,46.56,21.794285714285714,-0.3,-0.712,-0.9350162426854147,-0.3546048870425359,1996,interim91,SWM,0.0
1996-09-15,390.7857142857143,7,462.2,True,False,False,35.84,21.59142857142857,-0.3,-0.712,-0.970941817426052,-0.23931566428755774,1996,interim91,SWM,0.0
1996-09-22,272.1714285714286,7,330.9,True,False,False,22.880000000000003,21.754285714285714,-0.3,-0.712,-0.992708874098054,-0.12053668025532357,1996,interim91,SWM,0.0
1996-09-29,498.41428571428565,7,861.4,True,False,False,80.64,21.345714285714283,-0.3,-0.712,-1.0,-1.8369701987210297e-16,1996,interim91,SWM,0.0
1996-10-06,652.0,7,879.7,True,False,False,14.799999999999999,21.25714285714286,-0.33,-1.109,-0.992708874098054,0.1205366802553232,1996,interim91,NEM,0.0
1996-10-13,674.7285714285715,7,1528.0,True,False,False,45.519999999999996,22.025714285714287,-0.33,-1.109,-0.9709418174260521,0.23931566428755738,1996,interim91,NEM,0.0
1996-10-20,1223.357142857143,7,1712.0,True,False,False,93.96,21.131428571428568,-0.33,-1.109,-0.9350162426854148,0.35460488704253557,1996,interim91,NEM,0.0
1996-10-27,526.5142857142857,7,1085.0,True,False,False,15.580000000000002,20.81714285714286,-0.33,-1.109,-0.8854560256532101,0.464723172043768,1996,interim91,NEM,0.0
1996-11-03,288.4,7,321.4,True,False,False,11.58,21.00857142857143,-0.39,-0.797,-0.822983865893657,0.5680647467311548,1996,interim91,NEM,0.0
1996-11-10,265.68571428571425,7,305.3,True,False,False,1.04,20.705714285714286,-0.39,-0.797,-0.7485107481711011,0.6631226582407953,1996,interim91,NEM,0.0
1996-11-17,249.85714285714286,7,269.7,True,False,False,9.82,21.705714285714286,-0.39,-0.797,-0.6631226582407956,0.7485107481711007,1996,interim91,NEM,0.0
1996-11-24,236.14285714285714,7,249.2,True,False,False,11.06,21.231428571428573,-0.39,-0.797,-0.5680647467311559,0.8229838658936564,1996,interim91,NEM,0.0
1996-12-01,249.65714285714284,7,259.4,True,False,False,3.2600000000000007,20.90857142857143,-0.41,-0.413,-0.4647231720437684,0.88545602565321,1996,interim91,NEM,0.0
1996-12-08,193.74285714285716,7,222.1,True,False,False,21.64,19.52,-0.41,-0.413,-0.35460488704253595,0.9350162426854147,1996,interim91,NEM,0.0
1996-12-15,257.92857142857144,7,290.4,True,False,False,42.62,19.74857142857143,-0.41,-0.413,-0.2393156642875578,0.970941817426052,1996,interim91,NEM,0.0
1996-12-22,248.35714285714286,7,324.6,True,False,False,14.86,19.108571428571427,-0.41,-0.413,-0.12053668025532363,0.992708874098054,1996,interim91,NEM,0.0
1996-12-29,139.84285714285713,7,162.9,True,False,False,0.0,18.41142857142857,-0.41,-0.413,6.432490598706546e-16,1.0,1996,interim91,NEM,0.0
1997-01-05,120.24285714285715,7,125.5,True,False,False,0.0,19.414285714285715,-0.41,-0.11,0.12053668025532305,0.992708874098054,1996,interim91,inter,0.0
1997-01-12,105.67,7,114.4,True,False,False,3.2199999999999998,20.037142857142857,-0.41,-0.11,0.23931566428755774,0.970941817426052,1996,interim91,inter,0.0
1997-01-19,100.04285714285713,7,104.8,True,False,False,12.479999999999999,20.7,-0.41,-0.11,0.3546048870425356,0.9350162426854148,1996,interim91,inter,0.0
1997-01-26,95.73,7,108.6,True,False,False,0.0,20.705714285714286,-0.41,-0.11,0.4647231720437685,0.8854560256532099,1996,interim91,inter,0.0
1997-02-02,59.82142857142857,7,78.66,True,False,False,0.0,20.622857142857146,-0.26,0.079,0.5680647467311558,0.8229838658936564,1996,interim91,inter,0.0
1997-02-09,50.005714285714284,7,51.61,True,False,False,0.0,22.45714285714286,-0.26,0.079,0.6631226582407952,0.7485107481711011,1996,interim91,inter,0.0
1997-02-16,44.40857142857143,7,48.77,True,False,False,0.0,22.28,-0.26,0.079,0.7485107481711011,0.6631226582407953,1996,interim91,inter,0.0
1997-02-23,64.61571428571429,7,70.75,True,False,False,0.04,23.042857142857144,-0.26,0.079,0.8229838658936564,0.5680647467311558,1996,interim91,inter,0.0
1997-03-02,73.92999999999999,7,86.16,True,False,False,0.04,23.759999999999998,-0.03,0.043,0.8854560256532098,0.4647231720437686,1996,interim91,inter,0.0
1997-03-09,60.92,7,70.75,True,False,False,0.0,23.574285714285715,-0.03,0.043,0.9350162426854148,0.35460488704253557,1996,interim91,inter,0.0
1997-03-16,75.09285714285714,7,82.25,True,False,False,2.2,25.437142857142856,-0.03,0.043,0.970941817426052,0.23931566428755804,1996,interim91,inter,0.0
1997-03-23,80.11857142857143,7,114.0,True,False,False,13.48,24.81714285714286,-0.03,0.043,0.992708874098054,0.120536680255323,1996,interim91,inter,0.0
1997-03-30,68.86857142857143,7,91.15,True,False,False,9.82,24.545714285714286,-0.03,0.043,1.0,-1.6081226496766366e-16,1996,interim91,inter,0.0
1997-04-06,76.12,7,90.14,True,False,False,11.74,23.59142857142857,0.3,0.054,0.992708874098054,-0.12053668025532288,1996,interim91,inter,0.0
1997-04-13,75.93285714285715,7,93.06,True,False,False,1.64,24.67142857142857,0.3,0.054,0.9709418174260521,-0.2393156642875575,1996,interim91,inter,0.0
1997-04-20,63.037142857142854,7,82.31,True,False,False,13.64,24.41142857142857,0.3,0.054,0.9350162426854148,-0.35460488704253545,1996,interim91,inter,0.0
1997-04-27,66.69,7,83.15,True,False,False,2.1799999999999997,25.488571428571426,0.3,0.054,0.8854560256532099,-0.4647231720437685,1996,interim91,inter,0.0
1997-05-04,50.332857142857144,7,87.31,True,False,False,36.74,24.834285714285716,0.71,0.026,0.8229838658936565,-0.5680647467311557,1996,interim91,inter,0.0
1997-05-11,74.23571428571428,7,84.46,True,False,False,15.02,24.931428571428572,0.71,0.026,0.7485107481711013,-0.6631226582407951,1996,interim91,inter,0.0
1997-05-18,78.22142857142856,7,89.76,True,False,False,32.86,24.53142857142857,0.71,0.026,0.6631226582407952,-0.7485107481711012,1996,interim91,inter,0.0
1997-05-25,85.12571428571428,7,112.9,True,False,False,10.24,24.265714285714285,0.71,0.026,0.5680647467311558,-0.8229838658936564,1996,interim91,inter,0.0
1997-06-01,87.99000000000001,7,113.7,True,False,False,11.08,24.65142857142857,1.13,0.081,0.46472317204376906,-0.8854560256532096,1997,interim91,SWM,0.0
1997-06-08,58.00285714285714,7,72.33,True,False,False,44.42,24.194285714285716,1.13,0.081,0.35460488704253584,-0.9350162426854147,1997,interim91,SWM,0.0
1997-06-15,79.4557142857143,7,92.88,True,False,False,25.200000000000003,22.580000000000002,1.13,0.081,0.23931566428755768,-0.970941817426052,1997,interim91,SWM,0.0
1997-06-22,59.065714285714286,7,63.1,True,False,False,10.74,22.877142857142854,1.13,0.081,0.12053668025532308,-0.992708874098054,1997,interim91,SWM,0.0
1997-06-29,52.94285714285714,7,56.43,True,False,False,65.5,21.614285714285717,1.13,0.081,-3.216245299353273e-16,-1.0,1997,interim91,SWM,0.0
1997-07-06,46.68571428571429,7,52.51,True,False,False,188.88,20.725714285714282,1.48,0.447,-0.12053668025532283,-0.992708874098054,1997,interim91,SWM,0.0
1997-07-13,350.15857142857146,7,879.0,True,False,False,52.34,21.16857142857143,1.48,0.447,-0.23931566428755743,-0.9709418174260521,1997,interim91,SWM,0.0
1997-07-20,381.75714285714287,7,755.7,True,False,False,23.52,22.222857142857144,1.48,0.447,-0.3546048870425356,-0.9350162426854148,1997,interim91,SWM,0.0
1997-07-27,221.52857142857144,7,362.1,True,False,False,125.54,21.41714285714286,1.48,0.447,-0.46472317204376806,-0.8854560256532101,1997,interim91,SWM,0.0
1997-08-03,576.8571428571429,7,740.2,True,False,False,56.86,21.342857142857145,1.79,0.633,-0.5680647467311556,-0.8229838658936565,1997,interim91,SWM,0.0
1997-08-10,1542.8428571428572,7,2730.0,True,False,False,65.69999999999999,20.68857142857143,1.79,0.633,-0.663122658240795,-0.7485107481711013,1997,interim91,SWM,0.0
1997-08-17,542.4285714285714,7,1163.0,True,False,False,30.76,21.434285714285714,1.79,0.633,-0.7485107481711011,-0.6631226582407952,1997,interim91,SWM,0.0
1997-08-24,510.38571428571424,7,2478.0,True,False,False,28.2,21.40285714285714,1.79,0.633,-0.8229838658936564,-0.5680647467311559,1997,interim91,SWM,0.0
1997-08-31,1012.157142857143,7,1569.0,True,False,False,42.480000000000004,21.614285714285717,1.79,0.633,-0.8854560256532096,-0.4647231720437691,1997,interim91,SWM,0.0
1997-09-07,365.7142857142857,7,645.0,True,False,False,19.52,22.057142857142857,2.04,0.771,-0.9350162426854147,-0.3546048870425359,1997,interim91,SWM,0.0
1997-09-14,302.25714285714287,7,437.7,True,False,False,33.54,22.099999999999998,2.04,0.771,-0.970941817426052,-0.23931566428755774,1997,interim91,SWM,0.0
1997-09-21,437.04285714285714,7,534.8,True,False,False,23.5,21.982857142857142,2.04,0.771,-0.992708874098054,-0.12053668025532357,1997,interim91,SWM,0.0
1997-09-28,227.28571428571428,7,302.2,True,False,False,5.98,21.81142857142857,2.04,0.771,-1.0,-1.8369701987210297e-16,1997,interim91,SWM,0.0
1997-10-05,500.4714285714286,7,934.9,True,False,False,36.86000000000001,22.10571428571429,2.24,0.874,-0.992708874098054,0.1205366802553232,1997,interim91,NEM,0.0
1997-10-12,319.7714285714286,7,443.7,True,False,False,11.139999999999999,22.877142857142854,2.24,0.874,-0.9709418174260521,0.23931566428755738,1997,interim91,NEM,0.0
1997-10-19,221.3857142857143,7,233.7,True,False,False,5.1,22.685714285714287,2.24,0.874,-0.9350162426854148,0.35460488704253557,1997,interim91,NEM,0.0
1997-10-26,358.3142857142857,7,707.2,True,False,False,42.22,22.114285714285717,2.24,0.874,-0.8854560256532101,0.464723172043768,1997,interim91,NEM,0.0
1997-11-02,448.9428571428572,7,591.6,True,False,False,37.76,21.759999999999998,2.34,1.279,-0.822983865893657,0.5680647467311548,1997,interim91,NEM,0.0
1997-11-09,380.1714285714285,7,480.5,True,False,False,36.34,21.482857142857142,2.34,1.279,-0.7485107481711011,0.6631226582407953,1997,interim91,NEM,0.0
1997-11-16,344.84285714285716,7,441.9,True,False,False,7.539999999999999,21.774285714285718,2.34,1.279,-0.6631226582407956,0.7485107481711007,1997,interim91,NEM,0.0
1997-11-23,336.85714285714283,7,510.8,True,False,False,16.96,21.654285714285717,2.34,1.279,-0.5680647467311559,0.8229838658936564,1997,interim91,NEM,0.0
1997-11-30,556.4571428571428,7,834.7,True,False,False,35.1,21.554285714285715,2.34,1.279,-0.4647231720437684,0.88545602565321,1997,interim91,NEM,0.0
1997-12-07,299.5,7,386.1,True,False,False,18.400000000000002,21.08285714285714,2.37,0.863,-0.35460488704253595,0.9350162426854147,1997,interim91,NEM,0.0
1997-12-14,322.59999999999997,7,406.8,True,False,False,16.7,21.551428571428573,2.37,0.863,-0.2393156642875578,0.970941817426052,1997,interim91,NEM,0.0
1997-12-21,215.65714285714284,7,245.6,True,False,False,4.32,21.962857142857143,2.37,0.863,-0.12053668025532363,0.992708874098054,1997,interim91,NEM,0.0
1997-12-28,192.4,7,208.9,True,False,False,2.4,21.240000000000002,2.37,0.863,6.432490598706546e-16,1.0,1997,interim91,NEM,0.0
1998-01-04,148.0,7,163.2,True,False,False,0.0,20.934285714285714,2.22,0.525,0.12053668025532305,0.992708874098054,1997,interim91,inter,0.0
1998-01-11,126.38571428571429,7,133.3,True,False,False,0.0,21.22,2.22,0.525,0.23931566428755774,0.970941817426052,1997,interim91,inter,0.0
1998-01-18,99.61285714285714,7,110.1,True,False,False,0.04,22.077142857142857,2.22,0.525,0.3546048870425356,0.9350162426854148,1997,interim91,inter,0.0
1998-01-25,96.90857142857143,7,110.9,True,False,False,0.3,23.111428571428572,2.22,0.525,0.4647231720437685,0.8854560256532099,1997,interim91,inter,0.0
1998-02-01,73.45142857142856,7,82.41,True,False,False,0.2,23.29714285714286,1.91,0.422,0.5680647467311558,0.8229838658936564,1997,interim91,inter,0.0
1998-02-08,51.25285714285714,7,57.39,True,False,False,0.0,22.825714285714287,1.91,0.422,0.6631226582407952,0.7485107481711011,1997,interim91,inter,0.0
1998-02-15,69.83428571428571,7,77.68,True,False,False,0.34,23.259999999999998,1.91,0.422,0.7485107481711011,0.6631226582407953,1997,interim91,inter,0.0
1998-02-22,67.16428571428571,7,76.25,True,False,False,0.0,23.16,1.91,0.422,0.8229838658936564,0.5680647467311558,1997,interim91,inter,0.0
1998-03-01,62.02571428571429,7,70.94,True,False,False,0.32,25.262857142857143,1.4,-0.055,0.8854560256532098,0.4647231720437686,1997,interim91,inter,0.0
1998-03-08,71.68571428571428,7,75.84,True,False,False,0.1,24.91714285714286,1.4,-0.055,0.9350162426854148,0.35460488704253557,1997,interim91,inter,0.0
1998-03-15,56.528571428571425,7,65.51,True,False,False,0.0,25.374285714285715,1.4,-0.055,0.970941817426052,0.23931566428755804,1997,interim91,inter,0.0
1998-03-22,37.642857142857146,7,45.12,True,False,False,0.0,25.777142857142856,1.4,-0.055,0.992708874098054,0.120536680255323,1997,interim91,inter,0.0
1998-03-29,70.6842857142857,7,85.13,True,False,False,3.88,26.665714285714284,1.4,-0.055,1.0,-1.6081226496766366e-16,1997,interim91,inter,0.0
1998-04-05,76.38714285714286,7,90.73,True,False,False,4.859999999999999,26.825714285714287,1.03,0.047,0.992708874098054,-0.12053668025532288,1997,interim91,inter,0.0
1998-04-12,62.96,7,70.9,True,False,False,7.9799999999999995,27.048571428571428,1.03,0.047,0.9709418174260521,-0.2393156642875575,1997,interim91,inter,0.0
1998-04-19,65.66428571428571,7,76.75,True,False,False,2.8600000000000003,27.054285714285715,1.03,0.047,0.9350162426854148,-0.35460488704253545,1997,interim91,inter,0.0
1998-04-26,87.50142857142858,7,120.2,True,False,False,23.56,26.47714285714286,1.03,0.047,0.8854560256532099,-0.4647231720437685,1997,interim91,inter,0.0
1998-05-03,103.86285714285714,7,153.7,True,False,False,17.119999999999997,26.177142857142858,0.4,0.14,0.8229838658936565,-0.5680647467311557,1997,interim91,inter,0.0
1998-05-10,47.91714285714285,7,72.6,True,False,False,12.240000000000002,26.868571428571432,0.4,0.14,0.7485107481711013,-0.6631226582407951,1997,interim91,inter,0.0
1998-05-17,67.5657142857143,7,98.81,True,False,False,53.5,24.794285714285714,0.4,0.14,0.6631226582407952,-0.7485107481711012,1997,interim91,inter,0.0
1998-05-24,73.98,7,90.82,True,False,False,7.52,25.517142857142858,0.4,0.14,0.5680647467311558,-0.8229838658936564,1997,interim91,inter,0.0
1998-05-31,80.78714285714285,7,102.7,True,False,False,17.14,25.474285714285713,0.4,0.14,0.46472317204376906,-0.8854560256532096,1997,interim91,inter,0.0
1998-06-07,57.67,7,63.01,True,False,False,27.06,24.81142857142857,-0.08,0.147,0.35460488704253584,-0.9350162426854147,1998,interim91,SWM,0.0
1998-06-14,35.78,7,44.91,True,False,False,17.48,23.400000000000002,-0.08,0.147,0.23931566428755768,-0.970941817426052,1998,interim91,SWM,0.0
1998-06-21,34.410000000000004,7,37.55,True,False,False,21.64,22.994285714285716,-0.08,0.147,0.12053668025532308,-0.992708874098054,1998,interim91,SWM,0.0
1998-06-28,39.957142857142856,7,51.0,True,False,False,159.78,21.68285714285714,-0.08,0.147,-3.216245299353273e-16,-1.0,1998,interim91,SWM,0.0
1998-07-05,362.6057142857143,7,978.2,True,False,False,185.77999999999997,21.19142857142857,-0.63,-0.385,-0.12053668025532283,-0.992708874098054,1998,interim91,SWM,0.0
1998-07-12,559.7285714285714,7,848.9,True,False,False,38.2,21.759999999999998,-0.63,-0.385,-0.23931566428755743,-0.9709418174260521,1998,interim91,SWM,0.0
1998-07-19,593.7142857142857,7,1129.0,True,False,False,106.44,22.19142857142857,-0.63,-0.385,-0.3546048870425356,-0.9350162426854148,1998,interim91,SWM,0.0
1998-07-26,258.9857142857143,7,601.2,True,False,False,78.04,21.851428571428574,-0.63,-0.385,-0.46472317204376806,-0.8854560256532101,1998,interim91,SWM,0.0
1998-08-02,286.3142857142857,7,556.8,True,False,False,72.3,21.297142857142855,-0.83,-0.58,-0.5680647467311556,-0.8229838658936565,1998,interim91,SWM,0.0
1998-08-09,434.64285714285717,7,582.9,True,False,False,64.9,21.53142857142857,-0.83,-0.58,-0.663122658240795,-0.7485107481711013,1998,interim91,SWM,0.0
1998-08-16,290.2714285714286,7,375.2,True,False,False,35.68,22.02285714285714,-0.83,-0.58,-0.7485107481711011,-0.6631226582407952,1998,interim91,SWM,0.0
1998-08-23,585.6999999999999,7,795.3,True,False,False,63.22,21.962857142857143,-0.83,-0.58,-0.8229838658936564,-0.5680647467311559,1998,interim91,SWM,0.0
1998-08-30,395.65714285714284,7,510.0,True,False,False,43.00000000000001,21.945714285714285,-0.83,-0.58,-0.8854560256532096,-0.4647231720437691,1998,interim91,SWM,0.0
1998-09-06,351.74285714285713,7,645.8,True,False,False,31.7,21.92285714285714,-1.02,-0.496,-0.9350162426854147,-0.3546048870425359,1998,interim91,SWM,0.0
1998-09-13,318.34285714285716,7,518.8,True,False,False,44.379999999999995,21.46857142857143,-1.02,-0.496,-0.970941817426052,-0.23931566428755774,1998,interim91,SWM,0.0
1998-09-20,503.65714285714284,7,775.4,True,False,False,11.92,21.768571428571427,-1.02,-0.496,-0.992708874098054,-0.12053668025532357,1998,interim91,SWM,0.0
1998-09-27,589.842857142857,7,1586.0,True,False,False,48.839999999999996,21.708571428571428,-1.02,-0.496,-1.0,-1.8369701987210297e-16,1998,interim91,SWM,0.0
1998-10-04,541.8571428571429,7,890.0,True,False,False,29.740000000000002,21.62,-1.12,-0.743,-0.992708874098054,0.1205366802553232,1998,interim91,NEM,0.0
1998-10-11,517.1142857142858,7,607.6,True,False,False,57.7,21.782857142857143,-1.12,-0.743,-0.9709418174260521,0.23931566428755738,1998,interim91,NEM,0.0
1998-10-18,646.0,7,1051.0,True,False,False,32.88,21.154285714285713,-1.12,-0.743,-0.9350162426854148,0.35460488704253557,1998,interim91,NEM,0.0
1998-10-25,388.64285714285717,7,587.8,True,False,False,4.1,21.208571428571428,-1.12,-0.743,-0.8854560256532101,0.464723172043768,1998,interim91,NEM,0.0
1998-11-01,350.0857142857143,7,496.7,True,False,False,7.02,22.12857142857143,-1.31,-0.653,-0.822983865893657,0.5680647467311548,1998,interim91,NEM,0.0
1998-11-08,444.54285714285714,7,585.6,True,False,False,55.28,21.13714285714286,-1.31,-0.653,-0.7485107481711011,0.6631226582407953,1998,interim91,NEM,0.0
1998-11-15,401.54285714285714,7,472.4,True,False,False,21.560000000000002,21.42571428571429,-1.31,-0.653,-0.6631226582407956,0.7485107481711007,1998,interim91,NEM,0.0
1998-11-22,260.42857142857144,7,276.8,True,False,False,2.1,20.640000000000004,-1.31,-0.653,-0.5680647467311559,0.8229838658936564,1998,interim91,NEM,0.0
1998-11-29,243.27142857142857,7,273.4,True,False,False,1.8,20.877142857142854,-1.31,-0.653,-0.4647231720437684,0.88545602565321,1998,interim91,NEM,0.0
1998-12-06,226.31428571428572,7,238.9,True,False,False,2.06,21.374285714285715,-1.47,-0.336,-0.35460488704253595,0.9350162426854147,1998,interim91,NEM,0.0
1998-12-13,229.4,7,265.9,True,False,False,21.18,20.745714285714286,-1.47,-0.336,-0.2393156642875578,0.970941817426052,1998,interim91,NEM,0.0
1998-12-20,188.6142857142857,7,229.6,True,False,False,3.64,20.497142857142858,-1.47,-0.336,-0.12053668025532363,0.992708874098054,1998,interim91,NEM,0.0
1998-12-27,139.31428571428572,7,150.1,True,False,False,0.0,19.054285714285715,-1.47,-0.336,6.432490598706546e-16,1.0,1998,interim91,NEM,0.0
1999-01-03,108.03285714285714,7,119.3,True,False,False,0.0,20.228571428571428,-1.51,-0.13,0.12053668025532314,0.992708874098054,1998,interim91,inter,0.0
1999-01-10,104.42857142857143,7,110.4,True,False,False,0.0,20.419999999999998,-1.51,-0.13,0.12053668025532305,0.992708874098054,1998,interim91,inter,0.0
1999-01-17,85.95857142857143,7,101.0,True,False,False,0.04,20.714285714285715,-1.51,-0.13,0.23931566428755774,0.970941817426052,1998,interim91,inter,0.0
1999-01-24,75.74000000000001,7,79.64,True,False,False,0.0,20.108571428571427,-1.51,-0.13,0.3546048870425356,0.9350162426854148,1998,interim91,inter,0.0
1999-01-31,71.79142857142857,7,73.65,True,False,False,0.0,20.708571428571428,-1.51,-0.13,0.4647231720437685,0.8854560256532099,1998,interim91,inter,0.0
1999-02-07,69.02714285714286,7,78.93,True,False,False,4.5600000000000005,22.17142857142857,-1.25,-0.038,0.5680647467311558,0.8229838658936564,1998,interim91,inter,0.0
1999-02-14,55.06,7,64.84,True,False,False,1.4000000000000001,22.488571428571426,-1.25,-0.038,0.6631226582407952,0.7485107481711011,1998,interim91,inter,0.0
1999-02-21,65.79285714285714,7,72.83,True,False,False,0.0,23.562857142857144,-1.25,-0.038,0.7485107481711011,0.6631226582407953,1998,interim91,inter,0.0
1999-02-28,66.14285714285714,7,71.66,True,False,False,0.0,23.72,-1.25,-0.038,0.8229838658936564,0.5680647467311558,1998,interim91,inter,0.0
1999-03-07,68.33142857142857,7,70.84,True,False,False,0.16,24.534285714285712,-0.93,0.102,0.8854560256532098,0.4647231720437686,1998,interim91,inter,0.0
1999-03-14,54.67285714285714,7,64.14,True,False,False,3.3200000000000003,25.02,-0.93,0.102,0.9350162426854148,0.35460488704253557,1998,interim91,inter,0.0
1999-03-21,57.41285714285714,7,79.6,True,False,False,2.5200000000000005,25.67142857142857,-0.93,0.102,0.970941817426052,0.23931566428755804,1998,interim91,inter,0.0
1999-03-28,87.92285714285715,7,96.3,True,False,False,9.8,25.30857142857143,-0.93,0.102,0.992708874098054,0.120536680255323,1998,interim91,inter,0.0
1999-04-04,52.220000000000006,7,73.1,True,False,False,2.9800000000000004,26.04,-0.8,-0.001,1.0,-1.6081226496766366e-16,1998,interim91,inter,0.0
1999-04-11,43.25,7,47.06,True,False,False,22.66,25.125714285714285,-0.8,-0.001,0.992708874098054,-0.12053668025532288,1998,interim91,inter,0.0
1999-04-18,96.75571428571428,7,138.5,True,False,False,3.44,24.88,-0.8,-0.001,0.9709418174260521,-0.2393156642875575,1998,interim91,inter,0.0
1999-04-25,78.16857142857143,7,100.5,True,False,False,25.18,23.954285714285714,-0.8,-0.001,0.9350162426854148,-0.35460488704253545,1998,interim91,inter,0.0
1999-05-02,151.71571428571428,7,207.9,True,False,False,11.76,24.074285714285715,-0.79,-0.186,0.8854560256532099,-0.4647231720437685,1998,interim91,inter,0.0
1999-05-09,121.97714285714285,7,162.7,True,False,False,72.88,22.94857142857143,-0.79,-0.186,0.8229838658936565,-0.5680647467311557,1998,interim91,inter,0.0
1999-05-16,98.03714285714285,7,129.5,True,False,False,60.94,22.69142857142857,-0.79,-0.186,0.7485107481711013,-0.6631226582407951,1998,interim91,inter,0.0
1999-05-23,139.05714285714288,7,175.7,True,False,False,26.759999999999998,22.185714285714287,-0.79,-0.186,0.6631226582407952,-0.7485107481711012,1998,interim91,inter,0.0
1999-05-30,95.11,7,109.3,True,False,False,52.1,21.662857142857145,-0.79,-0.186,0.5680647467311558,-0.8229838658936564,1998,interim91,inter,0.0
1999-06-06,69.5457142857143,7,73.58,True,False,False,8.6,22.208571428571428,-0.84,-0.146,0.46472317204376906,-0.8854560256532096,1999,interim91,SWM,0.0
1999-06-13,144.0,7,206.1,True,False,False,44.36,21.608571428571427,-0.84,-0.146,0.35460488704253584,-0.9350162426854147,1999,interim91,SWM,0.0
1999-06-20,78.27857142857144,7,87.06,True,False,False,57.26,21.157142857142855,-0.84,-0.146,0.23931566428755768,-0.970941817426052,1999,interim91,SWM,0.0
1999-06-27,188.1128542857143,7,368.5,True,False,False,8.94,21.865714285714287,-0.84,-0.146,0.12053668025532308,-0.992708874098054,1999,interim91,SWM,0.0
1999-07-04,139.74428571428572,7,262.5,True,False,False,16.6,22.06857142857143,-0.9,0.111,-3.216245299353273e-16,-1.0,1999,interim91,SWM,0.0
1999-07-11,76.69142857142857,7,118.0,True,False,False,52.74,21.488571428571426,-0.9,0.111,-0.12053668025532283,-0.992708874098054,1999,interim91,SWM,0.0
1999-07-18,102.88571428571429,7,143.4,True,False,False,97.2,20.725714285714282,-0.9,0.111,-0.23931566428755743,-0.9709418174260521,1999,interim91,SWM,0.0
1999-07-25,674.0714285714286,7,944.4,True,False,False,105.04,20.268571428571427,-0.9,0.111,-0.3546048870425356,-0.9350162426854148,1999,interim91,SWM,0.0
1999-08-01,616.8714285714286,7,1060.0,True,False,False,60.519999999999996,20.87142857142857,-0.94,0.023,-0.46472317204376806,-0.8854560256532101,1999,interim91,SWM,0.0
1999-08-08,872.7571428571429,7,1091.0,True,False,False,32.62,20.577142857142857,-0.94,0.023,-0.5680647467311556,-0.8229838658936565,1999,interim91,SWM,0.0
1999-08-15,1091.8,7,1531.0,True,False,False,15.48,21.40285714285714,-0.94,0.023,-0.663122658240795,-0.7485107481711013,1999,interim91,SWM,0.0
1999-08-22,285.4,7,381.9,True,False,False,23.72,21.871428571428574,-0.94,0.023,-0.7485107481711011,-0.6631226582407952,1999,interim91,SWM,0.0
1999-08-29,221.28571428571428,7,264.9,True,False,False,30.64,21.268571428571427,-0.94,0.023,-0.8229838658936564,-0.5680647467311559,1999,interim91,SWM,0.0
1999-09-05,214.44285714285712,7,241.9,True,False,False,16.84,21.17142857142857,-1.0,-0.049,-0.8854560256532096,-0.4647231720437691,1999,interim91,SWM,0.0
1999-09-12,169.65714285714284,7,183.3,True,False,False,10.559999999999999,21.52285714285714,-1.0,-0.049,-0.9350162426854147,-0.3546048870425359,1999,interim91,SWM,0.0
1999-09-19,155.14285714285714,7,172.5,True,False,False,4.32,22.02,-1.0,-0.049,-0.970941817426052,-0.23931566428755774,1999,interim91,SWM,0.0
1999-09-26,148.55714285714288,7,181.5,True,False,False,20.52,22.865714285714287,-1.0,-0.049,-0.992708874098054,-0.12053668025532357,1999,interim91,SWM,0.0
1999-10-03,394.4714285714286,7,690.0,True,False,False,77.82000000000001,21.622857142857146,-1.13,-0.189,-1.0,-1.8369701987210297e-16,1999,interim91,NEM,0.0
1999-10-10,471.40000000000003,7,656.0,True,False,False,76.88,21.805714285714288,-1.13,-0.189,-0.992708874098054,0.1205366802553232,1999,interim91,NEM,0.0
1999-10-17,428.88571428571424,7,606.5,True,False,False,43.2,21.779999999999998,-1.13,-0.189,-0.9709418174260521,0.23931566428755738,1999,interim91,NEM,0.0
1999-10-24,561.7142857142857,7,825.0,True,False,False,52.9,21.939999999999998,-1.13,-0.189,-0.9350162426854148,0.35460488704253557,1999,interim91,NEM,0.0
1999-10-31,1533.142857142857,7,2023.0,True,False,False,26.56,21.451428571428572,-1.13,-0.189,-0.8854560256532101,0.464723172043768,1999,interim91,NEM,0.0
1999-11-07,461.37142857142857,7,744.0,True,False,False,6.86,21.32,-1.35,-0.116,-0.822983865893657,0.5680647467311548,1999,interim91,NEM,0.0
1999-11-14,292.25714285714287,7,361.1,True,False,False,0.06,20.654285714285717,-1.35,-0.116,-0.7485107481711011,0.6631226582407953,1999,interim91,NEM,0.0
1999-11-21,248.42857142857142,7,298.0,True,False,False,2.84,20.23428571428571,-1.35,-0.116,-0.6631226582407956,0.7485107481711007,1999,interim91,NEM,0.0
1999-11-28,519.0714285714286,7,835.0,True,False,False,8.72,20.72,-1.35,-0.116,-0.5680647467311559,0.8229838658936564,1999,interim91,NEM,0.0
1999-12-05,296.15714285714284,7,333.2,True,False,False,0.8400000000000001,20.84,-1.53,-0.148,-0.4647231720437684,0.88545602565321,1999,interim91,NEM,0.0
1999-12-12,231.08571428571426,7,241.7,True,False,False,0.1,20.37142857142857,-1.53,-0.148,-0.35460488704253595,0.9350162426854147,1999,interim91,NEM,0.0
1999-12-19,211.08571428571426,7,221.2,True,False,False,1.5399999999999998,20.488571428571426,-1.53,-0.148,-0.2393156642875578,0.970941817426052,1999,interim91,NEM,0.0
1999-12-26,195.12857142857143,7,219.0,True,False,False,1.14,20.428571428571427,-1.53,-0.148,-0.12053668025532363,0.992708874098054,1999,interim91,NEM,0.0
2000-01-02,158.62857142857143,7,201.8,True,False,False,0.0,19.854285714285712,-1.47,-0.125,6.432490598706546e-16,1.0,1999,interim91,inter,0.0
2000-01-09,112.14285714285714,7,121.8,True,False,False,0.04,20.90857142857143,-1.47,-0.125,0.12053668025532305,0.992708874098054,1999,interim91,inter,0.0
2000-01-16,102.2,7,104.0,True,False,False,6.5200000000000005,21.954285714285714,-1.47,-0.125,0.23931566428755774,0.970941817426052,1999,interim91,inter,0.0
2000-01-23,93.23,7,97.8,True,False,False,0.0,21.857142857142858,-1.47,-0.125,0.3546048870425356,0.9350162426854148,1999,interim91,inter,0.0
2000-01-30,88.34285714285714,7,94.27,True,False,False,0.0,21.62857142857143,-1.47,-0.125,0.4647231720437685,0.8854560256532099,1999,interim91,inter,0.0
2000-02-06,71.87428571428572,7,80.37,True,False,False,0.14,22.054285714285715,-1.26,-0.009,0.5680647467311558,0.8229838658936564,1999,interim91,inter,0.0
2000-02-13,57.11857142857143,7,74.51,True,False,False,0.7999999999999999,22.554285714285715,-1.26,-0.009,0.6631226582407952,0.7485107481711011,1999,interim91,inter,0.0
2000-02-20,60.56857142857143,7,62.78,True,False,False,0.08,22.897142857142857,-1.26,-0.009,0.7485107481711011,0.6631226582407953,1999,interim91,inter,0.0
2000-02-27,69.30571428571429,7,79.48,True,False,False,17.72,22.134285714285713,-1.26,-0.009,0.8229838658936564,0.5680647467311558,1999,interim91,inter,0.0
2000-03-05,101.83857142857143,7,178.5,True,False,False,4.12,23.08285714285714,-0.98,0.141,0.8854560256532098,0.4647231720437686,1999,interim91,inter,0.0
2000-03-12,70.12714285714286,7,73.59,True,False,False,0.0,24.157142857142855,-0.98,0.141,0.9350162426854148,0.35460488704253557,1999,interim91,inter,0.0
2000-03-19,56.99571428571428,7,68.02,True,False,False,0.26,24.931428571428572,-0.98,0.141,0.970941817426052,0.23931566428755804,1999,interim91,inter,0.0
2000-03-26,45.69857142857143,7,50.58,True,False,False,0.16,25.66857142857143,-0.98,0.141,0.992708874098054,0.120536680255323,1999,interim91,inter,0.0
2000-04-02,45.635714285714286,7,54.5,True,False,False,2.06,25.805714285714284,-0.81,0.141,1.0,-1.6081226496766366e-16,1999,interim91,inter,0.0
2000-04-09,70.60571428571428,7,85.58,True,False,False,11.559999999999999,25.78857142857143,-0.81,0.141,0.992708874098054,-0.12053668025532288,1999,interim91,inter,0.0
2000-04-16,85.61142857142856,7,160.8,True,False,False,30.28,24.75142857142857,-0.81,0.141,0.9709418174260521,-0.2393156642875575,1999,interim91,inter,0.0
2000-04-23,102.80999999999999,7,154.8,True,False,False,24.0,24.24857142857143,-0.81,0.141,0.9350162426854148,-0.35460488704253545,1999,interim91,inter,0.0
2000-04-30,49.96142857142858,7,54.38,True,False,False,8.74,25.12857142857143,-0.81,0.141,0.8854560256532099,-0.4647231720437685,1999,interim91,inter,0.0
2000-05-07,100.47571428571428,7,135.1,True,False,False,35.96,24.534285714285716,-0.67,0.113,0.8229838658936565,-0.5680647467311557,1999,interim91,inter,0.0
2000-05-14,74.12714285714286,7,95.77,True,False,False,16.18,23.979999999999997,-0.67,0.113,0.7485107481711013,-0.6631226582407951,1999,interim91,inter,0.0
2000-05-21,50.041428571428575,7,54.5,True,False,False,11.26,23.271428571428572,-0.67,0.113,0.6631226582407952,-0.7485107481711012,1999,interim91,inter,0.0
2000-05-28,43.151428571428575,7,46.15,True,False,False,20.56,23.314285714285713,-0.67,0.113,0.5680647467311558,-0.8229838658936564,1999,interim91,inter,0.0
2000-06-04,49.902637285714285,7,57.59,True,False,False,26.58,22.41714285714286,-0.62,-0.022,0.46472317204376906,-0.8854560256532096,2000,interim91,SWM,0.0
2000-06-11,53.70379428571429,7,56.93035,True,False,False,142.20000000000002,21.357142857142858,-0.62,-0.022,0.35460488704253584,-0.9350162426854147,2000,interim91,SWM,0.0
2000-06-18,47.20613228571428,7,51.045578,True,False,False,28.979999999999997,21.497142857142855,-0.62,-0.022,0.23931566428755768,-0.970941817426052,2000,interim91,SWM,0.0
2000-06-25,72.22857342857142,7,180.5,True,False,False,20.14,22.094285714285714,-0.62,-0.022,0.12053668025532308,-0.992708874098054,2000,interim91,SWM,0.0
2000-07-02,136.60597857142858,7,221.0,True,False,False,52.14,20.919999999999998,-0.48,0.077,-3.216245299353273e-16,-1.0,2000,interim91,SWM,0.0
2000-07-09,265.7425657142857,7,312.57816,True,False,False,85.32,20.391428571428573,-0.48,0.077,-0.12053668025532283,-0.992708874098054,2000,interim91,SWM,0.0
2000-07-16,335.32439571428574,7,585.38354,True,False,False,72.25999999999999,20.888571428571428,-0.48,0.077,-0.23931566428755743,-0.9709418174260521,2000,interim91,SWM,0.0
2000-07-23,228.53119857142858,7,342.45694,True,False,False,10.04,21.59142857142857,-0.48,0.077,-0.3546048870425356,-0.9350162426854148,2000,interim91,SWM,0.0
2000-07-30,137.39561642857143,7,215.15318,True,False,False,6.680000000000001,21.865714285714287,-0.48,0.077,-0.46472317204376806,-0.8854560256532101,2000,interim91,SWM,0.0
2000-08-06,382.17407071428573,7,778.79114,True,False,False,57.94,22.565714285714286,-0.4,0.131,-0.5680647467311556,-0.8229838658936565,2000,interim91,SWM,0.0
2000-08-13,201.39485714285715,7,405.25104,True,False,False,61.08,20.602857142857143,-0.4,0.131,-0.663122658240795,-0.7485107481711013,2000,interim91,SWM,0.0
2000-08-20,205.80522142857143,7,247.3,True,False,False,31.84,21.18,-0.4,0.131,-0.7485107481711011,-0.6631226582407952,2000,interim91,SWM,0.0
2000-08-27,292.9930357142857,7,903.6,True,False,False,189.51999999999998,19.945714285714285,-0.4,0.131,-0.8229838658936564,-0.5680647467311559,2000,interim91,SWM,0.0
2000-09-03,1099.1190242857142,7,2281.513,True,False,False,22.4,21.01142857142857,-0.42,-0.096,-0.8854560256532096,-0.4647231720437691,2000,interim91,SWM,0.0
2000-09-10,656.4228771428571,7,980.23865,True,False,False,12.66,21.642857142857142,-0.42,-0.096,-0.9350162426854147,-0.3546048870425359,2000,interim91,SWM,0.0
2000-09-17,382.9018885714286,7,653.4099,True,False,False,37.760000000000005,22.068571428571428,-0.42,-0.096,-0.970941817426052,-0.23931566428755774,2000,interim91,SWM,0.0
2000-09-24,947.6947857142857,7,1455.7655,True,False,False,95.46,21.982857142857142,-0.42,-0.096,-0.992708874098054,-0.12053668025532357,2000,interim91,SWM,0.0
2000-10-01,865.8676214285715,7,1913.0,True,False,False,56.599999999999994,21.888571428571428,-0.54,-0.142,-1.0,-1.8369701987210297e-16,2000,interim91,NEM,0.0
2000-10-08,1285.4188057142856,7,2097.6614,True,False,False,70.64,21.18285714285714,-0.54,-0.142,-0.992708874098054,0.1205366802553232,2000,interim91,NEM,0.0
2000-10-15,1578.1018714285715,7,2412.0,True,False,False,26.2,21.771428571428572,-0.54,-0.142,-0.9709418174260521,0.23931566428755738,2000,interim91,NEM,0.0
2000-10-22,600.691632857143,7,742.2744,True,False,False,22.78,21.60571428571429,-0.54,-0.142,-0.9350162426854148,0.35460488704253557,2000,interim91,NEM,0.0
2000-10-29,1003.5905714285715,7,1737.9496,True,False,False,21.259999999999998,21.617142857142856,-0.54,-0.142,-0.8854560256532101,0.464723172043768,2000,interim91,NEM,0.0
2000-11-05,356.2459814285714,7,409.2644,True,False,False,3.0399999999999996,21.7,-0.76,-0.306,-0.822983865893657,0.5680647467311548,2000,interim91,NEM,0.0
2000-11-12,307.2797142857143,7,326.58133,True,False,False,0.04,21.965714285714284,-0.76,-0.306,-0.7485107481711011,0.6631226582407953,2000,interim91,NEM,0.0
2000-11-19,237.42568857142857,7,258.83508,True,False,False,0.08,20.985714285714288,-0.76,-0.306,-0.6631226582407956,0.7485107481711007,2000,interim91,NEM,0.0
2000-11-26,335.09544142857146,7,563.3419,True,False,False,5.140000000000001,21.54,-0.76,-0.306,-0.5680647467311559,0.8229838658936564,2000,interim91,NEM,0.0
2000-12-03,427.22738285714286,7,772.8,True,False,False,35.959999999999994,20.74285714285714,-0.78,-0.248,-0.4647231720437684,0.88545602565321,2000,interim91,NEM,0.0
2000-12-10,255.0892457142857,7,364.23285,True,False,False,0.38,19.345714285714287,-0.78,-0.248,-0.35460488704253595,0.9350162426854147,2000,interim91,NEM,0.0
2000-12-17,175.79254571428572,7,197.02771,True,False,False,0.0,18.334285714285716,-0.78,-0.248,-0.2393156642875578,0.970941817426052,2000,interim91,NEM,0.0
2000-12-24,149.85965714285717,7,165.94174,True,False,False,0.0,19.33142857142857,-0.78,-0.248,-0.12053668025532363,0.992708874098054,2000,interim91,NEM,0.0
2000-12-31,134.16715714285712,7,157.9,True,False,False,4.66,20.377142857142854,-0.78,-0.248,6.432490598706546e-16,1.0,2000,interim91,NEM,0.0
2001-01-07,135.86158771428572,7,149.9,True,False,False,0.7200000000000001,21.30857142857143,-0.76,-0.431,0.12053668025532305,0.992708874098054,2000,interim91,inter,0.0
2001-01-14,108.37989400000001,7,116.66249,True,False,False,0.12,21.548571428571428,-0.76,-0.431,0.23931566428755774,0.970941817426052,2000,interim91,inter,0.0
2001-01-21,79.34895057142856,7,88.24346,True,False,False,0.0,21.53142857142857,-0.76,-0.431,0.3546048870425356,0.9350162426854148,2000,interim91,inter,0.0
2001-01-28,79.79083428571428,7,91.02,True,False,False,0.1,22.462857142857143,-0.76,-0.431,0.4647231720437685,0.8854560256532099,2000,interim91,inter,0.0
2001-02-04,78.5472577142857,7,88.02205,True,False,False,3.98,22.942857142857143,-0.54,-0.016,0.5680647467311558,0.8229838658936564,2000,interim91,inter,0.0
2001-02-11,54.740464714285714,7,63.572903,True,False,False,1.02,23.354285714285716,-0.54,-0.016,0.6631226582407952,0.7485107481711011,2000,interim91,inter,0.0
2001-02-18,63.15161142857143,7,72.01634,True,False,False,0.02,23.09142857142857,-0.54,-0.016,0.7485107481711011,0.6631226582407953,2000,interim91,inter,0.0
2001-02-25,75.96321085714285,7,80.20919,True,False,False,0.0,24.84857142857143,-0.54,-0.016,0.8229838658936564,0.5680647467311558,2000,interim91,inter,0.0
2001-03-04,71.65134442857142,7,76.964966,True,False,False,0.04,24.497142857142855,-0.43,-0.01,0.8854560256532098,0.4647231720437686,2000,interim91,inter,0.0
2001-03-11,62.13089142857143,7,69.19496,True,False,False,0.26,24.077142857142857,-0.43,-0.01,0.9350162426854148,0.35460488704253557,2000,interim91,inter,0.0
2001-03-18,50.841055,7,59.538853,True,False,False,0.02,25.02285714285714,-0.43,-0.01,0.970941817426052,0.23931566428755804,2000,interim91,inter,0.0
2001-03-25,67.69065857142857,7,70.575836,True,False,False,0.38,25.405714285714286,-0.43,-0.01,0.992708874098054,0.120536680255323,2000,interim91,inter,0.0
2001-04-01,57.22707242857143,7,67.32479,True,False,False,6.179999999999999,25.322857142857142,-0.29,0.136,1.0,-1.6081226496766366e-16,2000,interim91,inter,0.0
2001-04-08,39.125353857142855,7,55.7,True,False,False,1.02,26.197142857142858,-0.29,0.136,0.992708874098054,-0.12053668025532288,2000,interim91,inter,0.0
2001-04-15,123.83765042857142,7,265.3,True,False,False,54.28,23.68,-0.29,0.136,0.9709418174260521,-0.2393156642875575,2000,interim91,inter,0.0
2001-04-22,169.25818857142858,7,285.19193,True,False,False,38.56,23.754285714285714,-0.29,0.136,0.9350162426854148,-0.35460488704253545,2000,interim91,inter,0.0
2001-04-29,67.34374228571428,7,82.42008,True,False,False,3.56,25.431428571428572,-0.29,0.136,0.8854560256532099,-0.4647231720437685,2000,interim91,inter,0.0
2001-05-06,75.15148242857143,7,106.7,True,False,False,17.080000000000002,25.90285714285714,-0.19,0.137,0.8229838658936565,-0.5680647467311557,2000,interim91,inter,0.0
2001-05-13,135.72041285714286,7,213.70807,True,False,False,7.64,24.982857142857142,-0.19,0.137,0.7485107481711013,-0.6631226582407951,2000,interim91,inter,0.0
2001-05-20,63.35555328571429,7,73.97541,True,False,False,4.220000000000001,24.62285714285714,-0.19,0.137,0.6631226582407952,-0.7485107481711012,2000,interim91,inter,0.0
2001-05-27,63.97420928571429,7,69.087906,True,False,False,12.14,23.245714285714286,-0.19,0.137,0.5680647467311558,-0.8229838658936564,2000,interim91,inter,0.0
2001-06-03,65.03864971428571,7,68.57605,True,False,False,12.08,23.337142857142855,-0.08,0.127,0.46472317204376906,-0.8854560256532096,2001,interim91,SWM,0.0
2001-06-10,60.303501142857144,7,73.047874,True,False,False,46.919999999999995,21.654285714285717,-0.08,0.127,0.35460488704253584,-0.9350162426854147,2001,interim91,SWM,0.0
2001-06-17,58.97992671428572,7,74.7,True,False,False,105.74,20.72,-0.08,0.127,0.23931566428755768,-0.970941817426052,2001,interim91,SWM,0.0
2001-06-24,62.13843457142856,7,73.761185,True,False,False,19.68,22.04,-0.08,0.127,0.12053668025532308,-0.992708874098054,2001,interim91,SWM,0.0
2001-07-01,208.46890628571427,7,317.60626,True,False,False,47.88,21.374285714285715,-0.05,-0.14,-3.216245299353273e-16,-1.0,2001,interim91,SWM,0.0
2001-07-08,197.97445,7,284.4,True,False,False,80.88,21.18857142857143,-0.05,-0.14,-0.12053668025532283,-0.992708874098054,2001,interim91,SWM,0.0
2001-07-15,715.8461857142858,7,948.19165,True,False,False,56.24,21.080000000000002,-0.05,-0.14,-0.23931566428755743,-0.9709418174260521,2001,interim91,SWM,0.0
2001-07-22,210.31537285714285,7,383.915,True,False,False,10.9,21.502857142857145,-0.05,-0.14,-0.3546048870425356,-0.9350162426854148,2001,interim91,SWM,0.0
2001-07-29,95.1807857142857,7,142.2,True,False,False,48.260000000000005,21.545714285714286,-0.05,-0.14,-0.46472317204376806,-0.8854560256532101,2001,interim91,SWM,0.0
2001-08-05,157.24905514285712,7,197.969,True,False,False,110.14,20.351428571428574,-0.13,-0.301,-0.5680647467311556,-0.8229838658936565,2001,interim91,SWM,0.0
2001-08-12,334.49244142857145,7,430.67957,True,False,False,18.54,21.63714285714286,-0.13,-0.301,-0.663122658240795,-0.7485107481711013,2001,interim91,SWM,0.0
2001-08-19,171.14959714285715,7,177.60764,True,False,False,33.239999999999995,21.28857142857143,-0.13,-0.301,-0.7485107481711011,-0.6631226582407952,2001,interim91,SWM,0.0
2001-08-26,366.0303485714286,7,467.13858,True,False,False,24.4,21.388571428571428,-0.13,-0.301,-0.8229838658936564,-0.5680647467311559,2001,interim91,SWM,0.0
2001-09-02,272.77746285714284,7,427.78833,True,False,False,11.44,21.599999999999998,-0.15,-0.223,-0.8854560256532096,-0.4647231720437691,2001,interim91,SWM,0.0
2001-09-09,136.34972142857143,7,147.32513,True,False,False,4.84,22.125714285714285,-0.15,-0.223,-0.9350162426854147,-0.3546048870425359,2001,interim91,SWM,0.0
2001-09-16,168.09423999999999,7,222.0,True,False,False,16.939999999999998,22.842857142857145,-0.15,-0.223,-0.970941817426052,-0.23931566428755774,2001,interim91,SWM,0.0
2001-09-23,422.2679414285714,7,501.21008,True,False,False,45.18,22.108571428571427,-0.15,-0.223,-0.992708874098054,-0.12053668025532357,2001,interim91,SWM,0.0
2001-09-30,374.6694914285714,7,467.2607,True,False,False,45.72,21.262857142857143,-0.15,-0.223,-1.0,-1.8369701987210297e-16,2001,interim91,SWM,0.0
2001-10-07,259.16778857142856,7,353.5,True,False,False,15.379999999999999,21.49142857142857,-0.26,-0.451,-0.992708874098054,0.1205366802553232,2001,interim91,NEM,0.0
2001-10-14,343.40697714285716,7,690.6182,True,False,False,26.66,21.745714285714286,-0.26,-0.451,-0.9709418174260521,0.23931566428755738,2001,interim91,NEM,0.0
2001-10-21,440.04546285714287,7,724.9695,True,False,False,42.300000000000004,21.62,-0.26,-0.451,-0.9350162426854148,0.35460488704253557,2001,interim91,NEM,0.0
2001-10-28,587.8690428571429,7,1213.0,True,False,False,27.54,22.002857142857145,-0.26,-0.451,-0.8854560256532101,0.464723172043768,2001,interim91,NEM,0.0
2001-11-04,295.5012771428572,7,471.4831,True,False,False,0.7,21.87142857142857,-0.33,-0.245,-0.822983865893657,0.5680647467311548,2001,interim91,NEM,0.0
2001-11-11,528.3388457142858,7,933.7594,True,False,False,30.32,21.708571428571428,-0.33,-0.245,-0.7485107481711011,0.6631226582407953,2001,interim91,NEM,0.0
2001-11-18,275.95886,7,319.0,True,False,False,27.120000000000005,21.57428571428571,-0.33,-0.245,-0.6631226582407956,0.7485107481711007,2001,interim91,NEM,0.0
2001-11-25,263.27489285714285,7,284.29623,True,False,False,5.86,21.34857142857143,-0.33,-0.245,-0.5680647467311559,0.8229838658936564,2001,interim91,NEM,0.0
2001-12-02,214.2963885714286,7,237.78857,True,False,False,0.08000000000000002,20.931428571428572,-0.32,-0.051,-0.4647231720437684,0.88545602565321,2001,interim91,NEM,0.0
2001-12-09,184.33231142857144,7,203.61505,True,False,False,0.0,19.965714285714284,-0.32,-0.051,-0.35460488704253595,0.9350162426854147,2001,interim91,NEM,0.0
2001-12-16,146.78050857142856,7,154.90051,True,False,False,0.0,19.40285714285714,-0.32,-0.051,-0.2393156642875578,0.970941817426052,2001,interim91,NEM,0.0
2001-12-23,138.60076285714285,7,143.09566,True,False,False,7.300000000000001,21.13714285714286,-0.32,-0.051,-0.12053668025532363,0.992708874098054,2001,interim91,NEM,0.0
2001-12-30,131.83101057142858,7,148.3,True,False,False,1.58,21.114285714285717,-0.32,-0.051,6.432490598706546e-16,1.0,2001,interim91,NEM,0.0
2002-01-06,94.92752371428571,7,105.0732,True,False,False,0.16,21.32,-0.15,-0.142,0.12053668025532305,0.992708874098054,2001,interim91,inter,0.0
2002-01-13,77.52967642857142,7,87.3153,True,False,False,0.62,21.648571428571426,-0.15,-0.142,0.23931566428755774,0.970941817426052,2001,interim91,inter,0.0
2002-01-20,55.40501871428571,7,73.06,True,False,False,0.28,21.277142857142856,-0.15,-0.142,0.3546048870425356,0.9350162426854148,2001,interim91,inter,0.0
2002-01-27,65.05492157142858,7,80.35,True,False,False,0.28,23.451428571428572,-0.15,-0.142,0.4647231720437685,0.8854560256532099,2001,interim91,inter,0.0
2002-02-03,64.59700057142858,7,67.18711,True,False,False,1.1400000000000001,22.020000000000003,0.07,-0.098,0.5680647467311558,0.8229838658936564,2001,interim91,inter,0.0
2002-02-10,42.027426285714284,7,45.03476,True,False,False,29.76,22.548571428571428,0.07,-0.098,0.6631226582407952,0.7485107481711011,2001,interim91,inter,0.0
2002-02-17,46.34721442857143,7,66.22372,True,False,False,2.0999999999999996,22.59142857142857,0.07,-0.098,0.7485107481711011,0.6631226582407953,2001,interim91,inter,0.0
2002-02-24,53.05810485714286,7,59.007904,True,False,False,0.0,22.94,0.07,-0.098,0.8229838658936564,0.5680647467311558,2001,interim91,inter,0.0
2002-03-03,52.44014457142857,7,63.66259,True,False,False,0.0,23.785714285714285,0.11,0.008,0.8854560256532098,0.4647231720437686,2001,interim91,inter,0.0
2002-03-10,45.77837371428571,7,59.357296,True,False,False,1.78,24.96857142857143,0.11,0.008,0.9350162426854148,0.35460488704253557,2001,interim91,inter,0.0
2002-03-17,34.848490000000005,7,43.13,True,False,False,3.5,25.625714285714285,0.11,0.008,0.970941817426052,0.23931566428755804,2001,interim91,inter,0.0
2002-03-24,45.922801,7,62.77,True,False,False,0.8399999999999999,25.314285714285713,0.11,0.008,0.992708874098054,0.120536680255323,2001,interim91,inter,0.0
2002-03-31,59.18571228571428,7,72.091736,True,False,False,7.319999999999999,25.50857142857143,0.11,0.008,1.0,-1.6081226496766366e-16,2001,interim91,inter,0.0
2002-04-07,50.13779257142857,7,73.94076,True,False,False,16.96,24.98,0.15,-0.352,0.992708874098054,-0.12053668025532288,2001,interim91,inter,0.0
2002-04-14,48.889738571428566,7,56.02887,True,False,False,29.14,24.46,0.15,-0.352,0.9709418174260521,-0.2393156642875575,2001,interim91,inter,0.0
2002-04-21,54.42014157142857,7,59.514046,True,False,False,5.0600000000000005,25.917142857142856,0.15,-0.352,0.9350162426854148,-0.35460488704253545,2001,interim91,inter,0.0
2002-04-28,45.39699928571429,7,56.34,True,False,False,16.24,26.077142857142857,0.15,-0.352,0.8854560256532099,-0.4647231720437685,2001,interim91,inter,0.0
2002-05-05,28.023256142857143,7,40.83936,True,False,False,7.62,26.420000000000005,0.3,-0.329,0.8229838658936565,-0.5680647467311557,2001,interim91,inter,0.0
2002-05-12,43.70516171428572,7,73.06,True,False,False,25.0,24.882857142857144,0.3,-0.329,0.7485107481711013,-0.6631226582407951,2001,interim91,inter,0.0
2002-05-19,57.35762357142857,7,87.48355,True,False,False,24.380000000000003,23.654285714285717,0.3,-0.329,0.6631226582407952,-0.7485107481711012,2001,interim91,inter,0.0
2002-05-26,32.551424142857144,7,37.015457,True,False,False,23.52,23.654285714285713,0.3,-0.329,0.5680647467311558,-0.8229838658936564,2001,interim91,inter,0.0
2002-06-02,45.34573985714285,7,72.27205,True,False,False,36.34,23.211428571428574,0.45,-0.189,0.46472317204376906,-0.8854560256532096,2002,interim91,SWM,0.0
2002-06-09,35.895771857142854,7,39.609028,True,False,False,18.26,22.928571428571427,0.45,-0.189,0.35460488704253584,-0.9350162426854147,2002,interim91,SWM,0.0
2002-06-16,34.235742,7,44.82,True,False,False,59.39999999999999,22.3,0.45,-0.189,0.23931566428755768,-0.970941817426052,2002,interim91,SWM,0.0
2002-06-23,36.37788442857143,7,39.96,True,False,False,56.559999999999995,21.622857142857146,0.45,-0.189,0.12053668025532308,-0.992708874098054,2002,interim91,SWM,0.0
2002-06-30,37.357536999999994,7,48.786823,True,False,False,22.02,22.5,0.45,-0.189,-3.216245299353273e-16,-1.0,2002,interim91,SWM,0.0
2002-07-07,32.79415514285714,7,50.69,True,False,False,15.520000000000001,22.497142857142858,0.57,-0.261,-0.12053668025532283,-0.992708874098054,2002,interim91,SWM,0.0
2002-07-14,49.192320142857135,7,68.55,True,False,False,17.34,22.01142857142857,0.57,-0.261,-0.23931566428755743,-0.9709418174260521,2002,interim91,SWM,0.0
2002-07-21,173.450464,7,314.3842,True,False,False,18.64,21.75714285714286,0.57,-0.261,-0.3546048870425356,-0.9350162426854148,2002,interim91,SWM,0.0
2002-07-28,84.44751342857141,7,130.8312,True,False,False,22.22,21.782857142857146,0.57,-0.261,-0.46472317204376806,-0.8854560256532101,2002,interim91,SWM,0.0
2002-08-04,83.73030142857144,7,102.1,True,False,False,61.019999999999996,21.67142857142857,0.63,-0.208,-0.5680647467311556,-0.8229838658936565,2002,interim91,SWM,0.0
2002-08-11,155.18733,7,317.9422,True,False,False,100.56,20.262857142857143,0.63,-0.208,-0.663122658240795,-0.7485107481711013,2002,interim91,SWM,0.0
2002-08-18,250.30621,7,414.13443,True,False,False,46.06,21.12857142857143,0.63,-0.208,-0.7485107481711011,-0.6631226582407952,2002,interim91,SWM,0.0
2002-08-25,440.8615985714286,7,780.2661,True,False,False,16.479999999999997,21.59714285714286,0.63,-0.208,-0.8229838658936564,-0.5680647467311559,2002,interim91,SWM,0.0
2002-09-01,124.02477985714286,7,231.61668,True,False,False,6.8,22.517142857142858,0.78,0.286,-0.8854560256532096,-0.4647231720437691,2002,interim91,SWM,0.0
2002-09-08,93.30720557142857,7,183.3,True,False,False,17.18,21.857142857142858,0.78,0.286,-0.9350162426854147,-0.3546048870425359,2002,interim91,SWM,0.0
2002-09-15,169.18279928571428,7,343.26764,True,False,False,18.82,21.814285714285713,0.78,0.286,-0.970941817426052,-0.23931566428755774,2002,interim91,SWM,0.0
2002-09-22,261.412338,7,382.26126,True,False,False,11.66,22.282857142857143,0.78,0.286,-0.992708874098054,-0.12053668025532357,2002,interim91,SWM,0.0
2002-09-29,84.27105228571429,7,107.05947,True,False,False,10.94,22.974285714285713,0.78,0.286,-1.0,-1.8369701987210297e-16,2002,interim91,SWM,0.0
2002-10-06,135.03705285714287,7,177.55624,True,False,False,22.54,23.942857142857143,0.99,0.405,-0.992708874098054,0.1205366802553232,2002,interim91,NEM,0.0
2002-10-13,159.34461428571427,7,298.08206,True,False,False,105.38,22.065714285714286,0.99,0.405,-0.9709418174260521,0.23931566428755738,2002,interim91,NEM,0.0
2002-10-20,139.24128285714286,7,178.93864,True,False,False,32.94,21.740000000000002,0.99,0.405,-0.9350162426854148,0.35460488704253557,2002,interim91,NEM,0.0
2002-10-27,152.71622914285715,7,230.5591,True,False,False,27.740000000000002,22.074285714285715,0.99,0.405,-0.8854560256532101,0.464723172043768,2002,interim91,NEM,0.0
2002-11-03,479.2375142857143,7,953.9,True,False,False,46.04,21.259999999999998,1.19,0.096,-0.822983865893657,0.5680647467311548,2002,interim91,NEM,0.0
2002-11-10,250.0532442857143,7,319.2,True,False,False,13.96,21.594285714285714,1.19,0.096,-0.7485107481711011,0.6631226582407953,2002,interim91,NEM,0.0
2002-11-17,185.62406000000001,7,222.68526,True,False,False,1.06,22.108571428571427,1.19,0.096,-0.6631226582407956,0.7485107481711007,2002,interim91,NEM,0.0
2002-11-24,149.03173571428573,7,169.46603,True,False,False,5.02,21.762857142857143,1.19,0.096,-0.5680647467311559,0.8229838658936564,2002,interim91,NEM,0.0
2002-12-01,127.43153571428572,7,132.80396,True,False,False,0.0,22.060000000000002,1.08,-0.158,-0.4647231720437684,0.88545602565321,2002,interim91,NEM,0.0
2002-12-08,134.70402714285714,7,157.79002,True,False,False,2.1999999999999997,21.539999999999996,1.08,-0.158,-0.35460488704253595,0.9350162426854147,2002,interim91,NEM,0.0
2002-12-15,117.84990400000001,7,131.12743,True,False,False,0.0,21.48,1.08,-0.158,-0.2393156642875578,0.970941817426052,2002,interim91,NEM,0.0
2002-12-22,90.43272085714285,7,93.94465,True,False,False,0.0,20.722857142857144,1.08,-0.158,-0.12053668025532363,0.992708874098054,2002,interim91,NEM,0.0
2002-12-29,79.40388857142857,7,88.71245,True,False,False,0.18,20.851428571428574,1.08,-0.158,6.432490598706546e-16,1.0,2002,interim91,NEM,0.0
2003-01-05,59.399216857142854,7,67.73097,True,False,False,0.36,20.922857142857143,0.9,-0.239,0.12053668025532305,0.992708874098054,2002,interim91,inter,0.0
2003-01-12,44.67159457142857,7,55.93,True,False,False,1.36,22.577142857142857,0.9,-0.239,0.23931566428755774,0.970941817426052,2002,interim91,inter,0.0
2003-01-19,51.506626142857144,7,57.47,True,False,False,0.0,21.75142857142857,0.9,-0.239,0.3546048870425356,0.9350162426854148,2002,interim91,inter,0.0
2003-01-26,127.07646571428572,7,170.35793,True,False,False,0.0,22.925714285714285,0.9,-0.239,0.4647231720437685,0.8854560256532099,2002,interim91,inter,0.0
2003-02-02,51.68331728571429,7,87.77846,True,False,False,0.32,22.777142857142856,0.59,0.017,0.5680647467311558,0.8229838658936564,2002,interim91,inter,0.0
2003-02-09,28.448355714285718,7,36.34519,True,False,False,3.4799999999999995,23.46857142857143,0.59,0.017,0.6631226582407952,0.7485107481711011,2002,interim91,inter,0.0
2003-02-16,108.196084,7,151.58186,True,False,False,0.78,24.382857142857144,0.59,0.017,0.7485107481711011,0.6631226582407953,2002,interim91,inter,0.0
2003-02-23,49.05246642857143,7,97.42425,True,False,False,0.18,24.994285714285716,0.59,0.017,0.8229838658936564,0.5680647467311558,2002,interim91,inter,0.0
2003-03-02,21.465708142857142,7,27.79972,True,False,False,2.92,24.52857142857143,0.38,-0.039,0.8854560256532098,0.4647231720437686,2002,interim91,inter,0.0
2003-03-09,21.552495142857143,7,23.66,True,False,False,0.16,25.96857142857143,0.38,-0.039,0.9350162426854148,0.35460488704253557,2002,interim91,inter,0.0
2003-03-16,21.30766514285714,7,23.657434,True,False,False,18.42,24.834285714285716,0.38,-0.039,0.970941817426052,0.23931566428755804,2002,interim91,inter,0.0
2003-03-23,33.65627842857143,7,67.85461,True,False,False,10.28,24.32857142857143,0.38,-0.039,0.992708874098054,0.120536680255323,2002,interim91,inter,0.0
2003-03-30,25.499202857142855,7,41.76127,True,False,False,4.62,25.602857142857143,0.38,-0.039,1.0,-1.6081226496766366e-16,2002,interim91,inter,0.0
2003-04-06,18.53727885714286,7,30.34,True,False,False,12.639999999999999,24.99142857142857,-0.01,-0.099,0.992708874098054,-0.12053668025532288,2002,interim91,inter,0.0
2003-04-13,18.447537285714287,7,20.632027,True,False,False,23.0,25.20285714285714,-0.01,-0.099,0.9709418174260521,-0.2393156642875575,2002,interim91,inter,0.0
2003-04-20,16.101322142857143,7,18.517416,True,False,False,17.9,25.851428571428567,-0.01,-0.099,0.9350162426854148,-0.35460488704253545,2002,interim91,inter,0.0
2003-04-27,15.212153428571428,7,18.45415,True,False,False,16.3,26.08857142857143,-0.01,-0.099,0.8854560256532099,-0.4647231720437685,2002,interim91,inter,0.0
2003-05-04,11.579008357142857,7,12.340343,True,False,False,16.56,25.65142857142857,-0.18,-0.164,0.8229838658936565,-0.5680647467311557,2002,interim91,inter,0.0
2003-05-11,12.756779857142858,7,15.822057,True,False,False,14.34,25.502857142857142,-0.18,-0.164,0.7485107481711013,-0.6631226582407951,2002,interim91,inter,0.0
2003-05-18,12.934537285714287,7,21.78,True,False,False,5.920000000000001,24.90285714285714,-0.18,-0.164,0.6631226582407952,-0.7485107481711012,2002,interim91,inter,0.0
2003-05-25,21.688810571428572,7,22.476315,True,False,False,3.24,25.585714285714285,-0.18,-0.164,0.5680647467311558,-0.8229838658936564,2002,interim91,inter,0.0
2003-06-01,20.322731,7,24.48521,True,False,False,9.82,25.525714285714287,-0.13,0.139,0.46472317204376906,-0.8854560256532096,2003,interim91,SWM,0.0
2003-06-08,20.11395585714286,7,29.3,True,False,False,24.06,24.397142857142857,-0.13,0.139,0.35460488704253584,-0.9350162426854147,2003,interim91,SWM,0.0
2003-06-15,17.213025714285713,7,26.24505,True,False,False,27.66,23.377142857142854,-0.13,0.139,0.23931566428755768,-0.970941817426052,2003,interim91,SWM,0.0
2003-06-22,8.377354385714286,7,13.030989,True,False,False,130.5,21.225714285714282,-0.13,0.139,0.12053668025532308,-0.992708874098054,2003,interim91,SWM,0.0
2003-06-29,14.078867014285715,7,36.783245,True,False,False,44.46,21.54,-0.13,0.139,-3.216245299353273e-16,-1.0,2003,interim91,SWM,0.0
2003-07-06,17.20151242857143,7,26.717123,True,False,False,126.74,20.537142857142857,0.09,0.131,-0.12053668025532283,-0.992708874098054,2003,interim91,SWM,0.0
2003-07-13,15.800356142857142,7,23.054129,True,False,False,44.22,20.914285714285715,0.09,0.131,-0.23931566428755743,-0.9709418174260521,2003,interim91,SWM,0.0
2003-07-20,14.950054214285712,7,17.13,True,False,False,98.56,21.328571428571426,0.09,0.131,-0.3546048870425356,-0.9350162426854148,2003,interim91,SWM,0.0
2003-07-27,40.45852385714286,7,48.92,True,False,False,40.5,21.657142857142855,0.09,0.131,-0.46472317204376806,-0.8854560256532101,2003,interim91,SWM,0.0
2003-08-03,56.85017842857143,7,67.76085,True,False,False,33.620000000000005,21.73428571428571,0.14,0.108,-0.5680647467311556,-0.8229838658936565,2003,interim91,SWM,0.0
2003-08-10,144.06953142857142,7,175.56964,True,False,False,23.96,21.834285714285716,0.14,0.108,-0.663122658240795,-0.7485107481711013,2003,interim91,SWM,0.0
2003-08-17,128.7042642857143,7,161.7,True,False,False,23.34,21.965714285714288,0.14,0.108,-0.7485107481711011,-0.6631226582407952,2003,interim91,SWM,0.0
2003-08-24,150.18122428571428,7,169.98515,True,False,False,78.16000000000001,20.791428571428572,0.14,0.108,-0.8229838658936564,-0.5680647467311559,2003,interim91,SWM,0.0
2003-08-31,177.15576714285712,7,204.46518,True,False,False,28.38,21.405714285714286,0.14,0.108,-0.8854560256532096,-0.4647231720437691,2003,interim91,SWM,0.0
2003-09-07,161.5335342857143,7,169.23404,True,False,False,32.739999999999995,21.174285714285713,0.23,-0.06,-0.9350162426854147,-0.3546048870425359,2003,interim91,SWM,0.0
2003-09-14,158.0712914285714,7,172.48314,True,False,False,8.52,21.428571428571427,0.23,-0.06,-0.970941817426052,-0.23931566428755774,2003,interim91,SWM,0.0
2003-09-21,146.43563714285713,7,157.37831,True,False,False,12.3,21.774285714285718,0.23,-0.06,-0.992708874098054,-0.12053668025532357,2003,interim91,SWM,0.0
2003-09-28,117.30779285714286,7,124.12317,True,False,False,11.76,22.228571428571428,0.23,-0.06,-1.0,-1.8369701987210297e-16,2003,interim91,SWM,0.0
2003-10-05,205.18989857142859,7,283.6,True,False,False,68.14,22.445714285714285,0.23,-0.243,-0.992708874098054,0.1205366802553232,2003,interim91,NEM,0.0
2003-10-12,160.92075142857144,7,229.56267,True,False,False,50.54,21.594285714285714,0.23,-0.243,-0.9709418174260521,0.23931566428755738,2003,interim91,NEM,0.0
2003-10-19,118.27470571428572,7,177.5,True,False,False,40.44,21.948571428571427,0.23,-0.243,-0.9350162426854148,0.35460488704253557,2003,interim91,NEM,0.0
2003-10-26,334.6826857142857,7,523.7,True,False,False,78.80000000000001,21.165714285714284,0.23,-0.243,-0.8854560256532101,0.464723172043768,2003,interim91,NEM,0.0
2003-11-02,92.65787871428572,7,119.87417,True,False,False,4.38,21.95714285714286,0.29,-0.159,-0.822983865893657,0.5680647467311548,2003,interim91,NEM,0.0
2003-11-09,118.08498,7,125.4,True,False,False,12.08,21.69142857142857,0.29,-0.159,-0.7485107481711011,0.6631226582407953,2003,interim91,NEM,0.0
2003-11-16,143.07164857142857,7,178.93652,True,False,False,0.2,21.52285714285714,0.29,-0.159,-0.6631226582407956,0.7485107481711007,2003,interim91,NEM,0.0
2003-11-23,120.840895,7,142.11014,True,False,False,4.84,20.645714285714288,0.29,-0.159,-0.5680647467311559,0.8229838658936564,2003,interim91,NEM,0.0
2003-11-30,116.14222642857143,7,122.1,True,False,False,3.9600000000000004,20.271428571428572,0.29,-0.159,-0.4647231720437684,0.88545602565321,2003,interim91,NEM,0.0
2003-12-07,107.10740299999999,7,118.512085,True,False,False,0.04,20.165714285714284,0.29,0.189,-0.35460488704253595,0.9350162426854147,2003,interim91,NEM,0.0
2003-12-14,73.60844271428572,7,92.34172,True,False,False,0.0,19.84,0.29,0.189,-0.2393156642875578,0.970941817426052,2003,interim91,NEM,0.0
2003-12-21,58.39543200000001,7,65.75244,True,False,False,0.0,21.074285714285715,0.29,0.189,-0.12053668025532363,0.992708874098054,2003,interim91,NEM,0.0
2003-12-28,46.18245614285714,7,56.323067,True,False,False,0.96,21.22,0.29,0.189,6.432490598706546e-16,1.0,2003,interim91,NEM,0.0
2004-01-04,33.69513,7,41.559555,True,False,False,0.0,21.545714285714286,0.34,0.044,0.12053668025532305,0.992708874098054,2003,interim91,inter,0.0
2004-01-11,34.22833385714286,7,59.979862,True,False,False,1.46,21.148571428571426,0.34,0.044,0.23931566428755774,0.970941817426052,2003,interim91,inter,0.0
2004-01-18,28.62518857142857,7,34.036617,True,False,False,0.0,20.888571428571428,0.34,0.044,0.3546048870425356,0.9350162426854148,2003,interim91,inter,0.0
2004-01-25,21.421080571428572,7,25.507772,True,False,False,0.96,22.565714285714282,0.34,0.044,0.4647231720437685,0.8854560256532099,2003,interim91,inter,0.0
2004-02-01,19.931940857142855,7,23.57,True,False,False,0.78,22.72,0.27,0.114,0.5680647467311558,0.8229838658936564,2003,interim91,inter,0.0
2004-02-08,22.863868285714286,7,25.617874,True,False,False,0.88,23.354285714285712,0.27,0.114,0.6631226582407952,0.7485107481711011,2003,interim91,inter,0.0
2004-02-15,17.31869957142857,7,23.513975,True,False,False,0.16,22.860000000000003,0.27,0.114,0.7485107481711011,0.6631226582407953,2003,interim91,inter,0.0
2004-02-22,13.026324,7,16.089617,True,False,False,0.12,23.59714285714286,0.27,0.114,0.8229838658936564,0.5680647467311558,2003,interim91,inter,0.0
2004-02-29,14.714567357142856,7,22.617138,True,False,False,0.1,24.442857142857143,0.27,0.114,0.8854560256532098,0.4647231720437686,2003,interim91,inter,0.0
2004-03-07,9.911283714285714,7,11.83,True,False,False,0.08,25.52285714285714,0.19,0.077,0.9350162426854148,0.35460488704253557,2003,interim91,inter,0.0
2004-03-14,6.921406957142858,7,7.747435,True,False,False,0.02,25.58285714285714,0.19,0.077,0.970941817426052,0.23931566428755804,2003,interim91,inter,0.0
2004-03-21,6.376598928571428,7,6.8896475,True,False,False,0.3,26.391428571428573,0.19,0.077,0.992708874098054,0.120536680255323,2003,interim91,inter,0.0
2004-03-28,5.256996200000001,7,5.68958,True,False,False,13.980000000000002,25.602857142857143,0.19,0.077,1.0,-1.6081226496766366e-16,2003,interim91,inter,0.0
2004-04-04,16.99272962857143,7,27.83,True,False,False,51.260000000000005,23.957142857142856,0.1,-0.079,0.992708874098054,-0.12053668025532288,2003,interim91,inter,0.0
2004-04-11,36.57674685714286,7,50.714897,True,False,False,25.740000000000002,24.45428571428571,0.1,-0.079,0.9709418174260521,-0.2393156642875575,2003,interim91,inter,0.0
2004-04-18,18.525907714285715,7,25.541204,True,False,False,8.66,25.722857142857144,0.1,-0.079,0.9350162426854148,-0.35460488704253545,2003,interim91,inter,0.0
2004-04-25,13.456339999999999,7,24.47,True,False,False,28.639999999999997,25.268571428571427,0.1,-0.079,0.8854560256532099,-0.4647231720437685,2003,interim91,inter,0.0
2004-05-02,21.04550585714286,7,25.266695,True,False,False,17.94,24.891428571428573,0.12,-0.565,0.8229838658936565,-0.5680647467311557,2003,interim91,inter,0.0
2004-05-09,25.020504142857142,7,35.20817,True,False,False,95.93999999999998,22.457142857142856,0.12,-0.565,0.7485107481711013,-0.6631226582407951,2003,interim91,inter,0.0
2004-05-16,29.119770142857142,7,41.56018,True,False,False,26.92,23.240000000000002,0.12,-0.565,0.6631226582407952,-0.7485107481711012,2003,interim91,inter,0.0
2004-05-23,22.998904857142858,7,53.11642,True,False,False,29.02,22.09142857142857,0.12,-0.565,0.5680647467311558,-0.8229838658936564,2003,interim91,inter,0.0
2004-05-30,27.78615185714286,7,64.59,True,False,False,66.34,22.388571428571428,0.12,-0.565,0.46472317204376906,-0.8854560256532096,2003,interim91,inter,0.0
2004-06-06,107.01603014285715,7,244.1648,True,False,False,32.76,22.297142857142855,0.22,-0.384,0.35460488704253584,-0.9350162426854147,2004,interim91,SWM,0.0
2004-06-13,43.860527857142856,7,55.466785,True,False,False,129.78,21.005714285714284,0.22,-0.384,0.23931566428755768,-0.970941817426052,2004,interim91,SWM,0.0
2004-06-20,42.685575285714286,7,64.85,True,False,False,67.88,21.514285714285712,0.22,-0.384,0.12053668025532308,-0.992708874098054,2004,interim91,SWM,0.0
2004-06-27,294.43343,7,607.708,True,False,False,15.2,21.737142857142857,0.22,-0.384,-3.216245299353273e-16,-1.0,2004,interim91,SWM,0.0
2004-07-04,166.30479585714286,7,314.05328,True,False,False,24.1,21.68285714285714,0.39,-0.301,-0.12053668025532283,-0.992708874098054,2004,interim91,SWM,0.0
2004-07-11,316.5905785714286,7,507.1709,True,False,False,46.980000000000004,21.745714285714286,0.39,-0.301,-0.23931566428755743,-0.9709418174260521,2004,interim91,SWM,0.0
2004-07-18,281.50955285714286,7,467.45157,True,False,False,36.78,21.16857142857143,0.39,-0.301,-0.3546048870425356,-0.9350162426854148,2004,interim91,SWM,0.0
2004-07-25,157.94858785714285,7,238.23149,True,False,False,33.66,21.194285714285716,0.39,-0.301,-0.46472317204376806,-0.8854560256532101,2004,interim91,SWM,0.0
2004-08-01,272.91510999999997,7,429.16095,True,False,False,36.5,20.942857142857143,0.54,-0.133,-0.5680647467311556,-0.8229838658936565,2004,interim91,SWM,0.0
2004-08-08,620.2292614285715,7,1103.0,True,False,False,114.08,20.69142857142857,0.54,-0.133,-0.663122658240795,-0.7485107481711013,2004,interim91,SWM,0.0
2004-08-15,480.9265171428571,7,877.1099,True,False,False,34.68,21.12857142857143,0.54,-0.133,-0.7485107481711011,-0.6631226582407952,2004,interim91,SWM,0.0
2004-08-22,387.3220042857143,7,537.4619,True,False,False,32.36,21.16,0.54,-0.133,-0.8229838658936564,-0.5680647467311559,2004,interim91,SWM,0.0
2004-08-29,396.57429,7,490.34952,True,False,False,6.54,21.608571428571427,0.54,-0.133,-0.8854560256532096,-0.4647231720437691,2004,interim91,SWM,0.0
2004-09-05,229.92980142857144,7,311.11444,True,False,False,15.580000000000002,21.934285714285714,0.58,-0.106,-0.9350162426854147,-0.3546048870425359,2004,interim91,SWM,0.0
2004-09-12,332.4013842857143,7,511.5,True,False,False,49.02,20.865714285714287,0.58,-0.106,-0.970941817426052,-0.23931566428755774,2004,interim91,SWM,0.0
2004-09-19,439.3423714285714,7,798.3506,True,False,False,9.92,22.279999999999998,0.58,-0.106,-0.992708874098054,-0.12053668025532357,2004,interim91,SWM,0.0
2004-09-26,286.94927,7,418.9,True,False,False,43.620000000000005,22.099999999999998,0.58,-0.106,-1.0,-1.8369701987210297e-16,2004,interim91,SWM,0.0
2004-10-03,236.6473814285714,7,321.20438,True,False,False,47.34,21.451428571428572,0.61,-0.004,-0.992708874098054,0.1205366802553232,2004,interim91,NEM,0.0
2004-10-10,285.5380985714286,7,499.18896,True,False,False,5.639999999999999,21.52,0.61,-0.004,-0.9709418174260521,0.23931566428755738,2004,interim91,NEM,0.0
2004-10-17,506.2825085714286,7,968.9835,True,False,False,36.22,22.16857142857143,0.61,-0.004,-0.9350162426854148,0.35460488704253557,2004,interim91,NEM,0.0
2004-10-24,320.4899557142857,7,559.67377,True,False,False,21.26,22.060000000000002,0.61,-0.004,-0.8854560256532101,0.464723172043768,2004,interim91,NEM,0.0
2004-10-31,219.80954285714284,7,279.0,True,False,False,27.96,21.548571428571428,0.61,-0.004,-0.822983865893657,0.5680647467311548,2004,interim91,NEM,0.0
2004-11-07,239.25958999999997,7,296.28436,True,False,False,18.880000000000003,20.994285714285716,0.64,-0.153,-0.7485107481711011,0.6631226582407953,2004,interim91,NEM,0.0
2004-11-14,275.8806014285714,7,350.2588,True,False,False,14.700000000000001,21.414285714285715,0.64,-0.153,-0.6631226582407956,0.7485107481711007,2004,interim91,NEM,0.0
2004-11-21,213.03077285714286,7,269.1,True,False,False,0.24,21.042857142857144,0.64,-0.153,-0.5680647467311559,0.8229838658936564,2004,interim91,NEM,0.0
2004-11-28,159.53153142857144,7,173.69214,True,False,False,0.18,21.282857142857146,0.64,-0.153,-0.4647231720437684,0.88545602565321,2004,interim91,NEM,0.0
2004-12-05,148.0745357142857,7,156.18694,True,False,False,0.0,20.74285714285714,0.71,-0.132,-0.35460488704253595,0.9350162426854147,2004,interim91,NEM,0.0
2004-12-12,108.51621728571429,7,121.810555,True,False,False,0.0,20.814285714285713,0.71,-0.132,-0.2393156642875578,0.970941817426052,2004,interim91,NEM,0.0
2004-12-19,91.07349014285715,7,101.99551,True,False,False,0.0,21.00857142857143,0.71,-0.132,-0.12053668025532363,0.992708874098054,2004,interim91,NEM,0.0
2004-12-26,79.26636214285715,7,89.793,True,False,False,0.0,21.068571428571428,0.71,-0.132,6.432490598706546e-16,1.0,2004,interim91,NEM,0.0
2005-01-02,57.586832,7,69.850204,True,False,False,9.600000000000001,21.92285714285714,0.62,-0.124,0.12053668025532314,0.992708874098054,2004,interim91,inter,0.0
2005-01-09,51.75912914285714,7,58.20188,True,False,False,4.34,21.46,0.62,-0.124,0.12053668025532305,0.992708874098054,2004,interim91,inter,0.0
2005-01-16,38.72090714285714,7,45.741627,True,False,False,0.0,21.25142857142857,0.62,-0.124,0.23931566428755774,0.970941817426052,2004,interim91,inter,0.0
2005-01-23,41.63343171428572,7,48.35,True,False,False,0.37999999999999995,22.888571428571428,0.62,-0.124,0.3546048870425356,0.9350162426854148,2004,interim91,inter,0.0
2005-01-30,34.52243885714286,7,45.15359,True,False,False,9.7,22.728571428571428,0.62,-0.124,0.4647231720437685,0.8854560256532099,2004,interim91,inter,0.0
2005-02-06,42.07081328571429,7,57.620537,True,False,False,11.14,22.32857142857143,0.55,-0.56,0.5680647467311558,0.8229838658936564,2004,interim91,inter,0.0
2005-02-13,38.410187,7,45.13643,True,False,False,0.0,22.84857142857143,0.55,-0.56,0.6631226582407952,0.7485107481711011,2004,interim91,inter,0.0
2005-02-20,28.737060142857143,7,35.04962,True,False,False,0.1,24.374285714285715,0.55,-0.56,0.7485107481711011,0.6631226582407953,2004,interim91,inter,0.0
2005-02-27,28.780295714285717,7,32.74646,True,False,False,0.04,24.68,0.55,-0.56,0.8229838658936564,0.5680647467311558,2004,interim91,inter,0.0
2005-03-06,36.010377999999996,7,42.12222,True,False,False,1.3800000000000001,24.75714285714286,0.4,-0.433,0.8854560256532098,0.4647231720437686,2004,interim91,inter,0.0
2005-03-13,41.983233,7,48.4851,True,False,False,6.48,24.888571428571428,0.4,-0.433,0.9350162426854148,0.35460488704253557,2004,interim91,inter,0.0
2005-03-20,32.630731000000004,7,40.359673,True,False,False,0.24,26.057142857142857,0.4,-0.433,0.970941817426052,0.23931566428755804,2004,interim91,inter,0.0
2005-03-27,32.08987057142857,7,38.83,True,False,False,0.16,26.005714285714284,0.4,-0.433,0.992708874098054,0.120536680255323,2004,interim91,inter,0.0
2005-04-03,39.255879428571426,7,44.14,True,False,False,4.9,25.845714285714287,0.37,0.084,1.0,-1.6081226496766366e-16,2004,interim91,inter,0.0
2005-04-10,59.232371,7,112.1,True,False,False,30.3,24.214285714285715,0.37,0.084,0.992708874098054,-0.12053668025532288,2004,interim91,inter,0.0
2005-04-17,45.367127857142854,7,56.139423,True,False,False,13.34,25.45714285714286,0.37,0.084,0.9709418174260521,-0.2393156642875575,2004,interim91,inter,0.0
2005-04-24,25.34798471428571,7,31.605726,True,False,False,13.8,26.34857142857143,0.37,0.084,0.9350162426854148,-0.35460488704253545,2004,interim91,inter,0.0
2005-05-01,34.362814428571426,7,45.00418,True,False,False,29.7,25.311428571428568,0.27,-0.033,0.8854560256532099,-0.4647231720437685,2004,interim91,inter,0.0
2005-05-08,38.01960228571429,7,44.14,True,False,False,3.92,24.951428571428572,0.27,-0.033,0.8229838658936565,-0.5680647467311557,2004,interim91,inter,0.0
2005-05-15,33.091922857142855,7,42.78,True,False,False,17.919999999999998,25.199999999999996,0.27,-0.033,0.7485107481711013,-0.6631226582407951,2004,interim91,inter,0.0
2005-05-22,36.78731842857143,7,50.08149,True,False,False,8.559999999999999,26.10571428571429,0.27,-0.033,0.6631226582407952,-0.7485107481711012,2004,interim91,inter,0.0
2005-05-29,38.93609971428572,7,60.54,True,False,False,30.180000000000003,24.654285714285717,0.27,-0.033,0.5680647467311558,-0.8229838658936564,2004,interim91,inter,0.0
2005-06-05,72.91792328571428,7,109.3,True,False,False,55.239999999999995,23.482857142857142,0.09,-0.176,0.46472317204376906,-0.8854560256532096,2005,interim91,SWM,0.0
2005-06-12,48.00388971428572,7,72.14,True,False,False,44.42,22.897142857142857,0.09,-0.176,0.35460488704253584,-0.9350162426854147,2005,interim91,SWM,0.0
2005-06-19,45.24998957142857,7,61.15,True,False,False,47.82,22.534285714285716,0.09,-0.176,0.23931566428755768,-0.970941817426052,2005,interim91,SWM,0.0
2005-06-26,21.70873685714286,7,30.472307,True,False,False,68.08,21.222857142857144,0.09,-0.176,0.12053668025532308,-0.992708874098054,2005,interim91,SWM,0.0
2005-07-03,20.212771857142855,7,29.372719,True,False,False,41.26,21.59142857142857,-0.04,-0.384,-3.216245299353273e-16,-1.0,2005,interim91,SWM,0.0
2005-07-10,259.6384592857143,7,717.4,True,False,False,31.04,21.89428571428571,-0.04,-0.384,-0.12053668025532283,-0.992708874098054,2005,interim91,SWM,0.0
2005-07-17,368.753,7,497.16013,True,False,False,77.10000000000001,21.837142857142858,-0.04,-0.384,-0.23931566428755743,-0.9709418174260521,2005,interim91,SWM,0.0
2005-07-24,250.54917,7,383.66068,True,False,False,76.12,21.294285714285714,-0.04,-0.384,-0.3546048870425356,-0.9350162426854148,2005,interim91,SWM,0.0
2005-07-31,834.4310828571428,7,1258.9834,True,False,False,113.44,20.83142857142857,-0.04,-0.384,-0.46472317204376806,-0.8854560256532101,2005,interim91,SWM,0.0
2005-08-07,2018.6685,7,3145.2185,True,False,False,49.559999999999995,21.048571428571428,-0.14,-0.345,-0.5680647467311556,-0.8229838658936565,2005,interim91,SWM,0.0
2005-08-14,468.82392285714286,7,796.8017,True,False,False,29.02,21.388571428571428,-0.14,-0.345,-0.663122658240795,-0.7485107481711013,2005,interim91,SWM,0.0
2005-08-21,741.84324,7,1540.1041,True,False,False,18.560000000000002,21.334285714285716,-0.14,-0.345,-0.7485107481711011,-0.6631226582407952,2005,interim91,SWM,0.0
2005-08-28,496.0112614285714,7,685.5666,True,False,False,25.759999999999998,22.291428571428572,-0.14,-0.345,-0.8229838658936564,-0.5680647467311559,2005,interim91,SWM,0.0
2005-09-04,834.1710385714285,7,998.42737,True,False,False,101.08000000000001,22.25142857142857,-0.11,-0.534,-0.8854560256532096,-0.4647231720437691,2005,interim91,SWM,0.0
2005-09-11,623.9149642857143,7,1265.2516,True,False,False,36.54,21.631428571428575,-0.11,-0.534,-0.9350162426854147,-0.3546048870425359,2005,interim91,SWM,0.0
2005-09-18,795.64995,7,1173.5408,True,False,False,24.42,21.580000000000002,-0.11,-0.534,-0.970941817426052,-0.23931566428755774,2005,interim91,SWM,0.0
2005-09-25,398.5595657142857,7,463.1649,True,False,False,18.42,21.548571428571428,-0.11,-0.534,-0.992708874098054,-0.12053668025532357,2005,interim91,SWM,0.0
2005-10-02,313.28837000000004,7,379.2,True,False,False,2.06,22.199999999999996,-0.27,-0.436,-1.0,-1.8369701987210297e-16,2005,interim91,NEM,0.0
2005-10-09,449.3209942857143,7,634.06616,True,False,False,57.58,22.434285714285714,-0.27,-0.436,-0.992708874098054,0.1205366802553232,2005,interim91,NEM,0.0
2005-10-16,852.3251657142857,7,1604.488,True,False,False,96.72000000000001,21.62285714285714,-0.27,-0.436,-0.9709418174260521,0.23931566428755738,2005,interim91,NEM,0.0
2005-10-23,801.9581471428571,7,1386.0,True,False,False,56.02,21.90285714285714,-0.27,-0.436,-0.9350162426854148,0.35460488704253557,2005,interim91,NEM,0.0
2005-10-30,1965.1714285714286,7,3656.0,True,False,False,31.56,21.205714285714286,-0.27,-0.436,-0.8854560256532101,0.464723172043768,2005,interim91,NEM,0.0
2005-11-06,1045.6,7,1417.0,True,False,False,31.000000000000004,21.451428571428572,-0.57,-0.272,-0.822983865893657,0.5680647467311548,2005,interim91,NEM,0.0
2005-11-13,485.0857142857143,7,662.0,True,False,False,10.5,21.134285714285713,-0.57,-0.272,-0.7485107481711011,0.6631226582407953,2005,interim91,NEM,0.0
2005-11-20,363.14835714285715,7,427.7,True,False,False,0.0,18.89428571428571,-0.57,-0.272,-0.6631226582407956,0.7485107481711007,2005,interim91,NEM,0.0
2005-11-27,418.3512785714286,7,517.7935,True,False,False,39.14,20.33142857142857,-0.57,-0.272,-0.5680647467311559,0.8229838658936564,2005,interim91,NEM,0.0
2005-12-04,343.41044571428574,7,407.8334,True,False,False,16.82,20.439999999999998,-0.82,-0.3,-0.4647231720437684,0.88545602565321,2005,interim91,NEM,0.0
2005-12-11,336.4318557142857,7,390.08423,True,False,False,1.94,20.41714285714286,-0.82,-0.3,-0.35460488704253595,0.9350162426854147,2005,interim91,NEM,0.0
2005-12-18,285.4896242857143,7,314.92853,True,False,False,1.04,20.502857142857142,-0.82,-0.3,-0.2393156642875578,0.970941817426052,2005,interim91,NEM,0.0
2005-12-25,206.22056285714285,7,236.37073,True,False,False,0.0,20.905714285714286,-0.82,-0.3,-0.12053668025532363,0.992708874098054,2005,interim91,NEM,0.0
2006-01-01,162.16213,7,185.48373,True,False,False,0.0,19.017142857142854,-0.86,-0.135,6.432490598706546e-16,1.0,2005,interim91,inter,0.0
2006-01-08,122.39107371428572,7,133.465,True,False,False,0.26,20.305714285714284,-0.86,-0.135,0.12053668025532305,0.992708874098054,2005,interim91,inter,0.0
2006-01-15,102.60836714285713,7,126.2082,True,False,False,0.06000000000000001,22.091428571428573,-0.86,-0.135,0.23931566428755774,0.970941817426052,2005,interim91,inter,0.0
2006-01-22,85.27941,7,99.87692,True,False,False,0.0,22.46,-0.86,-0.135,0.3546048870425356,0.9350162426854148,2005,interim91,inter,0.0
2006-01-29,86.53957342857143,7,99.824394,True,False,False,0.0,21.657142857142855,-0.86,-0.135,0.4647231720437685,0.8854560256532099,2005,interim91,inter,0.0
2006-02-05,61.920596857142854,7,76.272064,True,False,False,0.0,21.577142857142857,-0.8,-0.306,0.5680647467311558,0.8229838658936564,2005,interim91,inter,0.0
2006-02-12,39.74025928571429,7,53.0,True,False,False,0.0,21.31714285714286,-0.8,-0.306,0.6631226582407952,0.7485107481711011,2005,interim91,inter,0.0
2006-02-19,55.908571142857134,7,72.564835,True,False,False,0.0,22.60571428571428,-0.8,-0.306,0.7485107481711011,0.6631226582407953,2005,interim91,inter,0.0
2006-02-26,57.57315842857143,7,62.379906,True,False,False,0.0,23.797142857142855,-0.8,-0.306,0.8229838658936564,0.5680647467311558,2005,interim91,inter,0.0
2006-03-05,53.282975,7,62.41554,True,False,False,15.9,24.228571428571428,-0.63,-0.226,0.8854560256532098,0.4647231720437686,2005,interim91,inter,0.0
2006-03-12,116.64608214285714,7,209.36896,True,False,False,27.86,22.794285714285714,-0.63,-0.226,0.9350162426854148,0.35460488704253557,2005,interim91,inter,0.0
2006-03-19,87.33203942857143,7,101.501236,True,False,False,0.0,23.585714285714285,-0.63,-0.226,0.970941817426052,0.23931566428755804,2005,interim91,inter,0.0
2006-03-26,69.14011628571429,7,76.29685,True,False,False,4.16,25.685714285714287,-0.63,-0.226,0.992708874098054,0.120536680255323,2005,interim91,inter,0.0
2006-04-02,57.28686257142857,7,67.263725,True,False,False,2.22,25.594285714285714,-0.45,-0.015,1.0,-1.6081226496766366e-16,2005,interim91,inter,0.0
2006-04-09,57.80558971428571,7,69.35,True,False,False,9.76,25.46,-0.45,-0.015,0.992708874098054,-0.12053668025532288,2005,interim91,inter,0.0
2006-04-16,50.424785285714286,7,68.575,True,False,False,13.18,25.32,-0.45,-0.015,0.9709418174260521,-0.2393156642875575,2005,interim91,inter,0.0
2006-04-23,89.31174271428571,7,145.55792,True,False,False,8.879999999999999,24.97714285714286,-0.45,-0.015,0.9350162426854148,-0.35460488704253545,2005,interim91,inter,0.0
2006-04-30,63.59700985714285,7,72.01121,True,False,False,3.32,25.65142857142857,-0.45,-0.015,0.8854560256532099,-0.4647231720437685,2005,interim91,inter,0.0
2006-05-07,39.57173485714286,7,48.516235,True,False,False,18.66,25.462857142857143,-0.19,-0.208,0.8229838658936565,-0.5680647467311557,2005,interim91,inter,0.0
2006-05-14,59.67419185714285,7,137.0,True,False,False,14.840000000000002,25.202857142857145,-0.19,-0.208,0.7485107481711013,-0.6631226582407951,2005,interim91,inter,0.0
2006-05-21,177.52439285714286,7,308.2,True,False,False,6.5600000000000005,24.65142857142857,-0.19,-0.208,0.6631226582407952,-0.7485107481711012,2005,interim91,inter,0.0
2006-05-28,92.30078185714285,7,208.6863,True,False,False,82.72,22.708571428571428,-0.19,-0.208,0.5680647467311558,-0.8229838658936564,2005,interim91,inter,0.0
2006-06-04,113.35410142857143,7,137.4,True,False,False,120.7,21.0,-0.05,-0.059,0.46472317204376906,-0.8854560256532096,2006,interim91,SWM,0.0
2006-06-11,179.17604285714285,7,211.92232,True,False,False,9.22,22.214285714285715,-0.05,-0.059,0.35460488704253584,-0.9350162426854147,2006,interim91,SWM,0.0
2006-06-18,59.03840628571429,7,78.15249,True,False,False,20.46,22.885714285714283,-0.05,-0.059,0.23931566428755768,-0.970941817426052,2006,interim91,SWM,0.0
2006-06-25,146.7984257142857,7,197.08922,True,False,False,94.9,21.997142857142855,-0.05,-0.059,0.12053668025532308,-0.992708874098054,2006,interim91,SWM,0.0
2006-07-02,283.22394057142856,7,874.2,True,False,False,89.34,21.454285714285714,0.12,0.04,-3.216245299353273e-16,-1.0,2006,interim91,SWM,0.0
2006-07-09,735.1295942857142,7,943.855,True,False,False,64.36,21.60571428571429,0.12,0.04,-0.12053668025532283,-0.992708874098054,2006,interim91,SWM,0.0
2006-07-16,335.9321585714286,7,470.6,True,False,False,69.98,21.374285714285715,0.12,0.04,-0.23931566428755743,-0.9709418174260521,2006,interim91,SWM,0.0
2006-07-23,1135.3427371428572,7,1623.5863,True,False,False,20.240000000000002,21.368571428571432,0.12,0.04,-0.3546048870425356,-0.9350162426854148,2006,interim91,SWM,0.0
2006-07-30,458.23447428571427,7,739.9,True,False,False,18.3,21.41142857142857,0.12,0.04,-0.46472317204376806,-0.8854560256532101,2006,interim91,SWM,0.0
2006-08-06,516.7061942857143,7,884.7643,True,False,False,22.779999999999998,21.282857142857143,0.33,0.229,-0.5680647467311556,-0.8229838658936565,2006,interim91,SWM,0.0
2006-08-13,383.6559328571429,7,743.5738,True,False,False,56.86,21.154285714285717,0.33,0.229,-0.663122658240795,-0.7485107481711013,2006,interim91,SWM,0.0
2006-08-20,1767.8527571428572,7,1958.9175,True,False,False,54.68,21.382857142857144,0.33,0.229,-0.7485107481711011,-0.6631226582407952,2006,interim91,SWM,0.0
2006-08-27,532.9000685714285,7,928.3,True,False,False,7.06,22.16857142857143,0.33,0.229,-0.8229838658936564,-0.5680647467311559,2006,interim91,SWM,0.0
2006-09-03,301.7615014285714,7,318.04312,True,False,False,10.44,22.080000000000002,0.54,0.428,-0.8854560256532096,-0.4647231720437691,2006,interim91,SWM,0.0
2006-09-10,262.83578,7,320.9794,True,False,False,42.76,22.737142857142857,0.54,0.428,-0.9350162426854147,-0.3546048870425359,2006,interim91,SWM,0.0
2006-09-17,254.59167,7,304.87598,True,False,False,65.54,21.24857142857143,0.54,0.428,-0.970941817426052,-0.23931566428755774,2006,interim91,SWM,0.0
2006-09-24,345.8174514285715,7,407.69434,True,False,False,28.82,21.528571428571432,0.54,0.428,-0.992708874098054,-0.12053668025532357,2006,interim91,SWM,0.0
2006-10-01,357.72700142857144,7,391.78134,True,False,False,15.5,21.80857142857143,0.71,0.577,-1.0,-1.8369701987210297e-16,2006,interim91,NEM,0.0
2006-10-08,246.45196428571427,7,310.7,True,False,False,25.68,21.81142857142857,0.71,0.577,-0.992708874098054,0.1205366802553232,2006,interim91,NEM,0.0
2006-10-15,352.63741714285715,7,512.26825,True,False,False,35.68,22.017142857142858,0.71,0.577,-0.9709418174260521,0.23931566428755738,2006,interim91,NEM,0.0
2006-10-22,216.9920857142857,7,251.84055,True,False,False,17.2,22.294285714285714,0.71,0.577,-0.9350162426854148,0.35460488704253557,2006,interim91,NEM,0.0
2006-10-29,223.7719842857143,7,250.8,True,False,False,49.85999999999999,21.657142857142855,0.71,0.577,-0.8854560256532101,0.464723172043768,2006,interim91,NEM,0.0
2006-11-05,334.5953714285714,7,387.2,True,False,False,54.620000000000005,21.539999999999996,0.88,0.501,-0.822983865893657,0.5680647467311548,2006,interim91,NEM,0.0
2006-11-12,366.9549042857143,7,660.1007,True,False,False,36.64,21.02,0.88,0.501,-0.7485107481711011,0.6631226582407953,2006,interim91,NEM,0.0
2006-11-19,213.64111285714287,7,242.9,True,False,False,36.06,21.52857142857143,0.88,0.501,-0.6631226582407956,0.7485107481711007,2006,interim91,NEM,0.0
2006-11-26,247.8660042857143,7,275.40024,True,False,False,19.86,21.654285714285717,0.88,0.501,-0.5680647467311559,0.8229838658936564,2006,interim91,NEM,0.0
2006-12-03,194.97301285714283,7,214.00166,True,False,False,1.8599999999999999,21.037142857142857,0.88,0.172,-0.4647231720437684,0.88545602565321,2006,interim91,NEM,0.0
2006-12-10,164.3385242857143,7,171.0601,True,False,False,0.7,20.014285714285712,0.88,0.172,-0.35460488704253595,0.9350162426854147,2006,interim91,NEM,0.0
2006-12-17,143.63023857142858,7,152.96606,True,False,False,3.42,21.062857142857144,0.88,0.172,-0.2393156642875578,0.970941817426052,2006,interim91,NEM,0.0
2006-12-24,116.31362357142858,7,126.18716,True,False,False,0.08000000000000002,20.357142857142858,0.88,0.172,-0.12053668025532363,0.992708874098054,2006,interim91,NEM,0.0
2006-12-31,88.32562285714286,7,110.32567,True,False,False,0.0,19.88,0.88,0.172,6.432490598706546e-16,1.0,2006,interim91,NEM,0.0
2007-01-07,60.504862,7,70.04,True,False,False,0.0,20.080000000000002,0.62,0.225,0.12053668025532305,0.992708874098054,2006,interim91,inter,0.0
2007-01-14,55.85974228571428,7,64.06594,True,False,False,0.0,21.23428571428571,0.62,0.225,0.23931566428755774,0.970941817426052,2006,interim91,inter,0.0
2007-01-21,53.75355571428572,7,56.07,True,False,False,0.0,21.642857142857142,0.62,0.225,0.3546048870425356,0.9350162426854148,2006,interim91,inter,0.0
2007-01-28,56.89945585714286,7,65.77,True,False,False,0.16,22.208571428571428,0.62,0.225,0.4647231720437685,0.8854560256532099,2006,interim91,inter,0.0
2007-02-04,49.613437285714284,7,58.876816,True,False,False,0.0,22.48857142857143,0.19,0.15,0.5680647467311558,0.8229838658936564,2006,interim91,inter,0.0
2007-02-11,35.60032685714286,7,41.64,True,False,False,0.1,22.642857142857142,0.19,0.15,0.6631226582407952,0.7485107481711011,2006,interim91,inter,0.0
2007-02-18,46.159675428571425,7,59.21,True,False,False,0.04,22.240000000000002,0.19,0.15,0.7485107481711011,0.6631226582407953,2006,interim91,inter,0.0
2007-02-25,67.26663871428572,7,78.16333,True,False,False,0.8600000000000001,22.82857142857143,0.19,0.15,0.8229838658936564,0.5680647467311558,2006,interim91,inter,0.0
2007-03-04,52.905320857142854,7,59.14792,True,False,False,0.16,24.69142857142857,-0.12,0.115,0.8854560256532098,0.4647231720437686,2006,interim91,inter,0.0
2007-03-11,42.27452842857143,7,47.878574,True,False,False,0.9400000000000001,24.954285714285714,-0.12,0.115,0.9350162426854148,0.35460488704253557,2006,interim91,inter,0.0
2007-03-18,53.96449728571429,7,67.47238,True,False,False,0.08,25.674285714285713,-0.12,0.115,0.970941817426052,0.23931566428755804,2006,interim91,inter,0.0
2007-03-25,69.26613842857144,7,74.632935,True,False,False,1.12,26.174285714285713,-0.12,0.115,0.992708874098054,0.120536680255323,2006,interim91,inter,0.0
2007-04-01,56.07379385714285,7,67.46,True,False,False,7.24,26.471428571428568,-0.32,0.1,1.0,-1.6081226496766366e-16,2006,interim91,inter,0.0
2007-04-08,54.29577628571428,7,60.73413,True,False,False,2.8200000000000003,27.202857142857145,-0.32,0.1,0.992708874098054,-0.12053668025532288,2006,interim91,inter,0.0
2007-04-15,30.532857142857146,7,45.11,True,False,False,19.1,25.505714285714284,-0.32,0.1,0.9709418174260521,-0.2393156642875575,2006,interim91,inter,0.0
2007-04-22,74.92580000000001,5,103.5,True,False,False,43.04,24.19142857142857,-0.32,0.1,0.9350162426854148,-0.35460488704253545,2006,interim91,inter,0.0
2007-04-29,49.91877157142857,7,62.474805,True,False,False,15.52,25.574285714285715,-0.32,0.1,0.8854560256532099,-0.4647231720437685,2006,interim91,inter,0.0
2007-05-06,56.54396214285714,7,118.6,True,False,False,45.4,24.957142857142856,-0.34,0.27,0.8229838658936565,-0.5680647467311557,2006,interim91,inter,0.0
2007-05-13,56.948979,7,123.8,True,False,False,12.08,24.057142857142857,-0.34,0.27,0.7485107481711013,-0.6631226582407951,2006,interim91,inter,0.0
2007-05-20,29.80859442857143,7,37.73949,True,False,False,3.14,24.65142857142857,-0.34,0.27,0.6631226582407952,-0.7485107481711012,2006,interim91,inter,0.0
2007-05-27,27.56002128571428,7,47.711113,True,False,False,20.18,24.457142857142856,-0.34,0.27,0.5680647467311558,-0.8229838658936564,2006,interim91,inter,0.0
2007-06-03,35.631158,7,47.46422,True,False,False,36.8,23.034285714285716,-0.41,0.031,0.46472317204376906,-0.8854560256532096,2007,award07,SWM,9.19
2007-06-10,32.20269957142857,7,58.559067,True,False,False,33.62,23.81714285714286,-0.41,0.031,0.35460488704253584,-0.9350162426854147,2007,award07,SWM,9.19
2007-06-17,32.320832,7,43.02115,True,False,False,38.0,22.865714285714287,-0.41,0.031,0.23931566428755768,-0.970941817426052,2007,award07,SWM,9.19
2007-06-24,23.948941714285716,7,33.328632,True,False,False,197.32,21.102857142857143,-0.41,0.031,0.12053668025532308,-0.992708874098054,2007,award07,SWM,9.19
2007-07-01,89.36120757142858,7,166.4,True,False,False,94.1,21.157142857142855,-0.49,0.045,-3.216245299353273e-16,-1.0,2007,award07,SWM,31.24
2007-07-08,549.9401614285714,7,775.7,True,False,False,63.78,21.537142857142857,-0.49,0.045,-0.12053668025532283,-0.992708874098054,2007,award07,SWM,31.24
2007-07-15,849.7799757142857,7,1244.0,True,False,False,52.92,21.5,-0.49,0.045,-0.23931566428755743,-0.9709418174260521,2007,award07,SWM,31.24
2007-07-22,1896.696332857143,7,3679.543,True,False,False,92.98,21.134285714285713,-0.49,0.045,-0.3546048870425356,-0.9350162426854148,2007,award07,SWM,31.24
2007-07-29,479.16330285714287,7,687.5529,True,False,False,52.099999999999994,21.419999999999998,-0.49,0.045,-0.46472317204376806,-0.8854560256532101,2007,award07,SWM,31.24
2007-08-05,307.2428685714286,7,342.92847,True,False,False,106.06,20.580000000000002,-0.77,0.237,-0.5680647467311556,-0.8229838658936565,2007,award07,SWM,45.95
2007-08-12,2203.2470671428573,7,3883.0,True,False,False,78.75999999999999,20.78857142857143,-0.77,0.237,-0.663122658240795,-0.7485107481711013,2007,award07,SWM,45.95
2007-08-19,874.4472628571428,7,2175.167,True,False,False,6.78,21.900000000000002,-0.77,0.237,-0.7485107481711011,-0.6631226582407952,2007,award07,SWM,45.95
2007-08-26,479.4197757142857,7,843.23206,True,False,False,56.48,21.231428571428573,-0.77,0.237,-0.8229838658936564,-0.5680647467311559,2007,award07,SWM,45.95
2007-09-02,493.4512385714285,7,731.7777,True,False,False,77.92,20.97142857142857,-1.05,0.235,-0.8854560256532096,-0.4647231720437691,2007,award07,SWM,36.76
2007-09-09,753.0567928571428,7,1106.7002,True,False,False,63.199999999999996,21.485714285714288,-1.05,0.235,-0.9350162426854147,-0.3546048870425359,2007,award07,SWM,36.76
2007-09-16,607.2707771428571,7,737.44476,True,False,False,35.22,21.965714285714284,-1.05,0.235,-0.970941817426052,-0.23931566428755774,2007,award07,SWM,36.76
2007-09-23,650.4494485714285,7,840.8707,True,False,False,39.54,21.16857142857143,-1.05,0.235,-0.992708874098054,-0.12053668025532357,2007,award07,SWM,36.76
2007-09-30,691.1459457142856,7,1379.2595,True,False,False,70.34,21.422857142857143,-1.05,0.235,-1.0,-1.8369701987210297e-16,2007,award07,SWM,36.76
2007-10-07,400.46491000000003,7,483.39047,True,False,False,18.36,21.194285714285712,-1.38,0.068,-0.992708874098054,0.1205366802553232,2007,award07,NEM,20.22
2007-10-14,233.7750242857143,7,290.1767,True,False,False,10.780000000000001,22.277142857142856,-1.38,0.068,-0.9709418174260521,0.23931566428755738,2007,award07,NEM,20.22
2007-10-21,398.60690000000005,7,921.4,True,False,False,84.28,21.731428571428573,-1.38,0.068,-0.9350162426854148,0.35460488704253557,2007,award07,NEM,20.22
2007-10-28,843.3458628571427,7,1458.1906,True,False,False,104.84,21.005714285714284,-1.38,0.068,-0.8854560256532101,0.464723172043768,2007,award07,NEM,20.22
2007-11-04,638.9650942857143,7,1468.9458,True,False,False,33.44,21.217142857142854,-1.57,-0.023,-0.822983865893657,0.5680647467311548,2007,award07,NEM,13.78
2007-11-11,382.92594,7,493.48563,True,False,False,19.28,21.274285714285714,-1.57,-0.023,-0.7485107481711011,0.6631226582407953,2007,award07,NEM,13.78
2007-11-18,228.0465042857143,7,242.88786,True,False,False,0.0,19.34,-1.57,-0.023,-0.6631226582407956,0.7485107481711007,2007,award07,NEM,13.78
2007-11-25,227.3052157142857,7,243.2,True,False,False,2.12,20.48857142857143,-1.57,-0.023,-0.5680647467311559,0.8229838658936564,2007,award07,NEM,13.78
2007-12-02,197.69691857142857,7,235.70778,True,False,False,1.1,20.78,-1.72,-0.227,-0.4647231720437684,0.88545602565321,2007,award07,NEM,7.35
2007-12-09,165.7963357142857,7,183.38776,True,False,False,0.1,20.974285714285713,-1.72,-0.227,-0.35460488704253595,0.9350162426854147,2007,award07,NEM,7.35
2007-12-16,126.36768942857142,7,140.87012,True,False,False,0.1,20.914285714285715,-1.72,-0.227,-0.2393156642875578,0.970941817426052,2007,award07,NEM,7.35
2007-12-23,156.54036928571426,7,218.8,True,False,False,30.360000000000003,20.717142857142857,-1.72,-0.227,-0.12053668025532363,0.992708874098054,2007,award07,NEM,7.35
2007-12-30,85.06240285714286,7,127.07372,True,False,False,0.0,20.791428571428572,-1.72,-0.227,6.432490598706546e-16,1.0,2007,award07,NEM,7.35
2008-01-06,39.33805264285714,7,49.122013,True,False,False,0.27999999999999997,20.771428571428572,-1.76,0.115,0.12053668025532305,0.992708874098054,2007,award07,inter,2.76
2008-01-13,38.85767514285714,7,46.467087,True,False,False,0.0,20.759999999999998,-1.76,0.115,0.23931566428755774,0.970941817426052,2007,award07,inter,2.76
2008-01-20,43.61955914285714,7,49.502613,True,False,False,0.0,20.74285714285714,-1.76,0.115,0.3546048870425356,0.9350162426854148,2007,award07,inter,2.76
2008-01-27,39.24084814285714,7,46.26124,True,False,False,0.0,22.04,-1.76,0.115,0.4647231720437685,0.8854560256532099,2007,award07,inter,2.76
2008-02-03,26.41223395833333,6,27.622791,True,False,False,0.0,22.385714285714283,-1.61,-0.072,0.5680647467311558,0.8229838658936564,2007,award07,inter,2.2
2008-02-10,16.744992928571428,7,24.063742,True,False,False,11.06,22.7,-1.61,-0.072,0.6631226582407952,0.7485107481711011,2007,award07,inter,2.2
2008-02-17,44.60829928571428,7,63.41188,True,False,False,8.7,22.900000000000002,-1.61,-0.072,0.7485107481711011,0.6631226582407953,2007,award07,inter,2.2
2008-02-24,49.655886,7,53.59352,True,False,False,0.0,23.562857142857144,-1.61,-0.072,0.8229838658936564,0.5680647467311558,2007,award07,inter,2.2
2008-03-02,56.47825628571429,7,66.06985,True,False,False,0.0,23.785714285714285,-1.37,0.097,0.8854560256532098,0.4647231720437686,2007,award07,inter,2.2
2008-03-09,45.56146028571429,7,55.454834,True,False,False,0.0,23.794285714285714,-1.37,0.097,0.9350162426854148,0.35460488704253557,2007,award07,inter,2.2
2008-03-16,52.97297,7,109.6,True,False,False,44.22,23.099999999999998,-1.37,0.097,0.970941817426052,0.23931566428755804,2007,award07,inter,2.2
2008-03-23,146.35218714285716,7,237.37181,True,False,False,65.14,22.2,-1.37,0.097,0.992708874098054,0.120536680255323,2007,award07,inter,2.2
2008-03-30,81.18675942857143,7,140.41035,True,False,False,32.2,22.377142857142854,-1.37,0.097,1.0,-1.6081226496766366e-16,2007,award07,inter,2.2
2008-04-06,112.19677285714286,7,133.3476,True,False,False,16.86,22.925714285714285,-1.05,-0.153,0.992708874098054,-0.12053668025532288,2007,award07,inter,2.2
2008-04-13,74.75401285714285,7,86.411575,True,False,False,1.1199999999999999,24.65142857142857,-1.05,-0.153,0.9709418174260521,-0.2393156642875575,2007,award07,inter,2.2
2008-04-20,74.44170228571429,7,85.32,True,False,False,14.36,25.708571428571428,-1.05,-0.153,0.9350162426854148,-0.35460488704253545,2007,award07,inter,2.2
2008-04-27,56.457019714285714,7,66.78,True,False,False,20.0,25.425714285714285,-1.05,-0.153,0.8854560256532099,-0.4647231720437685,2007,award07,inter,2.2
2008-05-04,83.15989771428572,7,94.16491,True,False,False,6.14,24.857142857142858,-0.85,0.179,0.8229838658936565,-0.5680647467311557,2007,award07,inter,2.2
2008-05-11,92.1279167142857,7,140.7,True,False,False,25.44,24.02,-0.85,0.179,0.7485107481711013,-0.6631226582407951,2007,award07,inter,2.2
2008-05-18,87.04290185714285,7,120.44371,True,False,False,9.540000000000001,23.854285714285716,-0.85,0.179,0.6631226582407952,-0.7485107481711012,2007,award07,inter,2.2
2008-05-25,75.86232228571428,7,93.18,True,False,False,30.14,23.71142857142857,-0.85,0.179,0.5680647467311558,-0.8229838658936564,2007,award07,inter,2.2
2008-06-01,114.39346057142858,7,140.8,True,False,False,53.14,23.16857142857143,-0.56,0.215,0.46472317204376906,-0.8854560256532096,2008,award07,SWM,9.19
2008-06-08,149.47714,7,237.89128,True,False,False,58.4,22.417142857142856,-0.56,0.215,0.35460488704253584,-0.9350162426854147,2008,award07,SWM,9.19
2008-06-15,83.99127299999999,7,97.227455,True,False,False,74.96000000000001,21.145714285714288,-0.56,0.215,0.23931566428755768,-0.970941817426052,2008,award07,SWM,9.19
2008-06-22,55.618398285714285,7,66.881294,True,False,False,34.24,21.76571428571429,-0.56,0.215,0.12053668025532308,-0.992708874098054,2008,award07,SWM,9.19
2008-06-29,47.359390142857144,7,63.738045,True,False,False,41.18,21.608571428571427,-0.56,0.215,-3.216245299353273e-16,-1.0,2008,award07,SWM,9.19
2008-07-06,71.65296214285715,7,89.99859,True,False,False,54.06,21.580000000000002,-0.33,0.246,-0.12053668025532283,-0.992708874098054,2008,award07,SWM,31.24
2008-07-13,130.96757514285713,7,191.29697,True,False,False,14.54,21.900000000000002,-0.33,0.246,-0.23931566428755743,-0.9709418174260521,2008,award07,SWM,31.24
2008-07-20,103.09790842857144,7,139.86778,True,False,False,48.0,22.111428571428572,-0.33,0.246,-0.3546048870425356,-0.9350162426854148,2008,award07,SWM,31.24
2008-07-27,77.05549428571429,7,92.07,True,False,False,106.04,21.12285714285714,-0.33,0.246,-0.46472317204376806,-0.8854560256532101,2008,award07,SWM,31.24
2008-08-03,391.3498607142857,7,908.56995,True,False,False,81.60000000000001,21.06,-0.2,0.124,-0.5680647467311556,-0.8229838658936565,2008,award07,SWM,45.95
2008-08-10,437.9977871428572,7,631.66064,True,False,False,76.05999999999999,20.722857142857144,-0.2,0.124,-0.663122658240795,-0.7485107481711013,2008,award07,SWM,45.95
2008-08-17,1093.3660257142858,7,2702.0,True,False,False,127.32000000000001,20.314285714285717,-0.2,0.124,-0.7485107481711011,-0.6631226582407952,2008,award07,SWM,45.95
2008-08-24,446.83445571428575,7,771.6678,True,False,False,22.900000000000002,21.50857142857143,-0.2,0.124,-0.8229838658936564,-0.5680647467311559,2008,award07,SWM,45.95
2008-08-31,503.14130571428575,7,770.953,True,False,False,74.82000000000001,22.16857142857143,-0.2,0.124,-0.8854560256532096,-0.4647231720437691,2008,award07,SWM,45.95
2008-09-07,756.6638285714287,7,1150.6492,True,False,False,37.54,22.265714285714285,-0.25,0.086,-0.9350162426854147,-0.3546048870425359,2008,award07,SWM,36.76
2008-09-14,395.7541342857143,7,487.57132,True,False,False,53.32,20.888571428571428,-0.25,0.086,-0.970941817426052,-0.23931566428755774,2008,award07,SWM,36.76
2008-09-21,362.5288957142857,7,634.69135,True,False,False,13.28,21.391428571428573,-0.25,0.086,-0.992708874098054,-0.12053668025532357,2008,award07,SWM,36.76
2008-09-28,250.44902714285715,7,266.5913,True,False,False,2.46,21.677142857142854,-0.25,0.086,-1.0,-1.8369701987210297e-16,2008,award07,SWM,36.76
2008-10-05,257.63171714285716,7,276.4,True,False,False,24.299999999999997,22.085714285714285,-0.36,0.029,-0.992708874098054,0.1205366802553232,2008,award07,NEM,20.22
2008-10-12,316.1154957142857,7,386.91605,True,False,False,44.98,22.337142857142858,-0.36,0.029,-0.9709418174260521,0.23931566428755738,2008,award07,NEM,20.22
2008-10-19,337.09549714285714,7,411.19672,True,False,False,47.06,22.09142857142857,-0.36,0.029,-0.9350162426854148,0.35460488704253557,2008,award07,NEM,20.22
2008-10-26,512.9995071428572,7,794.7,True,False,False,130.78,21.21142857142857,-0.36,0.029,-0.8854560256532101,0.464723172043768,2008,award07,NEM,20.22
2008-11-02,399.16851428571425,7,615.2,True,False,False,0.0,20.75714285714286,-0.57,-0.128,-0.822983865893657,0.5680647467311548,2008,award07,NEM,13.78
2008-11-09,222.24356714285713,7,260.81528,True,False,False,0.0,20.9,-0.57,-0.128,-0.7485107481711011,0.6631226582407953,2008,award07,NEM,13.78
2008-11-16,197.72949714285713,7,217.51065,True,False,False,0.28,21.54,-0.57,-0.128,-0.6631226582407956,0.7485107481711007,2008,award07,NEM,13.78
2008-11-23,186.64884571428573,7,205.47615,True,False,False,22.0,22.045714285714286,-0.57,-0.128,-0.5680647467311559,0.8229838658936564,2008,award07,NEM,13.78
2008-11-30,276.08851285714286,7,369.1,True,False,False,17.68,20.900000000000002,-0.57,-0.128,-0.4647231720437684,0.88545602565321,2008,award07,NEM,13.78
2008-12-07,255.04361285714285,7,358.35168,True,False,False,0.68,21.042857142857144,-0.79,-0.053,-0.35460488704253595,0.9350162426854147,2008,award07,NEM,7.35
2008-12-14,182.99119571428574,7,219.63943,True,False,False,1.48,20.897142857142857,-0.79,-0.053,-0.2393156642875578,0.970941817426052,2008,award07,NEM,7.35
2008-12-21,146.0803542857143,7,174.4764,True,False,False,1.36,20.759999999999998,-0.79,-0.053,-0.12053668025532363,0.992708874098054,2008,award07,NEM,7.35
2008-12-28,106.43406,7,125.79369,True,False,False,0.0,20.534285714285716,-0.79,-0.053,6.432490598706546e-16,1.0,2008,award07,NEM,7.35
2009-01-04,70.59500757142857,7,86.81476,True,False,False,0.0,19.86285714285714,-0.89,0.031,0.12053668025532305,0.992708874098054,2008,award07,inter,2.76
2009-01-11,53.673461999999994,7,58.792057,True,False,False,0.08,21.19142857142857,-0.89,0.031,0.23931566428755774,0.970941817426052,2008,award07,inter,2.76
2009-01-18,37.19160285714286,7,41.11,True,False,False,0.0,20.362857142857145,-0.89,0.031,0.3546048870425356,0.9350162426854148,2008,award07,inter,2.76
2009-01-25,50.201886571428574,7,56.453304,True,False,False,0.0,21.177142857142858,-0.89,0.031,0.4647231720437685,0.8854560256532099,2008,award07,inter,2.76
2009-02-01,39.983877857142865,7,51.073517,True,False,False,0.72,22.96857142857143,-0.84,0.163,0.5680647467311558,0.8229838658936564,2008,award07,inter,2.2
2009-02-08,40.342803,7,51.512806,True,False,False,0.0,23.134285714285713,-0.84,0.163,0.6631226582407952,0.7485107481711011,2008,award07,inter,2.2
2009-02-15,42.15774785714286,7,52.246902,True,False,False,0.0,22.81714285714286,-0.84,0.163,0.7485107481711011,0.6631226582407953,2008,award07,inter,2.2
2009-02-22,49.336076428571424,7,54.49,True,False,False,0.24000000000000002,23.645714285714288,-0.84,0.163,0.8229838658936564,0.5680647467311558,2008,award07,inter,2.2
2009-03-01,42.375734571428566,7,49.567677,True,False,False,0.02,25.72,-0.63,0.1,0.8854560256532098,0.4647231720437686,2008,award07,inter,2.2
2009-03-08,46.01056114285715,7,61.295906,True,False,False,0.16,25.551428571428573,-0.63,0.1,0.9350162426854148,0.35460488704253557,2008,award07,inter,2.2
2009-03-15,33.90132342857143,7,45.593243,True,False,False,21.06,23.942857142857147,-0.63,0.1,0.970941817426052,0.23931566428755804,2008,award07,inter,2.2
2009-03-22,37.80536685714286,7,46.545563,True,False,False,4.0,24.625714285714285,-0.63,0.1,0.992708874098054,0.120536680255323,2008,award07,inter,2.2
2009-03-29,54.62856085714286,7,88.26,True,False,False,26.099999999999998,23.90857142857143,-0.63,0.1,1.0,-1.6081226496766366e-16,2008,award07,inter,2.2
2009-04-05,56.70344585714286,7,98.27545,True,False,False,4.26,26.36285714285714,-0.35,0.126,0.992708874098054,-0.12053668025532288,2008,award07,inter,2.2
2009-04-12,44.822973,7,60.515842,True,False,False,16.48,26.365714285714287,-0.35,0.126,0.9709418174260521,-0.2393156642875575,2008,award07,inter,2.2
2009-04-19,28.22979357142857,7,37.531868,True,False,False,12.26,25.51142857142857,-0.35,0.126,0.9350162426854148,-0.35460488704253545,2008,award07,inter,2.2
2009-04-26,51.55859242857143,7,78.28543,True,False,False,30.72,24.494285714285713,-0.35,0.126,0.8854560256532099,-0.4647231720437685,2008,award07,inter,2.2
2009-05-03,37.794886857142856,7,56.86421,True,False,False,14.16,25.21142857142857,0.03,0.257,0.8229838658936565,-0.5680647467311557,2008,award07,inter,2.2
2009-05-10,31.189686571428574,7,49.84,True,False,False,22.16,25.09714285714286,0.03,0.257,0.7485107481711013,-0.6631226582407951,2008,award07,inter,2.2
2009-05-17,49.385693714285715,7,60.424442,True,False,False,11.32,25.274285714285714,0.03,0.257,0.6631226582407952,-0.7485107481711012,2008,award07,inter,2.2
2009-05-24,91.51102085714285,7,130.9087,True,False,False,39.24,23.657142857142855,0.03,0.257,0.5680647467311558,-0.8229838658936564,2008,award07,inter,2.2
2009-05-31,74.70424785714286,7,92.25,True,False,False,42.260000000000005,23.391428571428573,0.03,0.257,0.46472317204376906,-0.8854560256532096,2008,award07,inter,2.2
2009-06-07,80.70730071428571,7,112.80197,True,False,False,60.06,22.33142857142857,0.34,0.1,0.35460488704253584,-0.9350162426854147,2009,award07,SWM,9.19
2009-06-14,68.49084914285714,7,80.63918,True,False,False,24.080000000000002,22.662857142857142,0.34,0.1,0.23931566428755768,-0.970941817426052,2009,award07,SWM,9.19
2009-06-21,56.75231314285714,7,95.49008,True,False,False,45.56,22.25714285714286,0.34,0.1,0.12053668025532308,-0.992708874098054,2009,award07,SWM,9.19
2009-06-28,23.17988414285714,7,38.582073,True,False,False,23.76,22.06857142857143,0.34,0.1,-3.216245299353273e-16,-1.0,2009,award07,SWM,9.19
2009-07-05,14.606720857142857,7,25.11,True,False,False,155.68,21.074285714285715,0.5,-0.192,-0.12053668025532283,-0.992708874098054,2009,award07,SWM,31.24
2009-07-12,37.086279857142856,7,57.0,True,False,False,121.19999999999999,20.8,0.5,-0.192,-0.23931566428755743,-0.9709418174260521,2009,award07,SWM,31.24
2009-07-19,726.8205685714286,7,1553.0,True,False,False,216.04000000000002,20.557142857142857,0.5,-0.192,-0.3546048870425356,-0.9350162426854148,2009,award07,SWM,31.24
2009-07-26,795.1078257142857,7,1602.0693,True,False,False,22.919999999999998,21.642857142857142,0.5,-0.192,-0.46472317204376806,-0.8854560256532101,2009,award07,SWM,31.24
2009-08-02,385.11018,7,613.75653,True,False,False,46.080000000000005,21.557142857142857,0.56,-0.104,-0.5680647467311556,-0.8229838658936565,2009,award07,SWM,45.95
2009-08-09,410.84909857142856,7,545.9562,True,False,False,11.120000000000001,21.87714285714286,0.56,-0.104,-0.663122658240795,-0.7485107481711013,2009,award07,SWM,45.95
2009-08-16,277.0101557142857,7,330.7,True,False,False,18.82,22.19142857142857,0.56,-0.104,-0.7485107481711011,-0.6631226582407952,2009,award07,SWM,45.95
2009-08-23,485.0196314285714,7,684.80536,True,False,False,59.28,22.011428571428574,0.56,-0.104,-0.8229838658936564,-0.5680647467311559,2009,award07,SWM,45.95
2009-08-30,255.40920285714284,7,290.8,True,False,False,27.04,21.34,0.56,-0.104,-0.8854560256532096,-0.4647231720437691,2009,award07,SWM,45.95
2009-09-06,275.37629428571427,7,400.88892,True,False,False,97.8,20.89428571428571,0.66,-0.103,-0.9350162426854147,-0.3546048870425359,2009,award07,SWM,36.76
2009-09-13,550.2619785714286,7,1120.1207,True,False,False,16.52,22.080000000000002,0.66,-0.103,-0.970941817426052,-0.23931566428755774,2009,award07,SWM,36.76
2009-09-20,789.5357671428571,7,1128.2534,True,False,False,74.22,22.0,0.66,-0.103,-0.992708874098054,-0.12053668025532357,2009,award07,SWM,36.76
2009-09-27,819.2113342857143,7,1289.0,True,False,False,37.26,22.062857142857144,0.66,-0.103,-1.0,-1.8369701987210297e-16,2009,award07,SWM,36.76
2009-10-04,395.6741857142857,7,513.5463,True,False,False,77.1,20.80857142857143,0.92,-0.013,-0.992708874098054,0.1205366802553232,2009,award07,NEM,20.22
2009-10-11,276.85384,7,344.59924,True,False,False,7.3,21.662857142857142,0.92,-0.013,-0.9709418174260521,0.23931566428755738,2009,award07,NEM,20.22
2009-10-18,411.28898571428573,7,635.6872,True,False,False,30.36,21.988571428571426,0.92,-0.013,-0.9350162426854148,0.35460488704253557,2009,award07,NEM,20.22
2009-10-25,215.22552857142858,7,257.7442,True,False,False,0.8999999999999999,22.217142857142854,0.92,-0.013,-0.8854560256532101,0.464723172043768,2009,award07,NEM,20.22
2009-11-01,209.48445857142858,7,223.70837,True,False,False,8.38,22.53714285714286,1.31,-0.067,-0.822983865893657,0.5680647467311548,2009,award07,NEM,13.78
2009-11-08,207.95071285714286,7,254.14772,True,False,False,67.3,21.759999999999998,1.31,-0.067,-0.7485107481711011,0.6631226582407953,2009,award07,NEM,13.78
2009-11-15,308.16524571428573,7,412.29056,True,False,False,73.02000000000001,21.37142857142857,1.31,-0.067,-0.6631226582407956,0.7485107481711007,2009,award07,NEM,13.78
2009-11-22,247.87447285714285,7,283.82285,True,False,False,30.28,21.58857142857143,1.31,-0.067,-0.5680647467311559,0.8229838658936564,2009,award07,NEM,13.78
2009-11-29,207.33816142857145,7,247.83134,True,False,False,6.159999999999999,21.18285714285714,1.31,-0.067,-0.4647231720437684,0.88545602565321,2009,award07,NEM,13.78
2009-12-06,150.09921,7,182.9,True,False,False,15.780000000000001,21.145714285714288,1.5,0.16,-0.35460488704253595,0.9350162426854147,2009,award07,NEM,7.35
2009-12-13,139.77723657142857,7,162.28406,True,False,False,0.02,19.934285714285714,1.5,0.16,-0.2393156642875578,0.970941817426052,2009,award07,NEM,7.35
2009-12-20,112.10921799999998,7,129.81696,True,False,False,12.84,21.46857142857143,1.5,0.16,-0.12053668025532363,0.992708874098054,2009,award07,NEM,7.35
2009-12-27,98.52088857142857,7,107.2,True,False,False,14.420000000000002,21.648571428571426,1.5,0.16,6.432490598706546e-16,1.0,2009,award07,NEM,7.35
2010-01-03,112.43642142857142,7,141.23763,True,False,False,21.42,21.014285714285712,1.47,0.294,0.12053668025532314,0.992708874098054,2009,award07,inter,2.76
2010-01-10,67.665678,7,80.69715,True,False,False,0.6799999999999999,20.900000000000002,1.47,0.294,0.12053668025532305,0.992708874098054,2009,award07,inter,2.76
2010-01-17,43.24754,7,51.58102,True,False,False,11.0,21.939999999999998,1.47,0.294,0.23931566428755774,0.970941817426052,2009,award07,inter,2.76
2010-01-24,47.657353428571426,7,55.98,True,False,False,0.06,21.06,1.47,0.294,0.3546048870425356,0.9350162426854148,2009,award07,inter,2.76
2010-01-31,49.68468128571429,7,59.026928,True,False,False,0.06,21.52285714285714,1.47,0.294,0.4647231720437685,0.8854560256532099,2009,award07,inter,2.76
2010-02-07,43.36961014285714,7,53.032658,True,False,False,0.0,21.560000000000002,1.21,0.023,0.5680647467311558,0.8229838658936564,2009,award07,inter,2.2
2010-02-14,31.417229142857142,7,42.163277,True,False,False,0.52,23.52285714285714,1.21,0.023,0.6631226582407952,0.7485107481711011,2009,award07,inter,2.2
2010-02-21,36.60854085714286,7,57.8,True,False,False,0.02,25.0,1.21,0.023,0.7485107481711011,0.6631226582407953,2009,award07,inter,2.2
2010-02-28,51.41777442857143,7,58.12337,True,False,False,2.74,24.90285714285714,1.21,0.023,0.8229838658936564,0.5680647467311558,2009,award07,inter,2.2
2010-03-07,43.493924,7,48.06,True,False,False,0.18,25.099999999999998,0.88,0.458,0.8854560256532098,0.4647231720437686,2009,award07,inter,2.2
2010-03-14,40.136417,7,50.88766,True,False,False,0.0,26.514285714285712,0.88,0.458,0.9350162426854148,0.35460488704253557,2009,award07,inter,2.2
2010-03-21,44.88464328571428,7,58.17122,True,False,False,1.94,26.217142857142857,0.88,0.458,0.970941817426052,0.23931566428755804,2009,award07,inter,2.2
2010-03-28,55.28991014285714,7,67.47612,True,False,False,1.88,26.482857142857142,0.88,0.458,0.992708874098054,0.120536680255323,2009,award07,inter,2.2
2010-04-04,62.93393342857143,7,99.26084,True,False,False,7.180000000000001,26.05142857142857,0.38,0.37,1.0,-1.6081226496766366e-16,2009,award07,inter,2.2
2010-04-11,63.33442328571429,7,75.00913,True,False,False,4.04,27.454285714285714,0.38,0.37,0.992708874098054,-0.12053668025532288,2009,award07,inter,2.2
2010-04-18,69.45362857142858,7,103.5101,True,False,False,33.64,25.885714285714283,0.38,0.37,0.9709418174260521,-0.2393156642875575,2009,award07,inter,2.2
2010-04-25,73.98008,7,100.20015,True,False,False,25.200000000000003,25.18857142857143,0.38,0.37,0.9350162426854148,-0.35460488704253545,2009,award07,inter,2.2
2010-05-02,102.09252785714285,7,140.42148,True,False,False,42.58,24.98857142857143,-0.16,-0.029,0.8854560256532099,-0.4647231720437685,2009,award07,inter,2.2
2010-05-09,85.22697285714285,7,111.9478,True,False,False,30.58,25.165714285714284,-0.16,-0.029,0.8229838658936565,-0.5680647467311557,2009,award07,inter,2.2
2010-05-16,77.57570071428572,7,108.45238,True,False,False,21.060000000000002,25.919999999999998,-0.16,-0.029,0.7485107481711013,-0.6631226582407951,2009,award07,inter,2.2
2010-05-23,91.338934,7,143.27306,True,False,False,25.96,24.214285714285715,-0.16,-0.029,0.6631226582407952,-0.7485107481711012,2009,award07,inter,2.2
2010-05-30,79.90736657142858,7,104.29042,True,False,False,9.5,24.677142857142858,-0.16,-0.029,0.5680647467311558,-0.8229838658936564,2009,award07,inter,2.2
2010-06-06,136.13509085714287,7,220.30505,True,False,False,35.5,24.17142857142857,-0.66,-0.14,0.46472317204376906,-0.8854560256532096,2010,award07,SWM,9.19
2010-06-13,137.17818,7,192.28133,True,False,False,96.22,22.351428571428574,-0.66,-0.14,0.35460488704253584,-0.9350162426854147,2010,award07,SWM,9.19
2010-06-20,63.95950342857143,7,85.082306,True,False,False,76.52,22.060000000000002,-0.66,-0.14,0.23931566428755768,-0.970941817426052,2010,award07,SWM,9.19
2010-06-27,31.291589,7,39.442924,True,False,False,76.00000000000001,21.891428571428573,-0.66,-0.14,0.12053668025532308,-0.992708874098054,2010,award07,SWM,9.19
2010-07-04,28.57367842857143,7,32.84675,True,False,False,113.62,21.78857142857143,-0.98,-0.001,-3.216245299353273e-16,-1.0,2010,award07,SWM,31.24
2010-07-11,48.44224742857143,7,70.31,True,False,False,55.22,21.997142857142858,-0.98,-0.001,-0.12053668025532283,-0.992708874098054,2010,award07,SWM,31.24
2010-07-18,134.6356607142857,7,201.54596,True,False,False,77.66,21.63714285714286,-0.98,-0.001,-0.23931566428755743,-0.9709418174260521,2010,award07,SWM,31.24
2010-07-25,52.96574828571428,7,77.89,True,False,False,111.22,20.822857142857142,-0.98,-0.001,-0.3546048870425356,-0.9350162426854148,2010,award07,SWM,31.24
2010-08-01,265.65821857142856,7,595.8,True,False,False,127.74,20.625714285714285,-1.24,-0.061,-0.46472317204376806,-0.8854560256532101,2010,award07,SWM,45.95
2010-08-08,288.75354857142855,7,534.8219,True,False,False,34.480000000000004,21.594285714285714,-1.24,-0.061,-0.5680647467311556,-0.8229838658936565,2010,award07,SWM,45.95
2010-08-15,186.40865428571428,7,213.66042,True,False,False,31.16,22.24285714285714,-1.24,-0.061,-0.663122658240795,-0.7485107481711013,2010,award07,SWM,45.95
2010-08-22,155.57139785714284,7,273.6,True,False,False,69.22,21.465714285714284,-1.24,-0.061,-0.7485107481711011,-0.6631226582407952,2010,award07,SWM,45.95
2010-08-29,364.5489457142857,7,444.03326,True,False,False,83.86,21.302857142857142,-1.24,-0.061,-0.8229838658936564,-0.5680647467311559,2010,award07,SWM,45.95
2010-09-05,291.29935571428575,7,344.98044,True,False,False,34.28,21.314285714285713,-1.43,-0.267,-0.8854560256532096,-0.4647231720437691,2010,award07,SWM,36.76
2010-09-12,222.03842428571429,7,309.42307,True,False,False,38.14,21.451428571428572,-1.43,-0.267,-0.9350162426854147,-0.3546048870425359,2010,award07,SWM,36.76
2010-09-19,309.3935085714285,7,443.33197,True,False,False,17.400000000000002,21.577142857142857,-1.43,-0.267,-0.970941817426052,-0.23931566428755774,2010,award07,SWM,36.76
2010-09-26,271.75830428571425,7,482.32516,True,False,False,38.14,22.32,-1.43,-0.267,-0.992708874098054,-0.12053668025532357,2010,award07,SWM,36.76
2010-10-03,265.4289185714286,7,349.84473,True,False,False,61.34,22.442857142857143,-1.54,-0.437,-1.0,-1.8369701987210297e-16,2010,award07,NEM,20.22
2010-10-10,390.3619871428572,7,643.6956,True,False,False,34.42,22.26571428571429,-1.54,-0.437,-0.992708874098054,0.1205366802553232,2010,award07,NEM,20.22
2010-10-17,245.49960285714286,7,285.78568,True,False,False,31.52,21.374285714285715,-1.54,-0.437,-0.9709418174260521,0.23931566428755738,2010,award07,NEM,20.22
2010-10-24,175.04894,7,243.07443,True,False,False,49.92,21.397142857142857,-1.54,-0.437,-0.9350162426854148,0.35460488704253557,2010,award07,NEM,20.22
2010-10-31,403.68832857142854,7,971.5167,True,False,False,31.22,21.87142857142857,-1.54,-0.437,-0.8854560256532101,0.464723172043768,2010,award07,NEM,20.22
2010-11-07,874.2398985714286,7,1472.0,True,False,False,82.92,21.08857142857143,-1.57,-0.495,-0.822983865893657,0.5680647467311548,2010,award07,NEM,13.78
2010-11-14,997.1872371428572,7,1445.7509,True,False,False,46.04,21.59142857142857,-1.57,-0.495,-0.7485107481711011,0.6631226582407953,2010,award07,NEM,13.78
2010-11-21,483.2234828571428,7,735.56714,True,False,False,57.96,21.12,-1.57,-0.495,-0.6631226582407956,0.7485107481711007,2010,award07,NEM,13.78
2010-11-28,423.01242142857143,7,521.3163,True,False,False,17.22,20.65142857142857,-1.57,-0.495,-0.5680647467311559,0.8229838658936564,2010,award07,NEM,13.78
2010-12-05,306.09322857142854,7,329.9,True,False,False,4.98,20.385714285714283,-1.48,-0.212,-0.4647231720437684,0.88545602565321,2010,award07,NEM,7.35
2010-12-12,226.82840285714286,7,282.8003,True,False,False,1.5,20.077142857142857,-1.48,-0.212,-0.35460488704253595,0.9350162426854147,2010,award07,NEM,7.35
2010-12-19,151.07022714285716,7,170.6,True,False,False,4.5600000000000005,20.3,-1.48,-0.212,-0.2393156642875578,0.970941817426052,2010,award07,NEM,7.35
2010-12-26,135.38099,7,155.25464,True,False,False,0.62,19.711428571428574,-1.48,-0.212,-0.12053668025532363,0.992708874098054,2010,award07,NEM,7.35
2011-01-02,111.36766714285714,7,132.8975,True,False,False,0.72,20.34,-1.29,0.191,6.432490598706546e-16,1.0,2010,award07,inter,2.76
2011-01-09,73.98360957142857,7,92.66321,True,False,False,0.24000000000000002,21.397142857142857,-1.29,0.191,0.12053668025532305,0.992708874098054,2010,award07,inter,2.76
2011-01-16,51.440203142857136,7,63.949413,True,False,False,0.0,20.057142857142857,-1.29,0.191,0.23931566428755774,0.970941817426052,2010,award07,inter,2.76
2011-01-23,63.974799857142855,7,75.278946,True,False,False,0.0,21.085714285714285,-1.29,0.191,0.3546048870425356,0.9350162426854148,2010,award07,inter,2.76
2011-01-30,57.416366,7,68.42225,True,False,False,0.0,20.728571428571428,-1.29,0.191,0.4647231720437685,0.8854560256532099,2010,award07,inter,2.76
2011-02-06,73.75614228571429,7,84.55427,True,False,False,0.0,21.259999999999998,-1.06,0.241,0.5680647467311558,0.8229838658936564,2010,award07,inter,2.2
2011-02-13,32.848318285714285,7,59.64113,True,False,False,0.0,21.02285714285714,-1.06,0.241,0.6631226582407952,0.7485107481711011,2010,award07,inter,2.2
2011-02-20,33.321487857142856,7,61.239418,True,False,False,0.0,21.805714285714288,-1.06,0.241,0.7485107481711011,0.6631226582407953,2010,award07,inter,2.2
2011-02-27,85.08589400000001,7,151.79918,True,False,False,18.16,22.337142857142858,-1.06,0.241,0.8229838658936564,0.5680647467311558,2010,award07,inter,2.2
2011-03-06,84.36592357142857,7,96.87725,True,False,False,0.0,23.277142857142856,-0.85,0.367,0.8854560256532098,0.4647231720437686,2010,award07,inter,2.2
2011-03-13,57.79511442857143,7,78.96969,True,False,False,0.02,24.845714285714283,-0.85,0.367,0.9350162426854148,0.35460488704253557,2010,award07,inter,2.2
2011-03-20,59.47423042857143,7,78.698784,True,False,False,0.0,24.474285714285713,-0.85,0.367,0.970941817426052,0.23931566428755804,2010,award07,inter,2.2
2011-03-27,71.25792357142858,7,81.34114,True,False,False,4.199999999999999,24.851428571428574,-0.85,0.367,0.992708874098054,0.120536680255323,2010,award07,inter,2.2
2011-04-03,69.77117371428571,7,110.68733,True,False,False,4.58,25.08857142857143,-0.68,0.154,1.0,-1.6081226496766366e-16,2010,award07,inter,2.2
2011-04-10,64.12018314285714,7,74.06245,True,False,False,1.72,25.094285714285714,-0.68,0.154,0.992708874098054,-0.12053668025532288,2010,award07,inter,2.2
2011-04-17,69.43448,7,88.93107,True,False,False,22.56,24.791428571428575,-0.68,0.154,0.9709418174260521,-0.2393156642875575,2010,award07,inter,2.2
2011-04-24,145.123998,7,428.4,True,False,False,69.9,23.63714285714286,-0.68,0.154,0.9350162426854148,-0.35460488704253545,2010,award07,inter,2.2
2011-05-01,161.43723214285714,7,337.23523,True,False,False,15.02,24.36285714285714,-0.5,-0.089,0.8854560256532099,-0.4647231720437685,2010,award07,inter,2.2
2011-05-08,87.600097,7,105.75129,True,False,False,9.78,24.360000000000003,-0.5,-0.089,0.8229838658936565,-0.5680647467311557,2010,award07,inter,2.2
2011-05-15,99.09742342857143,7,105.85053,True,False,False,21.439999999999998,24.048571428571428,-0.5,-0.089,0.7485107481711013,-0.6631226582407951,2010,award07,inter,2.2
2011-05-22,120.45367357142858,7,179.0,True,False,False,13.94,24.434285714285718,-0.5,-0.089,0.6631226582407952,-0.7485107481711012,2010,award07,inter,2.2
2011-05-29,167.02804442857146,7,351.15985,True,False,False,39.56,23.874285714285715,-0.5,-0.089,0.5680647467311558,-0.8229838658936564,2010,award07,inter,2.2
2011-06-05,120.46265157142857,7,143.39333,True,False,False,106.56,22.414285714285715,-0.34,0.055,0.46472317204376906,-0.8854560256532096,2011,award07,SWM,9.19
2011-06-12,83.21093442857143,7,101.69872,True,False,False,32.12,22.257142857142856,-0.34,0.055,0.35460488704253584,-0.9350162426854147,2011,award07,SWM,9.19
2011-06-19,74.78393628571429,7,89.85,True,False,False,68.55999999999999,21.262857142857143,-0.34,0.055,0.23931566428755768,-0.970941817426052,2011,award07,SWM,9.19
2011-06-26,103.49005,7,119.47355,True,False,False,26.7,21.974285714285713,-0.34,0.055,0.12053668025532308,-0.992708874098054,2011,award07,SWM,9.19
2011-07-03,217.63653142857143,7,348.62195,True,False,False,65.66,21.542857142857144,-0.37,0.223,-3.216245299353273e-16,-1.0,2011,award07,SWM,31.24
2011-07-10,201.8301557142857,7,240.39656,True,False,False,60.900000000000006,21.537142857142857,-0.37,0.223,-0.12053668025532283,-0.992708874098054,2011,award07,SWM,31.24
2011-07-17,183.13861428571428,7,229.42516,True,False,False,105.06,21.005714285714284,-0.37,0.223,-0.23931566428755743,-0.9709418174260521,2011,award07,SWM,31.24
2011-07-24,531.4741700000001,7,845.23724,True,False,False,66.26,21.277142857142856,-0.37,0.223,-0.3546048870425356,-0.9350162426854148,2011,award07,SWM,31.24
2011-07-31,404.5994285714286,7,494.13965,True,False,False,84.34,20.965714285714284,-0.37,0.223,-0.46472317204376806,-0.8854560256532101,2011,award07,SWM,31.24
2011-08-07,236.5484214285714,7,314.9,True,False,False,129.26,20.771428571428572,-0.5,0.344,-0.5680647467311556,-0.8229838658936565,2011,award07,SWM,45.95
2011-08-14,604.4160242857142,7,895.9134,True,False,False,31.96,21.631428571428568,-0.5,0.344,-0.663122658240795,-0.7485107481711013,2011,award07,SWM,45.95
2011-08-21,393.79044000000005,7,595.6605,True,False,False,109.36,20.948571428571427,-0.5,0.344,-0.7485107481711011,-0.6631226582407952,2011,award07,SWM,45.95
2011-08-28,348.90697857142857,7,411.2,True,False,False,43.52,21.34,-0.5,0.344,-0.8229838658936564,-0.5680647467311559,2011,award07,SWM,45.95
2011-09-04,773.4254914285714,7,1754.2363,True,False,False,171.24,20.731428571428573,-0.76,0.202,-0.8854560256532096,-0.4647231720437691,2011,award07,SWM,36.76
2011-09-11,1095.6379,7,1888.0818,True,False,False,18.46,21.68,-0.76,0.202,-0.9350162426854147,-0.3546048870425359,2011,award07,SWM,36.76
2011-09-18,417.43494714285714,7,458.76624,True,False,False,62.059999999999995,21.39142857142857,-0.76,0.202,-0.970941817426052,-0.23931566428755774,2011,award07,SWM,36.76
2011-09-25,320.8494028571428,7,364.76913,True,False,False,10.24,21.562857142857144,-0.76,0.202,-0.992708874098054,-0.12053668025532357,2011,award07,SWM,36.76
2011-10-02,264.9800014285714,7,288.76904,True,False,False,6.140000000000001,22.574285714285715,-0.94,0.356,-1.0,-1.8369701987210297e-16,2011,award07,NEM,20.22
2011-10-09,313.9575314285715,7,465.69003,True,False,False,13.62,22.382857142857144,-0.94,0.356,-0.992708874098054,0.1205366802553232,2011,award07,NEM,20.22
2011-10-16,440.34753714285716,7,666.06573,True,False,False,73.25999999999999,21.857142857142858,-0.94,0.356,-0.9709418174260521,0.23931566428755738,2011,award07,NEM,20.22
2011-10-23,288.8930842857143,7,385.9,True,False,False,33.800000000000004,22.240000000000002,-0.94,0.356,-0.9350162426854148,0.35460488704253557,2011,award07,NEM,20.22
2011-10-30,379.22558714285714,7,501.5,True,False,False,58.92,21.611428571428572,-0.94,0.356,-0.8854560256532101,0.464723172043768,2011,award07,NEM,20.22
2011-11-06,536.8137414285715,7,928.6,True,False,False,83.4,21.214285714285715,-1.02,0.336,-0.822983865893657,0.5680647467311548,2011,award07,NEM,13.78
2011-11-13,397.19644714285715,7,580.3,True,False,False,2.14,20.52857142857143,-1.02,0.336,-0.7485107481711011,0.6631226582407953,2011,award07,NEM,13.78
2011-11-20,244.46956714285713,7,288.38766,True,False,False,0.12000000000000001,20.454285714285714,-1.02,0.336,-0.6631226582407956,0.7485107481711007,2011,award07,NEM,13.78
2011-11-27,233.60035428571427,7,254.6,True,False,False,24.380000000000003,20.48,-1.02,0.336,-0.5680647467311559,0.8229838658936564,2011,award07,NEM,13.78
2011-12-04,320.0662071428571,7,512.3299,True,False,False,8.46,21.759999999999998,-0.92,-0.128,-0.4647231720437684,0.88545602565321,2011,award07,NEM,7.35
2011-12-11,177.0716,7,213.98752,True,False,False,0.48,20.502857142857145,-0.92,-0.128,-0.35460488704253595,0.9350162426854147,2011,award07,NEM,7.35
2011-12-18,124.735965,7,129.99405,True,False,False,0.06,20.214285714285715,-0.92,-0.128,-0.2393156642875578,0.970941817426052,2011,award07,NEM,7.35
2011-12-25,117.94557928571429,7,121.39437,True,False,False,0.0,19.037142857142857,-0.92,-0.128,-0.12053668025532363,0.992708874098054,2011,award07,NEM,7.35
2012-01-01,97.86941771428572,7,104.63305,True,False,False,2.54,20.017142857142858,-0.71,0.046,6.432490598706546e-16,1.0,2011,award07,inter,2.76
2012-01-08,75.71768671428572,7,95.90505,True,False,False,0.0,21.537142857142857,-0.71,0.046,0.12053668025532305,0.992708874098054,2011,award07,inter,2.76
2012-01-15,45.257807571428565,7,55.940422,True,False,False,0.08,21.0,-0.71,0.046,0.23931566428755774,0.970941817426052,2011,award07,inter,2.76
2012-01-22,51.57048042857143,7,60.28,True,False,False,0.0,20.337142857142858,-0.71,0.046,0.3546048870425356,0.9350162426854148,2011,award07,inter,2.76
2012-01-29,56.30607642857143,7,60.328583,True,False,False,0.0,20.782857142857143,-0.71,0.046,0.4647231720437685,0.8854560256532099,2011,award07,inter,2.76
2012-02-05,49.317411,7,55.183384,True,False,False,0.0,21.442857142857143,-0.56,-0.078,0.5680647467311558,0.8229838658936564,2011,award07,inter,2.2
2012-02-12,53.39535428571428,7,60.286133,True,False,False,0.9199999999999999,23.639999999999997,-0.56,-0.078,0.6631226582407952,0.7485107481711011,2011,award07,inter,2.2
2012-02-19,46.50406457142857,7,54.776894,True,False,False,0.0,23.382857142857144,-0.56,-0.078,0.7485107481711011,0.6631226582407953,2011,award07,inter,2.2
2012-02-26,52.24318571428571,7,56.14,True,False,False,0.0,23.59714285714286,-0.56,-0.078,0.8229838658936564,0.5680647467311558,2011,award07,inter,2.2
2012-03-04,55.86357642857143,7,59.85297,True,False,False,0.0,24.51142857142857,-0.44,0.026,0.8854560256532098,0.4647231720437686,2011,award07,inter,2.2
2012-03-11,61.16702671428572,7,64.77396,True,False,False,0.02,24.345714285714283,-0.44,0.026,0.9350162426854148,0.35460488704253557,2011,award07,inter,2.2
2012-03-18,49.107102000000005,7,65.839836,True,False,False,0.48,25.94857142857143,-0.44,0.026,0.970941817426052,0.23931566428755804,2011,award07,inter,2.2
2012-03-25,40.19089828571429,7,44.54322,True,False,False,0.30000000000000004,25.994285714285716,-0.44,0.026,0.992708874098054,0.120536680255323,2011,award07,inter,2.2
2012-04-01,41.184262571428576,7,64.58,True,False,False,0.6000000000000001,25.48857142857143,-0.35,-0.271,1.0,-1.6081226496766366e-16,2011,award07,inter,2.2
2012-04-08,65.01222085714286,7,70.56,True,False,False,7.34,25.419999999999998,-0.35,-0.271,0.992708874098054,-0.12053668025532288,2011,award07,inter,2.2
2012-04-15,60.19118528571429,7,68.77131,True,False,False,11.48,25.542857142857144,-0.35,-0.271,0.9709418174260521,-0.2393156642875575,2011,award07,inter,2.2
2012-04-22,53.318298142857145,7,73.93029,True,False,False,24.96,25.465714285714288,-0.35,-0.271,0.9350162426854148,-0.35460488704253545,2011,award07,inter,2.2
2012-04-29,86.58796114285714,7,166.8,True,False,False,88.28,23.922857142857143,-0.35,-0.271,0.8854560256532099,-0.4647231720437685,2011,award07,inter,2.2
2012-05-06,71.94784871428571,7,128.12238,True,False,False,3.94,23.794285714285714,-0.18,-0.37,0.8229838658936565,-0.5680647467311557,2011,award07,inter,2.2
2012-05-13,53.121649857142856,7,78.44,True,False,False,26.759999999999998,23.822857142857142,-0.18,-0.37,0.7485107481711013,-0.6631226582407951,2011,award07,inter,2.2
2012-05-20,90.95053728571429,7,121.652916,True,False,False,14.14,24.56,-0.18,-0.37,0.6631226582407952,-0.7485107481711012,2011,award07,inter,2.2
2012-05-27,47.936682857142856,7,56.7291,True,False,False,7.58,24.205714285714286,-0.18,-0.37,0.5680647467311558,-0.8229838658936564,2011,award07,inter,2.2
2012-06-03,56.926429285714285,7,59.510082,True,False,False,10.48,24.12,0.03,0.0,0.46472317204376906,-0.8854560256532096,2012,award07,SWM,9.19
2012-06-10,38.98025857142857,7,44.715298,True,False,False,31.4,22.76571428571429,0.03,0.0,0.35460488704253584,-0.9350162426854147,2012,award07,SWM,9.19
2012-06-17,42.31804614285714,7,52.802322,True,False,False,64.12,22.2,0.03,0.0,0.23931566428755768,-0.970941817426052,2012,award07,SWM,9.19
2012-06-24,47.78505685714286,7,53.2188,True,False,False,63.019999999999996,21.502857142857145,0.03,0.0,0.12053668025532308,-0.992708874098054,2012,award07,SWM,9.19
2012-07-01,46.231815,7,52.248524,True,False,False,70.96000000000001,21.162857142857142,0.28,0.546,-3.216245299353273e-16,-1.0,2012,award07,SWM,31.24
2012-07-08,45.35133514285714,7,54.462414,True,False,False,46.68,21.53142857142857,0.28,0.546,-0.12053668025532283,-0.992708874098054,2012,award07,SWM,31.24
2012-07-15,51.159715,7,56.19389,True,False,False,48.760000000000005,21.7,0.28,0.546,-0.23931566428755743,-0.9709418174260521,2012,award07,SWM,31.24
2012-07-22,44.36168685714286,7,50.77944,True,False,False,44.72,21.47714285714286,0.28,0.546,-0.3546048870425356,-0.9350162426854148,2012,award07,SWM,31.24
2012-07-29,36.665879857142855,7,39.876617,True,False,False,25.14,21.648571428571426,0.28,0.546,-0.46472317204376806,-0.8854560256532101,2012,award07,SWM,31.24
2012-08-05,43.40551814285714,7,54.250454,True,False,False,18.38,21.357142857142858,0.39,0.652,-0.5680647467311556,-0.8229838658936565,2012,award07,SWM,45.95
2012-08-12,135.38790257142858,7,454.7727,True,False,False,157.6,20.708571428571428,0.39,0.652,-0.663122658240795,-0.7485107481711013,2012,award07,SWM,45.95
2012-08-19,194.91550928571428,7,313.1724,True,False,False,28.460000000000004,21.50857142857143,0.39,0.652,-0.7485107481711011,-0.6631226582407952,2012,award07,SWM,45.95
2012-08-26,86.80958871428571,7,152.85782,True,False,False,49.580000000000005,21.602857142857143,0.39,0.652,-0.8229838658936564,-0.5680647467311559,2012,award07,SWM,45.95
2012-09-02,101.23927214285713,7,117.0,True,False,False,136.82,20.445714285714285,0.37,0.453,-0.8854560256532096,-0.4647231720437691,2012,award07,SWM,36.76
2012-09-09,199.15923142857145,7,230.17372,True,False,False,52.040000000000006,21.314285714285713,0.37,0.453,-0.9350162426854147,-0.3546048870425359,2012,award07,SWM,36.76
2012-09-16,281.08104142857144,7,359.9578,True,False,False,20.82,21.59142857142857,0.37,0.453,-0.970941817426052,-0.23931566428755774,2012,award07,SWM,36.76
2012-09-23,326.24744142857145,7,414.56848,True,False,False,2.2600000000000002,21.994285714285716,0.37,0.453,-0.992708874098054,-0.12053668025532357,2012,award07,SWM,36.76
2012-09-30,134.91119714285713,7,209.21658,True,False,False,23.16,22.24285714285714,0.37,0.453,-1.0,-1.8369701987210297e-16,2012,award07,SWM,36.76
2012-10-07,378.76988714285716,7,861.78674,True,False,False,10.6,21.954285714285714,0.28,0.11,-0.992708874098054,0.1205366802553232,2012,award07,NEM,20.22
2012-10-14,294.60480085714283,7,639.02875,True,False,False,33.72,22.731428571428573,0.28,0.11,-0.9709418174260521,0.23931566428755738,2012,award07,NEM,20.22
2012-10-21,220.10269428571428,7,476.79208,True,False,False,52.44,21.68285714285714,0.28,0.11,-0.9350162426854148,0.35460488704253557,2012,award07,NEM,20.22
2012-10-28,88.21840871428572,7,100.547554,True,False,False,7.340000000000001,21.75142857142857,0.28,0.11,-0.8854560256532101,0.464723172043768,2012,award07,NEM,20.22
2012-11-04,195.56840428571428,7,385.927,True,False,False,82.72,20.75714285714286,0.13,-0.099,-0.822983865893657,0.5680647467311548,2012,award07,NEM,13.78
2012-11-11,89.96567285714286,7,118.96257,True,False,False,5.68,22.131428571428568,0.13,-0.099,-0.7485107481711011,0.6631226582407953,2012,award07,NEM,13.78
2012-11-18,114.36263728571429,7,138.6859,True,False,False,0.08,20.185714285714287,0.13,-0.099,-0.6631226582407956,0.7485107481711007,2012,award07,NEM,13.78
2012-11-25,105.26821357142856,7,125.179276,True,False,False,8.139999999999999,21.608571428571427,0.13,-0.099,-0.5680647467311559,0.8229838658936564,2012,award07,NEM,13.78
2012-12-02,117.02633900000001,7,133.1048,True,False,False,0.0,21.511428571428574,-0.03,0.267,-0.4647231720437684,0.88545602565321,2012,award07,NEM,7.35
2012-12-09,162.72293857142859,7,416.26608,True,False,False,11.919999999999998,21.65142857142857,-0.03,0.267,-0.35460488704253595,0.9350162426854147,2012,award07,NEM,7.35
2012-12-16,206.929958,7,618.64703,True,False,False,0.0,21.462857142857143,-0.03,0.267,-0.2393156642875578,0.970941817426052,2012,award07,NEM,7.35
2012-12-23,89.250235,7,104.21963,True,False,False,0.0,21.302857142857142,-0.03,0.267,-0.12053668025532363,0.992708874098054,2012,award07,NEM,7.35
2012-12-30,73.97460542857142,7,85.12042,True,False,False,1.1800000000000002,21.925714285714285,-0.03,0.267,6.432490598706546e-16,1.0,2012,award07,NEM,7.35
2013-01-06,68.64615171428571,7,84.43035,True,False,False,0.02,23.465714285714284,-0.24,-0.065,0.12053668025532305,0.992708874098054,2012,award07,inter,2.76
2013-01-13,40.97700114285714,7,49.74593,True,False,False,0.0,22.602857142857143,-0.24,-0.065,0.23931566428755774,0.970941817426052,2012,award07,inter,2.76
2013-01-20,46.681759428571425,7,55.09,True,False,False,0.0,21.419999999999998,-0.24,-0.065,0.3546048870425356,0.9350162426854148,2012,award07,inter,2.76
2013-01-27,34.36845242857143,7,36.38,True,False,False,0.0,21.442857142857143,-0.24,-0.065,0.4647231720437685,0.8854560256532099,2012,award07,inter,2.76
2013-02-03,29.650318714285714,7,31.871536,True,False,False,0.0,21.814285714285713,-0.28,0.189,0.5680647467311558,0.8229838658936564,2012,award07,inter,2.2
2013-02-10,27.989231999999998,7,30.450886,True,False,False,1.04,23.12857142857143,-0.28,0.189,0.6631226582407952,0.7485107481711011,2012,award07,inter,2.2
2013-02-17,52.03041785714286,7,98.064156,True,False,False,12.479999999999999,23.31142857142857,-0.28,0.189,0.7485107481711011,0.6631226582407953,2012,award07,inter,2.2
2013-02-24,91.34866357142857,7,132.5808,True,False,False,1.06,24.10857142857143,-0.28,0.189,0.8229838658936564,0.5680647467311558,2012,award07,inter,2.2
2013-03-03,29.85812457142857,7,33.22094,True,False,False,0.02,24.148571428571426,-0.23,0.083,0.8854560256532098,0.4647231720437686,2012,award07,inter,2.2
2013-03-10,25.10478257142857,7,28.437635,True,False,False,9.0,24.577142857142857,-0.23,0.083,0.9350162426854148,0.35460488704253557,2012,award07,inter,2.2
2013-03-17,29.810179285714288,7,39.50858,True,False,False,10.5,24.84857142857143,-0.23,0.083,0.970941817426052,0.23931566428755804,2012,award07,inter,2.2
2013-03-24,19.97621271428571,7,24.459898,True,False,False,1.9000000000000001,25.46857142857143,-0.23,0.083,0.992708874098054,0.120536680255323,2012,award07,inter,2.2
2013-03-31,19.879142357142857,7,27.701044,True,False,False,3.6199999999999997,25.662857142857142,-0.23,0.083,1.0,-1.6081226496766366e-16,2012,award07,inter,2.2
2013-04-07,20.866908857142857,7,23.983192,True,False,False,6.119999999999999,25.83142857142857,-0.2,-0.297,0.992708874098054,-0.12053668025532288,2012,award07,inter,2.2
2013-04-14,29.44513785714286,7,36.60849,True,False,False,4.92,26.268571428571427,-0.2,-0.297,0.9709418174260521,-0.2393156642875575,2012,award07,inter,2.2
2013-04-21,23.073465571428574,7,27.886929,True,False,False,1.18,25.557142857142857,-0.2,-0.297,0.9350162426854148,-0.35460488704253545,2012,award07,inter,2.2
2013-04-28,17.516491285714284,7,18.645998,True,False,False,17.22,25.34857142857143,-0.2,-0.297,0.8854560256532099,-0.4647231720437685,2012,award07,inter,2.2
2013-05-05,16.107351,7,19.09,True,False,False,11.36,25.962857142857143,-0.3,-0.506,0.8229838658936565,-0.5680647467311557,2012,award07,inter,2.2
2013-05-12,17.12073235714286,7,20.115168,True,False,False,12.68,25.24857142857143,-0.3,-0.506,0.7485107481711013,-0.6631226582407951,2012,award07,inter,2.2
2013-05-19,18.54349557142857,7,25.932129,True,False,False,14.36,24.842857142857145,-0.3,-0.506,0.6631226582407952,-0.7485107481711012,2012,award07,inter,2.2
2013-05-26,15.738986428571428,7,21.43,True,False,False,18.78,24.431428571428572,-0.3,-0.506,0.5680647467311558,-0.8229838658936564,2012,award07,inter,2.2
2013-06-02,25.618498,7,54.395126,True,False,False,156.84,21.914285714285715,-0.38,-0.497,0.46472317204376906,-0.8854560256532096,2013,award07,SWM,9.19
2013-06-09,22.669398857142856,7,26.510426,True,False,False,63.18,21.53142857142857,-0.38,-0.497,0.35460488704253584,-0.9350162426854147,2013,award07,SWM,9.19
2013-06-16,20.28802742857143,7,23.276974,True,False,False,91.54,21.02285714285714,-0.38,-0.497,0.23931566428755768,-0.970941817426052,2013,award07,SWM,9.19
2013-06-23,19.767989857142855,7,22.787659,True,False,False,131.94,20.791428571428572,-0.38,-0.497,0.12053668025532308,-0.992708874098054,2013,award07,SWM,9.19
2013-06-30,454.6828694285714,7,978.69556,True,False,False,66.03999999999999,21.214285714285715,-0.38,-0.497,-3.216245299353273e-16,-1.0,2013,award07,SWM,9.19
2013-07-07,436.20989285714285,7,1240.474,True,False,False,55.339999999999996,21.122857142857146,-0.45,-0.181,-0.12053668025532283,-0.992708874098054,2013,award07,SWM,31.24
2013-07-14,555.4536371428571,7,997.11505,True,False,False,65.54,20.70285714285714,-0.45,-0.181,-0.23931566428755743,-0.9709418174260521,2013,award07,SWM,31.24
2013-07-21,538.6361842857143,7,834.60504,True,False,False,93.52,20.754285714285714,-0.45,-0.181,-0.3546048870425356,-0.9350162426854148,2013,award07,SWM,31.24
2013-07-28,1218.8760914285715,7,2246.0,True,False,False,97.5,20.502857142857145,-0.45,-0.181,-0.46472317204376806,-0.8854560256532101,2013,award07,SWM,31.24
2013-08-04,1778.8964199999998,7,3346.0,True,False,False,78.44,20.82,-0.34,-0.194,-0.5680647467311556,-0.8229838658936565,2013,award07,SWM,45.95
2013-08-11,1427.4234914285714,7,3414.0,True,False,False,38.06,20.98857142857143,-0.34,-0.194,-0.663122658240795,-0.7485107481711013,2013,award07,SWM,45.95
2013-08-18,382.68775999999997,7,421.39545,True,False,False,44.48,21.037142857142857,-0.34,-0.194,-0.7485107481711011,-0.6631226582407952,2013,award07,SWM,45.95
2013-08-25,310.7114485714286,7,336.7057,True,False,False,22.54,21.222857142857144,-0.34,-0.194,-0.8229838658936564,-0.5680647467311559,2013,award07,SWM,45.95
2013-09-01,288.52259999999995,7,380.5,True,False,False,25.54,22.237142857142857,-0.32,-0.31,-0.8854560256532096,-0.4647231720437691,2013,award07,SWM,36.76
2013-09-08,376.50908571428573,7,505.6976,True,False,False,79.6,21.18857142857143,-0.32,-0.31,-0.9350162426854147,-0.3546048870425359,2013,award07,SWM,36.76
2013-09-15,501.44476142857144,7,689.3352,True,False,False,47.0,21.25714285714286,-0.32,-0.31,-0.970941817426052,-0.23931566428755774,2013,award07,SWM,36.76
2013-09-22,242.72214,7,357.21875,True,False,False,50.739999999999995,21.554285714285715,-0.32,-0.31,-0.992708874098054,-0.12053668025532357,2013,award07,SWM,36.76
2013-09-29,282.4229057142857,7,570.04865,True,False,False,4.54,21.69142857142857,-0.32,-0.31,-1.0,-1.8369701987210297e-16,2013,award07,SWM,36.76
2013-10-06,201.56314999999998,7,286.36044,True,False,False,22.72,21.302857142857142,-0.14,-0.168,-0.992708874098054,0.1205366802553232,2013,award07,NEM,20.22
2013-10-13,184.43870142857142,7,214.86165,True,False,False,24.08,21.554285714285715,-0.14,-0.168,-0.9709418174260521,0.23931566428755738,2013,award07,NEM,20.22
2013-10-20,226.79995428571428,7,307.75534,True,False,False,36.18,21.951428571428572,-0.14,-0.168,-0.9350162426854148,0.35460488704253557,2013,award07,NEM,20.22
2013-10-27,359.6827857142857,7,491.7643,True,False,False,26.82,21.557142857142857,-0.14,-0.168,-0.8854560256532101,0.464723172043768,2013,award07,NEM,20.22
2013-11-03,191.7869442857143,7,216.72998,True,False,False,5.02,22.08571428571429,-0.12,0.199,-0.822983865893657,0.5680647467311548,2013,award07,NEM,13.78
2013-11-10,208.54241,7,234.47131,True,False,False,4.3999999999999995,21.574285714285715,-0.12,0.199,-0.7485107481711011,0.6631226582407953,2013,award07,NEM,13.78
2013-11-17,190.54905285714287,7,227.1,True,False,False,2.8,21.02285714285714,-0.12,0.199,-0.6631226582407956,0.7485107481711007,2013,award07,NEM,13.78
2013-11-24,250.43666714285715,7,310.79376,True,False,False,6.339999999999999,21.714285714285715,-0.12,0.199,-0.5680647467311559,0.8229838658936564,2013,award07,NEM,13.78
2013-12-01,261.74643285714285,7,529.6743,True,False,False,6.08,22.382857142857144,-0.11,0.141,-0.4647231720437684,0.88545602565321,2013,award07,NEM,7.35
2013-12-08,113.12438871428571,7,127.5178,True,False,False,3.0,21.18,-0.11,0.141,-0.35460488704253595,0.9350162426854147,2013,award07,NEM,7.35
2013-12-15,79.09704057142858,7,88.82343,True,False,False,0.12,21.46857142857143,-0.11,0.141,-0.2393156642875578,0.970941817426052,2013,award07,NEM,7.35
2013-12-22,72.23367571428571,7,77.98986,True,False,False,0.0,19.83142857142857,-0.11,0.141,-0.12053668025532363,0.992708874098054,2013,award07,NEM,7.35
2013-12-29,65.111149,7,70.41774,True,False,False,0.0,20.0,-0.11,0.141,6.432490598706546e-16,1.0,2013,award07,NEM,7.35
2014-01-05,61.65608028571428,7,69.58508,True,False,False,0.0,20.445714285714285,-0.24,-0.101,0.12053668025532305,0.992708874098054,2013,award07,inter,2.76
2014-01-12,43.548111428571424,7,58.547108,True,False,False,0.0,21.75714285714286,-0.24,-0.101,0.23931566428755774,0.970941817426052,2013,award07,inter,2.76
2014-01-19,32.245061285714286,7,34.528854,True,False,False,1.56,22.205714285714286,-0.24,-0.101,0.3546048870425356,0.9350162426854148,2013,award07,inter,2.76
2014-01-26,36.82566142857143,7,39.608185,True,False,False,0.0,21.614285714285717,-0.24,-0.101,0.4647231720437685,0.8854560256532099,2013,award07,inter,2.76
2014-02-02,36.15508914285714,7,47.994633,True,False,False,0.0,21.46,-0.21,-0.089,0.5680647467311558,0.8229838658936564,2013,award07,inter,2.2
2014-02-09,23.669179285714286,7,29.6649,True,False,False,0.04,22.382857142857144,-0.21,-0.089,0.6631226582407952,0.7485107481711011,2013,award07,inter,2.2
2014-02-16,17.478743285714284,7,19.276438,True,False,False,0.84,22.431428571428572,-0.21,-0.089,0.7485107481711011,0.6631226582407953,2013,award07,inter,2.2
2014-02-23,25.879112,7,41.25,True,False,False,2.9000000000000004,23.18,-0.21,-0.089,0.8229838658936564,0.5680647467311558,2013,award07,inter,2.2
2014-03-02,37.07381157142857,7,42.044476,True,False,False,5.42,23.47142857142857,-0.02,-0.151,0.8854560256532098,0.4647231720437686,2013,award07,inter,2.2
2014-03-09,30.529343285714283,7,39.68455,True,False,False,5.04,23.514285714285712,-0.02,-0.151,0.9350162426854148,0.35460488704253557,2013,award07,inter,2.2
2014-03-16,22.920921857142854,7,26.896908,True,False,False,0.6200000000000001,24.565714285714286,-0.02,-0.151,0.970941817426052,0.23931566428755804,2013,award07,inter,2.2
2014-03-23,33.081112000000005,7,57.07,True,False,False,0.7,25.877142857142854,-0.02,-0.151,0.992708874098054,0.120536680255323,2013,award07,inter,2.2
2014-03-30,47.52269028571429,7,54.266106,True,False,False,0.08,26.365714285714287,-0.02,-0.151,1.0,-1.6081226496766366e-16,2013,award07,inter,2.2
2014-04-06,31.74713542857143,7,42.45,True,False,False,3.04,26.805714285714284,0.25,-0.058,0.992708874098054,-0.12053668025532288,2013,award07,inter,2.2
2014-04-13,23.13669642857143,7,47.47,True,False,False,16.6,25.162857142857145,0.25,-0.058,0.9709418174260521,-0.2393156642875575,2013,award07,inter,2.2
2014-04-20,43.89346657142857,7,52.83,True,False,False,23.919999999999998,24.52285714285714,0.25,-0.058,0.9350162426854148,-0.35460488704253545,2013,award07,inter,2.2
2014-04-27,62.472213857142854,7,73.27934,True,False,False,18.06,26.24857142857143,0.25,-0.058,0.8854560256532099,-0.4647231720437685,2013,award07,inter,2.2
2014-05-04,49.641236428571425,7,67.4897,True,False,False,34.82,25.46,0.35,-0.092,0.8229838658936565,-0.5680647467311557,2013,award07,inter,2.2
2014-05-11,58.268088285714285,7,92.48,True,False,False,127.12,23.291428571428572,0.35,-0.092,0.7485107481711013,-0.6631226582407951,2013,award07,inter,2.2
2014-05-18,43.26940214285714,7,71.14125,True,False,False,2.7000000000000006,24.282857142857143,0.35,-0.092,0.6631226582407952,-0.7485107481711012,2013,award07,inter,2.2
2014-05-25,51.486732,7,71.52157,True,False,False,24.959999999999997,24.514285714285712,0.35,-0.092,0.5680647467311558,-0.8229838658936564,2013,award07,inter,2.2
2014-06-01,71.78921871428571,7,113.88296,True,False,False,20.2,24.71142857142857,0.22,-0.028,0.46472317204376906,-0.8854560256532096,2014,award07,SWM,9.19
2014-06-08,93.90425214285713,7,138.24597,True,False,False,20.64,23.694285714285716,0.22,-0.028,0.35460488704253584,-0.9350162426854147,2014,award07,SWM,9.19
2014-06-15,28.0719965,7,38.427288,True,False,False,22.82,22.82,0.22,-0.028,0.23931566428755768,-0.970941817426052,2014,award07,SWM,9.19
2014-06-22,19.795548571428572,7,23.872232,True,False,False,42.1,22.30857142857143,0.22,-0.028,0.12053668025532308,-0.992708874098054,2014,award07,SWM,9.19
2014-06-29,109.59547371428572,7,161.31508,True,False,False,8.48,23.41142857142857,0.22,-0.028,-3.216245299353273e-16,-1.0,2014,award07,SWM,9.19
2014-07-06,104.88833157142857,7,191.8806,True,False,False,62.28,22.51142857142857,0.07,-0.363,-0.12053668025532283,-0.992708874098054,2014,award07,SWM,31.24
2014-07-13,54.626635571428565,7,73.41933,True,False,False,127.8,20.654285714285713,0.07,-0.363,-0.23931566428755743,-0.9709418174260521,2014,award07,SWM,31.24
2014-07-20,257.3340011428572,7,595.7,True,False,False,107.3,21.09142857142857,0.07,-0.363,-0.3546048870425356,-0.9350162426854148,2014,award07,SWM,31.24
2014-07-27,837.86625,7,1057.7166,True,False,False,57.04,21.117142857142856,0.07,-0.363,-0.46472317204376806,-0.8854560256532101,2014,award07,SWM,31.24
2014-08-03,615.7822871428572,7,1012.8777,True,False,False,72.28,21.19142857142857,0.07,-0.372,-0.5680647467311556,-0.8229838658936565,2014,award07,SWM,45.95
2014-08-10,1408.5409242857143,7,2511.42,True,False,False,88.60000000000001,20.765714285714285,0.07,-0.372,-0.663122658240795,-0.7485107481711013,2014,award07,SWM,45.95
2014-08-17,544.3171657142858,7,827.69006,True,False,False,36.8,21.19142857142857,0.07,-0.372,-0.7485107481711011,-0.6631226582407952,2014,award07,SWM,45.95
2014-08-24,260.5985314285714,7,360.12964,True,False,False,71.46000000000001,22.185714285714287,0.07,-0.372,-0.8229838658936564,-0.5680647467311559,2014,award07,SWM,45.95
2014-08-31,210.0123957142857,7,265.9649,True,False,False,43.6,20.857142857142858,0.07,-0.372,-0.8854560256532096,-0.4647231720437691,2014,award07,SWM,45.95
2014-09-07,548.2754699999999,7,759.9781,True,False,False,49.0,20.957142857142856,0.24,-0.145,-0.9350162426854147,-0.3546048870425359,2014,award07,SWM,36.76
2014-09-14,420.91426714285717,7,570.43933,True,False,False,15.08,21.62285714285714,0.24,-0.145,-0.970941817426052,-0.23931566428755774,2014,award07,SWM,36.76
2014-09-21,191.57950714285715,7,252.9,True,False,False,18.28,21.685714285714287,0.24,-0.145,-0.992708874098054,-0.12053668025532357,2014,award07,SWM,36.76
2014-09-28,597.5613528571429,7,943.3058,True,False,False,66.38,22.762857142857143,0.24,-0.145,-1.0,-1.8369701987210297e-16,2014,award07,SWM,36.76
2014-10-05,441.1640214285714,7,628.16205,True,False,False,51.66,22.65142857142857,0.51,0.141,-0.992708874098054,0.1205366802553232,2014,award07,NEM,20.22
2014-10-12,482.81889714285717,7,643.4,True,False,False,63.22,22.18,0.51,0.141,-0.9709418174260521,0.23931566428755738,2014,award07,NEM,20.22
2014-10-19,371.21339428571434,7,624.3831,True,False,False,31.04,22.40285714285714,0.51,0.141,-0.9350162426854148,0.35460488704253557,2014,award07,NEM,20.22
2014-10-26,316.2678228571429,7,371.2416,True,False,False,52.84,21.26571428571429,0.51,0.141,-0.8854560256532101,0.464723172043768,2014,award07,NEM,20.22
2014-11-02,438.44457,7,671.3896,True,False,False,15.44,21.428571428571427,0.7,0.009,-0.822983865893657,0.5680647467311548,2014,award07,NEM,13.78
2014-11-09,180.56570142857143,7,193.7849,True,False,False,0.6400000000000001,21.897142857142857,0.7,0.009,-0.7485107481711011,0.6631226582407953,2014,award07,NEM,13.78
2014-11-16,184.49077857142856,7,215.2,True,False,False,28.86,21.805714285714288,0.7,0.009,-0.6631226582407956,0.7485107481711007,2014,award07,NEM,13.78
2014-11-23,182.63529428571428,7,195.7019,True,False,False,0.4,21.142857142857142,0.7,0.009,-0.5680647467311559,0.8229838658936564,2014,award07,NEM,13.78
2014-11-30,160.22343142857144,7,168.9,True,False,False,1.1199999999999999,20.177142857142858,0.7,0.009,-0.4647231720437684,0.88545602565321,2014,award07,NEM,13.78
2014-12-07,150.84108285714288,7,162.89308,True,False,False,2.7800000000000002,20.54,0.8,0.046,-0.35460488704253595,0.9350162426854147,2014,award07,NEM,7.35
2014-12-14,148.580835,7,238.78654,True,False,False,17.42,21.731428571428573,0.8,0.046,-0.2393156642875578,0.970941817426052,2014,award07,NEM,7.35
2014-12-21,107.36388799999999,7,145.69937,True,False,False,0.7399999999999999,22.125714285714285,0.8,0.046,-0.12053668025532363,0.992708874098054,2014,award07,NEM,7.35
2014-12-28,68.05460128571428,7,82.49058,True,False,False,3.2600000000000002,20.76571428571429,0.8,0.046,6.432490598706546e-16,1.0,2014,award07,NEM,7.35
2015-01-04,55.56960857142857,7,58.02,True,False,False,2.8,21.357142857142858,0.73,-0.1,0.12053668025532305,0.992708874098054,2014,award07,inter,2.76
2015-01-11,41.07859285714285,7,52.428757,True,False,False,0.060000000000000005,21.41714285714286,0.73,-0.1,0.23931566428755774,0.970941817426052,2014,award07,inter,2.76
2015-01-18,28.086974857142856,7,35.83,True,False,False,0.0,20.422857142857143,0.73,-0.1,0.3546048870425356,0.9350162426854148,2014,award07,inter,2.76
2015-01-25,46.32020214285715,7,48.97,True,False,False,0.92,21.82,0.73,-0.1,0.4647231720437685,0.8854560256532099,2014,award07,inter,2.76
2015-02-01,43.19205171428571,7,47.574177,True,False,False,0.0,22.18285714285714,0.65,-0.345,0.5680647467311558,0.8229838658936564,2014,award07,inter,2.2
2015-02-08,20.143658714285714,7,25.959997,True,False,False,0.18000000000000002,22.30857142857143,0.65,-0.345,0.6631226582407952,0.7485107481711011,2014,award07,inter,2.2
2015-02-15,15.915907714285714,7,18.365196,True,False,False,0.0,22.66857142857143,0.65,-0.345,0.7485107481711011,0.6631226582407953,2014,award07,inter,2.2
2015-02-22,14.115421428571429,7,14.713442,True,False,False,0.06,23.437142857142856,0.65,-0.345,0.8229838658936564,0.5680647467311558,2014,award07,inter,2.2
2015-03-01,21.358456714285715,7,26.031729,True,False,False,0.42,23.13714285714286,0.72,-0.241,0.8854560256532098,0.4647231720437686,2014,award07,inter,2.2
2015-03-08,37.24881114285714,7,49.373978,True,False,False,17.92,23.39428571428571,0.72,-0.241,0.9350162426854148,0.35460488704253557,2014,award07,inter,2.2
2015-03-15,24.17919685714286,7,41.222122,True,False,False,7.78,23.954285714285714,0.72,-0.241,0.970941817426052,0.23931566428755804,2014,award07,inter,2.2
2015-03-22,16.415367857142858,7,33.49,True,False,False,4.9799999999999995,25.40285714285714,0.72,-0.241,0.992708874098054,0.120536680255323,2014,award07,inter,2.2
2015-03-29,28.446462999999998,7,34.965523,True,False,False,3.94,26.25142857142857,0.72,-0.241,1.0,-1.6081226496766366e-16,2014,award07,inter,2.2
2015-04-05,43.230774,7,65.54545,True,False,False,15.74,25.53142857142857,0.86,-0.008,0.992708874098054,-0.12053668025532288,2014,award07,inter,2.2
2015-04-12,42.63928814285714,7,64.80697,True,False,False,20.22,24.88285714285714,0.86,-0.008,0.9709418174260521,-0.2393156642875575,2014,award07,inter,2.2
2015-04-19,36.35536642857143,7,60.493134,True,False,False,27.939999999999998,23.360000000000003,0.86,-0.008,0.9350162426854148,-0.35460488704253545,2014,award07,inter,2.2
2015-04-26,76.83357428571428,7,106.43325,True,False,False,37.339999999999996,24.277142857142856,0.86,-0.008,0.8854560256532099,-0.4647231720437685,2014,award07,inter,2.2
2015-05-03,78.36049371428571,7,87.67357,True,False,False,22.48,24.65142857142857,1.04,0.24,0.8229838658936565,-0.5680647467311557,2014,award07,inter,2.2
2015-05-10,52.90200814285714,7,78.87,True,False,False,25.2,24.125714285714285,1.04,0.24,0.7485107481711013,-0.6631226582407951,2014,award07,inter,2.2
2015-05-17,60.47615557142857,7,80.78,True,False,False,83.89999999999999,22.919999999999998,1.04,0.24,0.6631226582407952,-0.7485107481711012,2014,award07,inter,2.2
2015-05-24,164.95731142857144,7,319.6955,True,False,False,11.520000000000001,24.217142857142857,1.04,0.24,0.5680647467311558,-0.8229838658936564,2014,award07,inter,2.2
2015-05-31,75.11522442857142,7,119.8,True,False,False,17.92,24.442857142857143,1.04,0.24,0.46472317204376906,-0.8854560256532096,2014,award07,inter,2.2
2015-06-07,162.98361428571428,7,209.7116,True,False,False,48.94,23.345714285714283,1.19,0.296,0.35460488704253584,-0.9350162426854147,2015,award07,SWM,9.19
2015-06-14,60.094267,7,93.35492,True,False,False,40.5,22.545714285714286,1.19,0.296,0.23931566428755768,-0.970941817426052,2015,award07,SWM,9.19
2015-06-21,37.73924157142857,7,43.006325,True,False,False,94.82,21.16,1.19,0.296,0.12053668025532308,-0.992708874098054,2015,award07,SWM,9.19
2015-06-28,217.03356542857142,7,465.7,True,False,False,65.0,22.057142857142857,1.19,0.296,-3.216245299353273e-16,-1.0,2015,award07,SWM,9.19
2015-07-05,299.90346714285715,7,572.8,True,False,False,10.04,22.737142857142857,1.44,0.225,-0.12053668025532283,-0.992708874098054,2015,award07,SWM,31.24
2015-07-12,115.69221485714286,7,146.7,True,False,False,33.92,22.194285714285716,1.44,0.225,-0.23931566428755743,-0.9709418174260521,2015,award07,SWM,31.24
2015-07-19,179.26607714285714,7,285.2,True,False,False,80.30000000000001,21.694285714285716,1.44,0.225,-0.3546048870425356,-0.9350162426854148,2015,award07,SWM,31.24
2015-07-26,493.1713985714286,7,704.78577,True,False,False,76.3,21.122857142857146,1.44,0.225,-0.46472317204376806,-0.8854560256532101,2015,award07,SWM,31.24
2015-08-02,334.71895,7,424.81662,True,False,False,44.38,21.520000000000003,1.73,0.568,-0.5680647467311556,-0.8229838658936565,2015,award07,SWM,45.95
2015-08-09,104.66969857142858,7,136.19322,True,False,False,28.22,21.74857142857143,1.73,0.568,-0.663122658240795,-0.7485107481711013,2015,award07,SWM,45.95
2015-08-16,137.33176914285715,7,303.3,True,False,False,46.84,21.805714285714284,1.73,0.568,-0.7485107481711011,-0.6631226582407952,2015,award07,SWM,45.95
2015-08-23,434.3623485714285,7,529.7577,True,False,False,63.82,22.365714285714287,1.73,0.568,-0.8229838658936564,-0.5680647467311559,2015,award07,SWM,45.95
2015-08-30,449.95314,7,667.71643,True,False,False,6.36,22.082857142857144,1.73,0.568,-0.8854560256532096,-0.4647231720437691,2015,award07,SWM,45.95
2015-09-06,176.0323057142857,7,243.91951,True,False,False,35.58,22.794285714285714,2.02,0.294,-0.9350162426854147,-0.3546048870425359,2015,award07,SWM,36.76
2015-09-13,160.58111857142856,7,241.30528,True,False,False,42.26,21.648571428571433,2.02,0.294,-0.970941817426052,-0.23931566428755774,2015,award07,SWM,36.76
2015-09-20,94.90362428571429,7,129.6891,True,False,False,14.14,22.042857142857144,2.02,0.294,-0.992708874098054,-0.12053668025532357,2015,award07,SWM,36.76
2015-09-27,425.33727285714286,7,865.991,True,False,False,31.199999999999996,22.928571428571427,2.02,0.294,-1.0,-1.8369701987210297e-16,2015,award07,SWM,36.76
2015-10-04,365.03999857142855,7,554.0486,True,False,False,42.98,22.4,2.28,0.482,-0.992708874098054,0.1205366802553232,2015,award07,NEM,20.22
2015-10-11,313.35874285714283,7,625.1321,True,False,False,38.22,21.931428571428572,2.28,0.482,-0.9709418174260521,0.23931566428755738,2015,award07,NEM,20.22
2015-10-18,185.36560285714287,7,298.73026,True,False,False,4.02,23.38,2.28,0.482,-0.9350162426854148,0.35460488704253557,2015,award07,NEM,20.22
2015-10-25,127.434888,7,147.49187,True,False,False,0.78,23.525714285714287,2.28,0.482,-0.8854560256532101,0.464723172043768,2015,award07,NEM,20.22
2015-11-01,134.75262057142857,7,177.6,True,False,False,23.04,22.882857142857144,2.45,0.347,-0.822983865893657,0.5680647467311548,2015,award07,NEM,13.78
2015-11-08,536.7760542857143,7,1060.5802,True,False,False,46.239999999999995,22.04,2.45,0.347,-0.7485107481711011,0.6631226582407953,2015,award07,NEM,13.78
2015-11-15,341.53385714285713,7,534.1,True,False,False,40.16,20.642857142857142,2.45,0.347,-0.6631226582407956,0.7485107481711007,2015,award07,NEM,13.78
2015-11-22,211.8709542857143,7,268.03757,True,False,False,46.519999999999996,20.648571428571426,2.45,0.347,-0.5680647467311559,0.8229838658936564,2015,award07,NEM,13.78
2015-11-29,172.86800714285712,7,244.7129,True,False,False,15.160000000000002,21.22,2.45,0.347,-0.4647231720437684,0.88545602565321,2015,award07,NEM,13.78
2015-12-06,195.27534,7,242.21786,True,False,False,12.319999999999999,21.262857142857143,2.59,0.272,-0.35460488704253595,0.9350162426854147,2015,award07,NEM,7.35
2015-12-13,91.226578,7,129.03467,True,False,False,2.84,21.87142857142857,2.59,0.272,-0.2393156642875578,0.970941817426052,2015,award07,NEM,7.35
2015-12-20,80.02353985714285,7,90.56224,True,False,False,3.5999999999999996,21.642857142857142,2.59,0.272,-0.12053668025532363,0.992708874098054,2015,award07,NEM,7.35
2015-12-27,63.33107171428571,7,70.19559,True,False,False,0.0,20.98857142857143,2.59,0.272,6.432490598706546e-16,1.0,2015,award07,NEM,7.35
2016-01-03,47.219430571428575,7,55.25894,True,False,False,0.0,20.648571428571426,2.5,0.265,0.12053668025532314,0.992708874098054,2015,award07,inter,2.76
2016-01-10,39.20040285714286,7,42.657635,True,False,False,0.0,20.68,2.5,0.265,0.12053668025532305,0.992708874098054,2015,award07,inter,2.76
2016-01-17,36.99059428571429,7,57.08,True,False,False,0.12000000000000001,21.085714285714285,2.5,0.265,0.23931566428755774,0.970941817426052,2015,award07,inter,2.76
2016-01-24,45.750398714285716,7,55.883324,True,False,False,1.7600000000000002,22.34857142857143,2.5,0.265,0.3546048870425356,0.9350162426854148,2015,award07,inter,2.76
2016-01-31,34.930651,7,44.94,True,False,False,0.36,23.18857142857143,2.5,0.265,0.4647231720437685,0.8854560256532099,2015,award07,inter,2.76
2016-02-07,28.860353964285714,3,30.29,False,False,True,0.0,22.551428571428573,2.21,-0.11,0.5680647467311558,0.8229838658936564,2015,award07,inter,2.2
2016-02-14,22.790056928571428,7,35.121212,True,False,False,0.48,24.017142857142858,2.21,-0.11,0.6631226582407952,0.7485107481711011,2015,award07,inter,2.2
2016-02-21,14.016117857142858,7,16.772018,True,False,False,0.0,24.36285714285714,2.21,-0.11,0.7485107481711011,0.6631226582407953,2015,award07,inter,2.2
2016-02-28,14.45947492857143,7,48.84,True,False,False,0.4,25.448571428571427,2.21,-0.11,0.8229838658936564,0.5680647467311558,2015,award07,inter,2.2
2016-03-06,30.623038142857144,7,40.321243,True,False,False,0.08,25.305714285714288,1.69,-0.008,0.8854560256532098,0.4647231720437686,2015,award07,inter,2.2
2016-03-13,19.990338285714284,7,23.340958,True,False,False,0.9,26.10571428571429,1.69,-0.008,0.9350162426854148,0.35460488704253557,2015,award07,inter,2.2
2016-03-20,17.731404571428573,7,20.614979,True,False,False,1.4399999999999997,26.54,1.69,-0.008,0.970941817426052,0.23931566428755804,2015,award07,inter,2.2
2016-03-27,13.939328285714286,7,19.190817,True,False,False,2.84,26.934285714285718,1.69,-0.008,0.992708874098054,0.120536680255323,2015,award07,inter,2.2
2016-04-03,13.2258745,7,16.457985,True,False,False,6.720000000000001,26.585714285714285,1.11,0.146,1.0,-1.6081226496766366e-16,2015,award07,inter,2.2
2016-04-10,7.444248,7,10.84,True,False,False,12.28,26.048571428571428,1.11,0.146,0.992708874098054,-0.12053668025532288,2015,award07,inter,2.2
2016-04-17,20.73366122857143,7,50.44764,True,False,False,4.56,27.18,1.11,0.146,0.9709418174260521,-0.2393156642875575,2015,award07,inter,2.2
2016-04-24,15.078984142857143,7,23.968576,True,False,False,1.1,27.18857142857143,1.11,0.146,0.9350162426854148,-0.35460488704253545,2015,award07,inter,2.2
2016-05-01,12.692262571428572,7,17.457985,True,False,False,1.14,27.762857142857143,0.57,-0.113,0.8854560256532099,-0.4647231720437685,2015,award07,inter,2.2
2016-05-08,15.733307428571427,7,19.92,True,False,False,32.36,25.97142857142857,0.57,-0.113,0.8229838658936565,-0.5680647467311557,2015,award07,inter,2.2
2016-05-15,22.826701714285715,7,38.21902,True,False,False,40.94,25.465714285714284,0.57,-0.113,0.7485107481711013,-0.6631226582407951,2015,award07,inter,2.2
2016-05-22,16.333736,7,36.92,True,False,False,8.620000000000001,24.34,0.57,-0.113,0.6631226582407952,-0.7485107481711012,2015,award07,inter,2.2
2016-05-29,24.523309,7,40.455143,True,False,False,16.26,24.537142857142857,0.57,-0.113,0.5680647467311558,-0.8229838658936564,2015,award07,inter,2.2
2016-06-05,18.560657285714285,7,42.033500000000004,True,False,False,65.5,23.354285714285712,0.09,-0.443,0.46472317204376906,-0.8854560256532096,2016,award07,SWM,9.19
2016-06-12,20.4305,7,46.798,True,False,False,41.12,22.82857142857143,0.09,-0.443,0.35460488704253584,-0.9350162426854147,2016,award07,SWM,9.19
2016-06-19,19.144161821428572,7,50.31676425,True,False,False,25.1,22.240000000000002,0.09,-0.443,0.23931566428755768,-0.970941817426052,2016,award07,SWM,9.19
2016-06-26,55.23542857142858,7,74.134,True,False,False,95.52000000000001,20.90285714285714,0.09,-0.443,0.12053668025532308,-0.992708874098054,2016,award07,SWM,9.19
2016-07-03,44.283071428571425,7,61.3,True,False,False,124.22,21.34,-0.19,-0.757,-3.216245299353273e-16,-1.0,2016,award07,SWM,31.24
2016-07-10,117.05885714285715,7,149.28500000000003,True,False,False,109.96000000000001,21.494285714285716,-0.19,-0.757,-0.12053668025532283,-0.992708874098054,2016,award07,SWM,31.24
2016-07-17,232.402,7,402.437,True,False,False,47.64,21.794285714285714,-0.19,-0.757,-0.23931566428755743,-0.9709418174260521,2016,award07,SWM,31.24
2016-07-24,212.30214285714285,7,272.847,True,False,False,65.02,20.96857142857143,-0.19,-0.757,-0.3546048870425356,-0.9350162426854148,2016,award07,SWM,31.24
2016-07-31,178.48664285714287,7,206.607,True,False,False,52.94,21.46,-0.19,-0.757,-0.46472317204376806,-0.8854560256532101,2016,award07,SWM,31.24
2016-08-07,108.11749999999999,7,154.973,True,False,False,36.04,21.342857142857145,-0.34,-0.443,-0.5680647467311556,-0.8229838658936565,2016,award07,SWM,45.95
2016-08-14,96.0462380952381,7,117.799,True,False,False,20.0,21.765714285714285,-0.34,-0.443,-0.663122658240795,-0.7485107481711013,2016,award07,SWM,45.95
2016-08-21,139.84940476190476,7,214.7195,True,False,False,20.16,21.714285714285715,-0.34,-0.443,-0.7485107481711011,-0.6631226582407952,2016,award07,SWM,45.95
2016-08-28,242.94621428571426,7,277.532,True,False,False,26.88,21.954285714285714,-0.34,-0.443,-0.8229838658936564,-0.5680647467311559,2016,award07,SWM,45.95
2016-09-04,218.08585714285715,7,396.826,True,False,False,33.9,21.31714285714286,-0.42,-0.437,-0.8854560256532096,-0.4647231720437691,2016,award07,SWM,36.76
2016-09-11,252.7607142857143,7,470.15,True,False,False,6.1,21.47714285714286,-0.42,-0.437,-0.9350162426854147,-0.3546048870425359,2016,award07,SWM,36.76
2016-09-18,392.6257142857143,7,463.618,True,False,False,14.5,21.78,-0.42,-0.437,-0.970941817426052,-0.23931566428755774,2016,award07,SWM,36.76
2016-09-25,141.74628571428573,7,290.423,True,False,False,13.98,21.62,-0.42,-0.437,-0.992708874098054,-0.12053668025532357,2016,award07,SWM,36.76
2016-10-02,37.108,7,40.491,True,False,False,19.76,22.04,-0.51,-0.371,-1.0,-1.8369701987210297e-16,2016,award07,NEM,20.22
2016-10-09,65.10692857142857,7,171.516,True,False,False,3.26,21.837142857142855,-0.51,-0.371,-0.992708874098054,0.1205366802553232,2016,award07,NEM,20.22
2016-10-16,214.29285714285714,7,315.364,True,False,False,26.76,22.02285714285714,-0.51,-0.371,-0.9709418174260521,0.23931566428755738,2016,award07,NEM,20.22
2016-10-23,47.22757142857143,7,72.69,True,False,False,0.6599999999999999,22.865714285714287,-0.51,-0.371,-0.9350162426854148,0.35460488704253557,2016,award07,NEM,20.22
2016-10-30,19.976857142857142,7,31.93,True,False,False,3.0199999999999996,23.291428571428572,-0.51,-0.371,-0.8854560256532101,0.464723172043768,2016,award07,NEM,20.22
2016-11-06,42.06241885714286,7,67.6,True,False,False,9.079999999999998,23.22,-0.49,-0.382,-0.822983865893657,0.5680647467311548,2016,award07,NEM,13.78
2016-11-13,29.224128214285713,7,33.5378975,True,False,False,0.7,22.52857142857143,-0.49,-0.382,-0.7485107481711011,0.6631226582407953,2016,award07,NEM,13.78
2016-11-20,55.35364285714286,7,71.308,True,False,False,3.12,23.702857142857145,-0.49,-0.382,-0.6631226582407956,0.7485107481711007,2016,award07,NEM,13.78
2016-11-27,22.038,7,29.448,True,False,False,0.0,22.39428571428572,-0.49,-0.382,-0.5680647467311559,0.8229838658936564,2016,award07,NEM,13.78
2016-12-04,27.553285714285714,7,29.448,True,False,False,8.18,22.065714285714286,-0.37,-0.31,-0.4647231720437684,0.88545602565321,2016,award07,NEM,7.35
2016-12-11,15.780428571428573,7,34.447,True,False,False,0.28,21.851428571428567,-0.37,-0.31,-0.35460488704253595,0.9350162426854147,2016,award07,NEM,7.35
2016-12-18,21.362142857142857,7,42.114,True,False,False,27.84,21.131428571428575,-0.37,-0.31,-0.2393156642875578,0.970941817426052,2016,award07,NEM,7.35
2016-12-25,26.518714285714285,7,35.004,True,False,False,0.0,21.537142857142857,-0.37,-0.31,-0.12053668025532363,0.992708874098054,2016,award07,NEM,7.35
2017-01-01,12.901285714285715,7,17.35,True,False,False,0.0,21.337142857142858,-0.08,-0.086,6.432490598706546e-16,1.0,2016,award07,inter,2.76
2017-01-08,9.36842857142857,7,14.229,True,False,False,0.06000000000000001,21.18,-0.08,-0.086,0.12053668025532305,0.992708874098054,2016,award07,inter,2.76
2017-01-15,8.495857142857144,7,10.481,True,False,False,0.2,20.822857142857142,-0.08,-0.086,0.23931566428755774,0.970941817426052,2016,award07,inter,2.76
2017-01-22,7.560142857142857,7,8.908,True,False,False,0.04,21.365714285714287,-0.08,-0.086,0.3546048870425356,0.9350162426854148,2016,award07,inter,2.76
2017-01-29,4.667071428571428,7,5.845,True,False,False,18.2,22.360000000000003,-0.08,-0.086,0.4647231720437685,0.8854560256532099,2016,award07,inter,2.76
2017-02-05,4.280142857142857,7,5.529,True,False,False,0.02,22.034285714285716,0.08,0.101,0.5680647467311558,0.8229838658936564,2016,award07,inter,2.2
2017-02-12,3.785285714285714,7,4.084,True,False,False,0.15999999999999998,22.34,0.08,0.101,0.6631226582407952,0.7485107481711011,2016,award07,inter,2.2
2017-02-19,3.7205714285714286,7,4.139,True,False,False,0.0,22.737142857142857,0.08,0.101,0.7485107481711011,0.6631226582407953,2016,award07,inter,2.2
2017-02-26,3.3688571428571428,7,3.78,True,False,False,0.2,24.474285714285713,0.08,0.101,0.8229838658936564,0.5680647467311558,2016,award07,inter,2.2
2017-03-05,1.8449285714285715,7,2.735,True,False,False,1.4599999999999997,24.25428571428571,0.27,0.357,0.8854560256532098,0.4647231720437686,2016,award07,inter,2.2
2017-03-12,2.8354285714285714,7,8.382,True,False,False,5.359999999999999,24.56,0.27,0.357,0.9350162426854148,0.35460488704253557,2016,award07,inter,2.2
2017-03-19,6.776428571428572,7,11.02,True,False,False,10.899999999999999,24.40285714285714,0.27,0.357,0.970941817426052,0.23931566428755804,2016,award07,inter,2.2
2017-03-26,3.4745714285714286,7,3.881,True,False,False,3.2399999999999998,25.294285714285714,0.27,0.357,0.992708874098054,0.120536680255323,2016,award07,inter,2.2
2017-04-02,2.026857142857143,7,2.652,True,False,False,5.34,26.03142857142857,0.32,0.498,1.0,-1.6081226496766366e-16,2016,award07,inter,2.2
2017-04-09,1.492642857142857,7,1.785,True,False,False,12.459999999999999,25.774285714285718,0.32,0.498,0.992708874098054,-0.12053668025532288,2016,award07,inter,2.2
2017-04-16,1.0231630857142857,7,1.1668208,True,False,False,9.8,25.859999999999996,0.32,0.498,0.9709418174260521,-0.2393156642875575,2016,award07,inter,2.2
2017-04-23,1.0353571428571429,7,1.842,True,False,False,22.52,24.937142857142856,0.32,0.498,0.9350162426854148,-0.35460488704253545,2016,award07,inter,2.2
2017-04-30,2.2636052714285713,7,2.644,True,False,False,10.34,25.368571428571432,0.32,0.498,0.8854560256532099,-0.4647231720437685,2016,award07,inter,2.2
2017-05-07,2.258642857142857,7,2.6725000000000003,True,False,False,15.94,25.465714285714284,0.35,0.536,0.8229838658936565,-0.5680647467311557,2016,award07,inter,2.2
2017-05-14,3.4589285714285714,7,3.89,True,False,False,24.64,24.814285714285713,0.35,0.536,0.7485107481711013,-0.6631226582407951,2016,award07,inter,2.2
2017-05-21,4.7128865285714285,7,10.047471999999999,True,False,False,38.18,24.662857142857142,0.35,0.536,0.6631226582407952,-0.7485107481711012,2016,award07,inter,2.2
2017-05-28,30.985809714285715,7,55.169,True,False,False,39.1,24.534285714285716,0.35,0.536,0.5680647467311558,-0.8229838658936564,2016,award07,inter,2.2
2017-06-04,28.446928571428572,7,43.315,True,False,False,23.94,23.419999999999998,0.32,0.424,0.46472317204376906,-0.8854560256532096,2017,award07,SWM,9.19
2017-06-11,8.67,7,25.853,True,False,False,80.44,21.857142857142858,0.32,0.424,0.35460488704253584,-0.9350162426854147,2017,award07,SWM,9.19
2017-06-18,5.886857142857143,7,7.582,True,False,False,31.700000000000003,22.69142857142857,0.32,0.424,0.23931566428755768,-0.970941817426052,2017,award07,SWM,9.19
2017-06-25,7.687571428571429,7,11.193,True,False,False,31.08,22.12285714285714,0.32,0.424,0.12053668025532308,-0.992708874098054,2017,award07,SWM,9.19
2017-07-02,3.682142857142857,7,3.827,True,False,False,41.64,21.505714285714284,0.14,0.52,-3.216245299353273e-16,-1.0,2017,award07,SWM,31.24
2017-07-09,25.386285714285716,7,64.498,True,False,False,23.92,21.794285714285714,0.14,0.52,-0.12053668025532283,-0.992708874098054,2017,award07,SWM,31.24
2017-07-16,64.19642857142857,7,79.036,True,False,False,31.36,21.40285714285714,0.14,0.52,-0.23931566428755743,-0.9709418174260521,2017,award07,SWM,31.24
2017-07-23,54.04257142857143,7,81.011,True,False,False,41.42,21.708571428571428,0.14,0.52,-0.3546048870425356,-0.9350162426854148,2017,award07,SWM,31.24
2017-07-30,164.76642857142858,7,214.654,True,False,False,12.5,22.205714285714286,0.14,0.52,-0.46472317204376806,-0.8854560256532101,2017,award07,SWM,31.24
2017-08-06,196.8237142857143,7,211.027,True,False,False,27.48,22.194285714285716,-0.07,0.349,-0.5680647467311556,-0.8229838658936565,2017,award07,SWM,45.95
2017-08-13,210.89271428571428,7,255.93,True,False,False,24.94,22.28,-0.07,0.349,-0.663122658240795,-0.7485107481711013,2017,award07,SWM,45.95
2017-08-20,260.208,7,449.892,True,False,False,81.17999999999999,21.722857142857144,-0.07,0.349,-0.7485107481711011,-0.6631226582407952,2017,award07,SWM,45.95
2017-08-27,158.2245,7,206.812,True,False,False,76.25999999999999,21.294285714285714,-0.07,0.349,-0.8229838658936564,-0.5680647467311559,2017,award07,SWM,45.95
2017-09-03,302.95707142857145,7,557.23,True,False,False,108.3,21.97714285714286,-0.23,0.035,-0.8854560256532096,-0.4647231720437691,2017,award07,SWM,36.76
2017-09-10,422.8531428571428,7,705.871,True,False,False,95.56,22.654285714285717,-0.23,0.035,-0.9350162426854147,-0.3546048870425359,2017,award07,SWM,36.76
2017-09-17,276.1614285714286,7,574.025,True,False,False,49.58,22.639999999999997,-0.23,0.035,-0.970941817426052,-0.23931566428755774,2017,award07,SWM,36.76
2017-09-24,262.30242857142855,7,393.524,True,False,False,27.68,21.48857142857143,-0.23,0.035,-0.992708874098054,-0.12053668025532357,2017,award07,SWM,36.76
2017-10-01,713.7987142857144,7,1333.0,True,False,False,70.6,21.657142857142855,-0.44,0.015,-1.0,-1.8369701987210297e-16,2017,award07,NEM,20.22
2017-10-08,495.09900000000005,7,756.45,True,False,False,39.14,22.388571428571428,-0.44,0.015,-0.992708874098054,0.1205366802553232,2017,award07,NEM,20.22
2017-10-15,583.3251428571429,7,721.139,True,False,False,66.24,22.225714285714282,-0.44,0.015,-0.9709418174260521,0.23931566428755738,2017,award07,NEM,20.22
2017-10-22,242.0297142857143,7,534.212,True,False,False,7.34,22.03142857142857,-0.44,0.015,-0.9350162426854148,0.35460488704253557,2017,award07,NEM,20.22
2017-10-29,91.91821428571428,7,117.2615,True,False,False,26.82,22.011428571428574,-0.44,0.015,-0.8854560256532101,0.464723172043768,2017,award07,NEM,20.22
2017-11-05,115.04135714285714,7,162.016,True,False,False,7.460000000000001,21.794285714285714,-0.61,0.289,-0.822983865893657,0.5680647467311548,2017,award07,NEM,13.78
2017-11-12,111.52557142857142,7,138.191,True,False,False,13.18,21.24857142857143,-0.61,0.289,-0.7485107481711011,0.6631226582407953,2017,award07,NEM,13.78
2017-11-19,73.87057142857142,7,78.451,True,False,False,7.64,21.951428571428572,-0.61,0.289,-0.6631226582407956,0.7485107481711007,2017,award07,NEM,13.78
2017-11-26,63.97407142857143,7,74.85849999999999,True,False,False,1.42,22.62857142857143,-0.61,0.289,-0.5680647467311559,0.8229838658936564,2017,award07,NEM,13.78
2017-12-03,98.16214285714285,7,161.76366666666667,True,False,False,15.639999999999999,21.742857142857144,-0.76,0.11,-0.4647231720437684,0.88545602565321,2017,award07,NEM,7.35
2017-12-10,112.1422857142857,7,201.082,True,False,False,1.44,21.47142857142857,-0.76,0.11,-0.35460488704253595,0.9350162426854147,2017,award07,NEM,7.35
2017-12-17,55.396428571428565,7,71.105,True,False,False,7.42,21.608571428571427,-0.76,0.11,-0.2393156642875578,0.970941817426052,2017,award07,NEM,7.35
2017-12-24,39.221476190476196,7,46.029,True,False,False,0.0,20.5,-0.76,0.11,-0.12053668025532363,0.992708874098054,2017,award07,NEM,7.35
2017-12-31,51.71059523809523,7,66.469,True,False,False,0.02,19.945714285714285,-0.76,0.11,6.432490598706546e-16,1.0,2017,award07,NEM,7.35
2018-01-07,45.85328571428572,7,50.414,True,False,False,0.1,20.565714285714286,-0.71,-0.2,0.12053668025532305,0.992708874098054,2017,award07,inter,2.76
2018-01-14,28.445714285714285,7,35.954,True,False,False,0.6799999999999999,21.445714285714285,-0.71,-0.2,0.23931566428755774,0.970941817426052,2017,award07,inter,2.76
2018-01-21,19.504357142857145,7,25.873,True,False,False,0.02,20.96857142857143,-0.71,-0.2,0.3546048870425356,0.9350162426854148,2017,award07,inter,2.76
2018-01-28,22.008928571428573,7,30.323,True,False,False,0.18,21.148571428571426,-0.71,-0.2,0.4647231720437685,0.8854560256532099,2017,award07,inter,2.76
2018-02-04,13.360071428571429,7,18.832,True,False,False,0.0,20.874285714285715,-0.67,0.216,0.5680647467311558,0.8229838658936564,2017,award07,inter,2.2
2018-02-11,8.413,7,10.057,True,False,False,4.32,22.554285714285715,-0.67,0.216,0.6631226582407952,0.7485107481711011,2017,award07,inter,2.2
2018-02-18,6.3295,7,8.209,True,False,False,1.04,22.580000000000002,-0.67,0.216,0.7485107481711011,0.6631226582407953,2017,award07,inter,2.2
2018-02-25,18.669285714285714,7,33.644,True,False,False,0.02,22.485714285714288,-0.67,0.216,0.8229838658936564,0.5680647467311558,2017,award07,inter,2.2
2018-03-04,17.529642857142857,7,26.693,True,False,False,0.02,23.542857142857144,-0.55,-0.12,0.8854560256532098,0.4647231720437686,2017,award07,inter,2.2
2018-03-11,5.523571428571429,7,8.622,True,False,False,0.06,24.11428571428571,-0.55,-0.12,0.9350162426854148,0.35460488704253557,2017,award07,inter,2.2
2018-03-18,11.408928571428573,7,52.825500000000005,True,False,False,20.94,23.62,-0.55,-0.12,0.970941817426052,0.23931566428755804,2017,award07,inter,2.2
2018-03-25,34.417142857142856,7,60.7055,True,False,False,3.4,24.757142857142856,-0.55,-0.12,0.992708874098054,0.120536680255323,2017,award07,inter,2.2
2018-04-01,12.899500000000002,7,15.349499999999999,True,False,False,10.3,25.13714285714286,-0.35,-0.083,1.0,-1.6081226496766366e-16,2017,award07,inter,2.2
2018-04-08,8.248142857142858,7,17.52,True,False,False,6.6,25.08857142857143,-0.35,-0.083,0.992708874098054,-0.12053668025532288,2017,award07,inter,2.2
2018-04-15,8.033857142857142,7,9.76,True,False,False,11.66,25.277142857142856,-0.35,-0.083,0.9709418174260521,-0.2393156642875575,2017,award07,inter,2.2
2018-04-22,21.681857142857144,7,37.131,True,False,False,24.42,25.497142857142855,-0.35,-0.083,0.9350162426854148,-0.35460488704253545,2017,award07,inter,2.2
2018-04-29,9.78452380952381,7,14.872,True,False,False,12.32,25.645714285714288,-0.35,-0.083,0.8854560256532099,-0.4647231720437685,2017,award07,inter,2.2
2018-05-06,21.910833333333333,7,42.7495,True,False,False,17.22,25.448571428571427,-0.07,0.122,0.8229838658936565,-0.5680647467311557,2017,award07,inter,2.2
2018-05-13,38.97392857142857,7,60.144,True,False,False,69.69999999999999,24.297142857142855,-0.07,0.122,0.7485107481711013,-0.6631226582407951,2017,award07,inter,2.2
2018-05-20,53.59978571428571,7,87.248,True,False,False,45.84,24.002857142857145,-0.07,0.122,0.6631226582407952,-0.7485107481711012,2017,award07,inter,2.2
2018-05-27,67.94835714285713,7,112.4755,True,False,False,67.89999999999999,23.777142857142856,-0.07,0.122,0.5680647467311558,-0.8229838658936564,2017,award07,inter,2.2
2018-06-03,76.78228571428572,7,129.179,True,False,False,91.74000000000001,23.19142857142857,0.13,0.155,0.46472317204376906,-0.8854560256532096,2018,cwma18,SWM,9.19
2018-06-10,51.762,7,76.134,True,False,False,73.02,22.40857142857143,0.13,0.155,0.35460488704253584,-0.9350162426854147,2018,cwma18,SWM,9.19
2018-06-17,139.80928571428572,7,826.5,True,False,False,42.24,22.357142857142858,0.13,0.155,0.23931566428755768,-0.970941817426052,2018,cwma18,SWM,9.19
2018-06-24,290.16835714285713,7,626.7,True,False,False,109.58000000000001,21.448571428571427,0.13,0.155,0.12053668025532308,-0.992708874098054,2018,cwma18,SWM,9.19
2018-07-01,225.66242857142856,7,539.0,True,False,False,104.41999999999999,21.18,0.2,0.053,-3.216245299353273e-16,-1.0,2018,cwma18,SWM,31.24
2018-07-08,160.1042857142857,7,291.9,True,False,False,41.26,21.568571428571428,0.2,0.053,-0.12053668025532283,-0.992708874098054,2018,cwma18,SWM,31.24
2018-07-15,971.157142857143,7,1259.5,True,False,False,109.86,21.2,0.2,0.053,-0.23931566428755743,-0.9709418174260521,2018,cwma18,SWM,31.24
2018-07-22,2428.7428571428572,7,3160.5,True,False,False,85.04,21.16,0.2,0.053,-0.3546048870425356,-0.9350162426854148,2018,cwma18,SWM,31.24
2018-07-29,1860.2070714285715,7,2317.7,True,False,False,33.68,21.75142857142857,0.2,0.053,-0.46472317204376806,-0.8854560256532101,2018,cwma18,SWM,31.24
2018-08-05,408.3097142857143,7,638.8,True,False,False,22.26,21.68,0.3,0.121,-0.5680647467311556,-0.8229838658936565,2018,cwma18,SWM,45.95
2018-08-12,1506.2275714285715,7,3895.796,True,False,False,71.46,20.822857142857142,0.3,0.121,-0.663122658240795,-0.7485107481711013,2018,cwma18,SWM,45.95
2018-08-19,4164.8255714285715,7,5250.7,True,False,False,130.78,20.948571428571427,0.3,0.121,-0.7485107481711011,-0.6631226582407952,2018,cwma18,SWM,45.95
2018-08-26,1696.66275,7,4712.6,True,False,False,23.880000000000003,21.25142857142857,0.3,0.121,-0.8229838658936564,-0.5680647467311559,2018,cwma18,SWM,45.95
2018-09-02,575.7664285714285,7,860.424,True,False,False,25.56,21.388571428571428,0.52,0.604,-0.8854560256532096,-0.4647231720437691,2018,cwma18,SWM,36.76
2018-09-09,283.6615714285714,7,400.59,True,False,False,4.94,21.49142857142857,0.52,0.604,-0.9350162426854147,-0.3546048870425359,2018,cwma18,SWM,36.76
2018-09-16,248.51185714285717,7,294.124,True,False,False,14.98,22.702857142857145,0.52,0.604,-0.970941817426052,-0.23931566428755774,2018,cwma18,SWM,36.76
2018-09-23,247.511,7,315.305,True,False,False,9.16,22.102857142857143,0.52,0.604,-0.992708874098054,-0.12053668025532357,2018,cwma18,SWM,36.76
2018-09-30,584.851,7,1066.71,True,False,False,102.96000000000001,22.388571428571428,0.52,0.604,-1.0,-1.8369701987210297e-16,2018,cwma18,SWM,36.76
2018-10-07,244.95742857142858,7,354.205,True,False,False,55.980000000000004,22.69142857142857,0.82,0.684,-0.992708874098054,0.1205366802553232,2018,cwma18,NEM,20.22
2018-10-14,267.3527142857143,7,417.888,True,False,False,29.0,22.47714285714286,0.82,0.684,-0.9709418174260521,0.23931566428755738,2018,cwma18,NEM,20.22
2018-10-21,490.25114285714284,7,785.4,True,False,False,65.26,21.868571428571425,0.82,0.684,-0.9350162426854148,0.35460488704253557,2018,cwma18,NEM,20.22
2018-10-28,199.42257142857144,7,428.535,True,False,False,0.02,21.897142857142857,0.82,0.684,-0.8854560256532101,0.464723172043768,2018,cwma18,NEM,20.22
2018-11-04,166.7647142857143,7,183.5,True,False,False,19.52,21.99142857142857,1.04,0.5,-0.822983865893657,0.5680647467311548,2018,cwma18,NEM,13.78
2018-11-11,166.05271428571427,7,205.931,True,False,False,0.5599999999999999,22.194285714285712,1.04,0.5,-0.7485107481711011,0.6631226582407953,2018,cwma18,NEM,13.78
2018-11-18,148.345,7,168.8,True,False,False,10.88,21.94,1.04,0.5,-0.6631226582407956,0.7485107481711007,2018,cwma18,NEM,13.78
2018-11-25,158.36171428571427,7,189.4,True,False,False,25.68,21.962857142857143,1.04,0.5,-0.5680647467311559,0.8229838658936564,2018,cwma18,NEM,13.78
2018-12-02,158.18585714285715,7,186.5,True,False,False,6.18,21.042857142857144,1.05,0.309,-0.4647231720437684,0.88545602565321,2018,cwma18,NEM,7.35
2018-12-09,108.76857142857143,7,137.693,True,False,False,3.5200000000000005,21.977142857142855,1.05,0.309,-0.35460488704253595,0.9350162426854147,2018,cwma18,NEM,7.35
2018-12-16,72.736,7,78.689,True,False,False,0.7,21.754285714285714,1.05,0.309,-0.2393156642875578,0.970941817426052,2018,cwma18,NEM,7.35
2018-12-23,59.5,7,71.773,True,False,False,0.74,21.080000000000002,1.05,0.309,-0.12053668025532363,0.992708874098054,2018,cwma18,NEM,7.35
2018-12-30,48.03185714285714,7,58.037,True,False,False,4.36,22.057142857142857,1.05,0.309,6.432490598706546e-16,1.0,2018,cwma18,NEM,7.35
2019-01-06,30.753000000000004,7,41.696,True,False,False,0.0,19.57428571428571,0.99,0.387,0.12053668025532305,0.992708874098054,2018,cwma18,inter,2.76
2019-01-13,26.211857142857145,7,40.173,True,False,False,0.0,20.21142857142857,0.99,0.387,0.23931566428755774,0.970941817426052,2018,cwma18,inter,2.76
2019-01-20,28.34257142857143,7,39.042,True,False,False,0.0,20.12285714285714,0.99,0.387,0.3546048870425356,0.9350162426854148,2018,cwma18,inter,2.76
2019-01-27,40.71178571428572,7,57.444,True,False,False,1.44,20.737142857142857,0.99,0.387,0.4647231720437685,0.8854560256532099,2018,cwma18,inter,2.76
2019-02-03,24.216714285714286,7,45.510000000000005,True,False,False,0.6,21.294285714285714,0.94,0.416,0.5680647467311558,0.8229838658936564,2018,cwma18,inter,2.2
2019-02-10,29.897428571428573,7,43.529,True,False,False,24.919999999999995,23.125714285714285,0.94,0.416,0.6631226582407952,0.7485107481711011,2018,cwma18,inter,2.2
2019-02-17,11.331857142857144,7,14.225,True,False,False,0.26,23.268571428571427,0.94,0.416,0.7485107481711011,0.6631226582407953,2018,cwma18,inter,2.2
2019-02-24,29.471,7,46.776,True,False,False,0.06,23.728571428571428,0.94,0.416,0.8229838658936564,0.5680647467311558,2018,cwma18,inter,2.2
2019-03-03,16.205285714285715,7,29.187,True,False,False,3.24,23.91142857142857,0.87,0.225,0.8854560256532098,0.4647231720437686,2018,cwma18,inter,2.2
2019-03-10,16.215714285714284,7,22.317,True,False,False,0.7999999999999999,24.865714285714287,0.87,0.225,0.9350162426854148,0.35460488704253557,2018,cwma18,inter,2.2
2019-03-17,17.083571428571428,7,20.959,True,False,False,0.8,25.08857142857143,0.87,0.225,0.970941817426052,0.23931566428755804,2018,cwma18,inter,2.2
2019-03-24,16.041571428571427,7,20.218,True,False,False,1.94,25.16857142857143,0.87,0.225,0.992708874098054,0.120536680255323,2018,cwma18,inter,2.2
2019-03-31,10.841857142857142,7,14.505,True,False,False,1.84,25.925714285714285,0.87,0.225,1.0,-1.6081226496766366e-16,2018,cwma18,inter,2.2
2019-04-07,17.549857142857142,7,23.423,True,False,False,4.2,25.634285714285713,0.82,0.258,0.992708874098054,-0.12053668025532288,2018,cwma18,inter,2.2
2019-04-14,23.018,7,43.21,True,False,False,5.78,25.96857142857143,0.82,0.258,0.9709418174260521,-0.2393156642875575,2018,cwma18,inter,2.2
2019-04-21,17.612,7,21.654,True,False,False,10.78,25.637142857142855,0.82,0.258,0.9350162426854148,-0.35460488704253545,2018,cwma18,inter,2.2
2019-04-28,25.253285714285713,7,36.285,True,False,False,10.82,26.045714285714286,0.82,0.258,0.8854560256532099,-0.4647231720437685,2018,cwma18,inter,2.2
2019-05-05,36.36042857142857,7,60.484,True,False,False,10.36,24.68,0.71,0.54,0.8229838658936565,-0.5680647467311557,2018,cwma18,inter,2.2
2019-05-12,30.31857142857143,7,34.189,True,False,False,16.919999999999998,24.96857142857143,0.71,0.54,0.7485107481711013,-0.6631226582407951,2018,cwma18,inter,2.2
2019-05-19,24.34,7,29.805,True,False,False,9.38,25.342857142857145,0.71,0.54,0.6631226582407952,-0.7485107481711012,2018,cwma18,inter,2.2
2019-05-26,17.619285714285713,7,30.969,True,False,False,30.020000000000003,25.34857142857143,0.71,0.54,0.5680647467311558,-0.8229838658936564,2018,cwma18,inter,2.2
2019-06-02,27.82428571428571,7,50.413,True,False,False,29.64,25.231428571428573,0.59,0.605,0.46472317204376906,-0.8854560256532096,2019,cwma18,SWM,9.19
2019-06-09,38.81757142857143,7,46.918,True,False,False,38.2,24.46857142857143,0.59,0.605,0.35460488704253584,-0.9350162426854147,2019,cwma18,SWM,9.19
2019-06-16,22.824142857142856,7,31.063,True,False,False,35.94,23.28,0.59,0.605,0.23931566428755768,-0.970941817426052,2019,cwma18,SWM,9.19
2019-06-23,15.575714285714286,7,21.606,True,False,False,62.98,22.62857142857143,0.59,0.605,0.12053668025532308,-0.992708874098054,2019,cwma18,SWM,9.19
2019-06-30,8.561,7,10.072,True,False,False,23.22,22.75142857142857,0.59,0.605,-3.216245299353273e-16,-1.0,2019,cwma18,SWM,9.19
2019-07-07,8.311714285714286,7,9.546,True,False,False,40.099999999999994,22.351428571428574,0.38,0.597,-0.12053668025532283,-0.992708874098054,2019,cwma18,SWM,31.24
2019-07-14,6.6977142857142855,7,7.231,True,False,False,82.58,22.125714285714285,0.38,0.597,-0.23931566428755743,-0.9709418174260521,2019,cwma18,SWM,31.24
2019-07-21,11.0,7,14.038,True,False,False,92.52,21.822857142857142,0.38,0.597,-0.3546048870425356,-0.9350162426854148,2019,cwma18,SWM,31.24
2019-07-28,194.55957142857142,7,256.325,True,False,False,63.24,21.351428571428574,0.38,0.597,-0.46472317204376806,-0.8854560256532101,2019,cwma18,SWM,31.24
2019-08-04,233.364,7,308.727,True,False,False,23.080000000000002,21.657142857142855,0.2,0.436,-0.5680647467311556,-0.8229838658936565,2019,cwma18,SWM,45.95
2019-08-11,922.1474285714285,7,3271.276,True,False,False,120.16,21.36285714285714,0.2,0.436,-0.663122658240795,-0.7485107481711013,2019,cwma18,SWM,45.95
2019-08-18,2545.8211428571426,7,6691.7,True,False,False,79.7,21.41714285714286,0.2,0.436,-0.7485107481711011,-0.6631226582407952,2019,cwma18,SWM,45.95
2019-08-25,550.6949999999999,7,964.568,True,False,False,51.9,21.5,0.2,0.436,-0.8229838658936564,-0.5680647467311559,2019,cwma18,SWM,45.95
2019-09-01,356.69728571428567,7,460.73,True,False,False,42.480000000000004,21.725714285714282,0.31,0.892,-0.8854560256532096,-0.4647231720437691,2019,cwma18,SWM,36.76
2019-09-08,1166.1847142857143,7,2338.429,True,False,False,72.34,21.454285714285714,0.31,0.892,-0.9350162426854147,-0.3546048870425359,2019,cwma18,SWM,36.76
2019-09-15,1339.7555714285716,7,2171.763,True,False,False,30.68,22.125714285714285,0.31,0.892,-0.970941817426052,-0.23931566428755774,2019,cwma18,SWM,36.76
2019-09-22,374.514,7,495.465,True,False,False,27.299999999999997,22.31714285714286,0.31,0.892,-0.992708874098054,-0.12053668025532357,2019,cwma18,SWM,36.76
2019-09-29,638.4451428571429,7,1176.484,True,False,False,80.89999999999999,22.225714285714286,0.31,0.892,-1.0,-1.8369701987210297e-16,2019,cwma18,SWM,36.76
2019-10-06,340.39,7,656.076,True,False,False,66.84,22.434285714285718,0.51,0.964,-0.992708874098054,0.1205366802553232,2019,cwma18,NEM,20.22
2019-10-13,405.4704285714286,7,659.276,True,False,False,63.480000000000004,22.21142857142857,0.51,0.964,-0.9709418174260521,0.23931566428755738,2019,cwma18,NEM,20.22
2019-10-20,466.64057142857143,7,836.741,True,False,False,85.32,22.26571428571429,0.51,0.964,-0.9350162426854148,0.35460488704253557,2019,cwma18,NEM,20.22
2019-10-27,745.3441428571429,7,1557.514,True,False,False,108.2,21.102857142857143,0.51,0.964,-0.8854560256532101,0.464723172043768,2019,cwma18,NEM,20.22
2019-11-03,506.4188571428571,7,805.113,True,False,False,38.64,21.291428571428575,0.72,0.835,-0.822983865893657,0.5680647467311548,2019,cwma18,NEM,13.78
2019-11-10,294.70428571428573,7,611.311,True,False,False,24.66,22.208571428571428,0.72,0.835,-0.7485107481711011,0.6631226582407953,2019,cwma18,NEM,13.78
2019-11-17,329.0532857142857,7,638.413,True,False,False,14.94,21.805714285714284,0.72,0.835,-0.6631226582407956,0.7485107481711007,2019,cwma18,NEM,13.78
2019-11-24,198.80671428571426,7,212.108,True,False,False,13.079999999999998,22.117142857142856,0.72,0.835,-0.5680647467311559,0.8229838658936564,2019,cwma18,NEM,13.78
2019-12-01,192.3667142857143,7,204.121,True,False,False,20.02,21.891428571428573,0.75,0.243,-0.4647231720437684,0.88545602565321,2019,cwma18,NEM,7.35
2019-12-08,204.11714285714285,7,239.536,True,False,False,14.54,20.97142857142857,0.75,0.243,-0.35460488704253595,0.9350162426854147,2019,cwma18,NEM,7.35
2019-12-15,172.2392857142857,7,207.605,True,False,False,14.279999999999998,21.08285714285714,0.75,0.243,-0.2393156642875578,0.970941817426052,2019,cwma18,NEM,7.35
2019-12-22,142.26157142857144,7,152.03,True,False,False,0.3,21.38,0.75,0.243,-0.12053668025532363,0.992708874098054,2019,cwma18,NEM,7.35
2019-12-29,106.46828571428571,7,134.302,True,False,False,6.4799999999999995,22.094285714285714,0.75,0.243,6.432490598706546e-16,1.0,2019,cwma18,NEM,7.35
2020-01-05,73.19200000000001,7,83.778,True,False,False,2.52,21.945714285714285,0.71,0.173,0.12053668025532305,0.992708874098054,2019,cwma18,inter,2.76
2020-01-12,59.82528571428571,7,63.693,True,False,False,0.1,21.825714285714287,0.71,0.173,0.23931566428755774,0.970941817426052,2019,cwma18,inter,2.76
2020-01-19,42.395857142857146,7,52.34,True,False,False,1.8399999999999996,21.382857142857144,0.71,0.173,0.3546048870425356,0.9350162426854148,2019,cwma18,inter,2.76
2020-01-26,49.888340909090914,4,57.978,True,False,False,0.0,22.185714285714287,0.71,0.173,0.4647231720437685,0.8854560256532099,2019,cwma18,inter,2.76
2020-02-02,33.562741883116885,2,16.74,False,False,True,0.44,22.657142857142855,0.66,0.054,0.5680647467311558,0.8229838658936564,2019,cwma18,inter,2.2
2020-02-09,17.237142857142857,7,31.496,True,False,False,0.14,22.08285714285714,0.66,0.054,0.6631226582407952,0.7485107481711011,2019,cwma18,inter,2.2
2020-02-16,20.848142857142857,7,29.0,True,False,False,0.0,23.231428571428573,0.66,0.054,0.7485107481711011,0.6631226582407953,2019,cwma18,inter,2.2
2020-02-23,12.181714285714287,7,25.17,True,False,False,0.0,23.174285714285713,0.66,0.054,0.8229838658936564,0.5680647467311558,2019,cwma18,inter,2.2
2020-03-01,20.099999999999998,7,90.0,True,False,False,4.16,24.18285714285714,0.57,0.019,0.8854560256532098,0.4647231720437686,2019,cwma18,inter,2.2
2020-03-08,31.428857142857144,7,55.398,True,False,False,15.760000000000002,23.337142857142855,0.57,0.019,0.9350162426854148,0.35460488704253557,2019,cwma18,inter,2.2
2020-03-15,16.51942857142857,7,19.439,True,False,False,1.08,24.865714285714287,0.57,0.019,0.970941817426052,0.23931566428755804,2019,cwma18,inter,2.2
2020-03-22,9.965571428571428,7,12.34,True,False,False,1.5999999999999999,25.560000000000002,0.57,0.019,0.992708874098054,0.120536680255323,2019,cwma18,inter,2.2
2020-03-29,20.65511111111111,4,25.104,True,False,False,2.14,25.31142857142857,0.57,0.019,1.0,-1.6081226496766366e-16,2019,cwma18,inter,2.2
2020-04-05,,0,,False,True,True,1.6599999999999997,26.17142857142857,0.33,-0.011,0.992708874098054,-0.12053668025532288,2019,cwma18,inter,2.2
2020-04-12,,0,,False,True,True,20.86,24.72,0.33,-0.011,0.9709418174260521,-0.2393156642875575,2019,cwma18,inter,2.2
2020-04-19,,0,,False,True,False,5.1000000000000005,25.948571428571427,0.33,-0.011,0.9350162426854148,-0.35460488704253545,2019,cwma18,inter,2.2
2020-04-26,20.629571428571428,7,40.951,True,False,False,16.64,25.545714285714286,0.33,-0.011,0.8854560256532099,-0.4647231720437685,2019,cwma18,inter,2.2
2020-05-03,46.59271428571429,7,84.06,True,False,False,16.66,25.285714285714285,0.04,0.298,0.8229838658936565,-0.5680647467311557,2019,cwma18,inter,2.2
2020-05-10,26.898571428571426,7,41.1,True,False,False,10.76,25.997142857142855,0.04,0.298,0.7485107481711013,-0.6631226582407951,2019,cwma18,inter,2.2
2020-05-17,20.184285714285714,7,26.15,True,False,False,21.759999999999998,25.794285714285714,0.04,0.298,0.6631226582407952,-0.7485107481711012,2019,cwma18,inter,2.2
2020-05-24,67.23,7,136.2,True,False,False,15.540000000000001,24.405714285714286,0.04,0.298,0.5680647467311558,-0.8229838658936564,2019,cwma18,inter,2.2
2020-05-31,75.13571428571429,7,155.0,True,False,False,37.12,24.865714285714287,0.04,0.298,0.46472317204376906,-0.8854560256532096,2019,cwma18,inter,2.2
2020-06-07,78.09057142857144,7,127.906,True,False,False,38.1,22.754285714285714,-0.18,0.455,0.35460488704253584,-0.9350162426854147,2020,cwma18,SWM,9.19
2020-06-14,75.30985714285714,7,192.007,True,False,False,32.08,22.542857142857144,-0.18,0.455,0.23931566428755768,-0.970941817426052,2020,cwma18,SWM,9.19
2020-06-21,72.27514285714285,7,81.496,True,False,False,28.62,22.58857142857143,-0.18,0.455,0.12053668025532308,-0.992708874098054,2020,cwma18,SWM,9.19
2020-06-28,67.53999999999999,7,82.311,True,False,False,39.54,22.66857142857143,-0.18,0.455,-3.216245299353273e-16,-1.0,2020,cwma18,SWM,9.19
2020-07-05,70.74228571428571,7,90.134,True,False,False,84.3,21.962857142857143,-0.29,0.319,-0.12053668025532283,-0.992708874098054,2020,cwma18,SWM,31.24
2020-07-12,69.17371428571428,7,85.699,True,False,False,31.979999999999997,21.888571428571428,-0.29,0.319,-0.23931566428755743,-0.9709418174260521,2020,cwma18,SWM,31.24
2020-07-19,106.16142857142857,7,155.0,True,False,False,80.28,21.554285714285715,-0.29,0.319,-0.3546048870425356,-0.9350162426854148,2020,cwma18,SWM,31.24
2020-07-26,183.05785714285713,7,203.416,True,False,False,74.84,22.617142857142856,-0.29,0.319,-0.46472317204376806,-0.8854560256532101,2020,cwma18,SWM,31.24
2020-08-02,162.35514285714288,7,247.191,True,False,False,118.48,21.68,-0.43,-0.183,-0.5680647467311556,-0.8229838658936565,2020,cwma18,SWM,45.95
2020-08-09,884.7985714285714,7,3150.0,True,False,False,161.22,21.251428571428573,-0.43,-0.183,-0.663122658240795,-0.7485107481711013,2020,cwma18,SWM,45.95
2020-08-16,1174.1371428571426,7,3788.4,True,False,False,47.660000000000004,21.405714285714286,-0.43,-0.183,-0.7485107481711011,-0.6631226582407952,2020,cwma18,SWM,45.95
2020-08-23,497.6277142857143,7,1214.018,True,False,False,18.66,21.874285714285715,-0.43,-0.183,-0.8229838658936564,-0.5680647467311559,2020,cwma18,SWM,45.95
2020-08-30,187.3167142857143,7,279.683,True,False,False,7.24,22.825714285714287,-0.43,-0.183,-0.8854560256532096,-0.4647231720437691,2020,cwma18,SWM,45.95
2020-09-06,391.95557142857143,7,663.355,True,False,False,93.6,22.534285714285716,-0.77,-0.189,-0.9350162426854147,-0.3546048870425359,2020,cwma18,SWM,36.76
2020-09-13,264.1095714285714,7,323.504,True,False,False,96.06,21.59714285714286,-0.77,-0.189,-0.970941817426052,-0.23931566428755774,2020,cwma18,SWM,36.76
2020-09-20,373.5347142857143,7,449.557,True,False,False,81.76,21.32,-0.77,-0.189,-0.992708874098054,-0.12053668025532357,2020,cwma18,SWM,36.76
2020-09-27,1004.5205714285714,7,2014.765,True,False,False,45.099999999999994,21.548571428571428,-0.77,-0.189,-1.0,-1.8369701987210297e-16,2020,cwma18,SWM,36.76
2020-10-04,288.479,7,398.66,True,False,False,14.32,21.82857142857143,-1.0,0.074,-0.992708874098054,0.1205366802553232,2020,cwma18,NEM,20.22
2020-10-11,387.1932857142857,7,641.276,True,False,False,49.6,22.228571428571428,-1.0,0.074,-0.9709418174260521,0.23931566428755738,2020,cwma18,NEM,20.22
2020-10-18,274.53157142857145,7,510.531,True,False,False,44.8,21.305714285714284,-1.0,0.074,-0.9350162426854148,0.35460488704253557,2020,cwma18,NEM,20.22
2020-10-25,512.6445,7,586.611,True,False,False,51.98,21.457142857142856,-1.0,0.074,-0.8854560256532101,0.464723172043768,2020,cwma18,NEM,20.22
2020-11-01,299.66614285714286,7,438.222,True,False,False,10.719999999999999,22.017142857142858,-1.11,0.02,-0.822983865893657,0.5680647467311548,2020,cwma18,NEM,13.78
2020-11-08,284.7604285714286,7,492.633,True,False,False,23.9,22.62,-1.11,0.02,-0.7485107481711011,0.6631226582407953,2020,cwma18,NEM,13.78
2020-11-15,238.40757142857143,7,303.074,True,False,False,13.86,21.611428571428572,-1.11,0.02,-0.6631226582407956,0.7485107481711007,2020,cwma18,NEM,13.78
2020-11-22,293.91414285714285,7,380.946,True,False,False,14.12,21.428571428571427,-1.11,0.02,-0.5680647467311559,0.8229838658936564,2020,cwma18,NEM,13.78
2020-11-29,212.13357142857143,7,245.539,True,False,False,2.6,21.202857142857145,-1.11,0.02,-0.4647231720437684,0.88545602565321,2020,cwma18,NEM,13.78
2020-12-06,188.7055,7,214.41950000000003,True,False,False,13.480000000000002,21.337142857142855,-1.06,0.031,-0.35460488704253595,0.9350162426854147,2020,cwma18,NEM,7.35
2020-12-13,221.64035714285714,7,262.468,True,False,False,18.82,21.062857142857144,-1.06,0.031,-0.2393156642875578,0.970941817426052,2020,cwma18,NEM,7.35
2020-12-20,104.3075,7,130.377,True,False,False,0.58,20.928571428571427,-1.06,0.031,-0.12053668025532363,0.992708874098054,2020,cwma18,NEM,7.35
2020-12-27,68.88728571428571,7,87.555,True,False,False,0.9199999999999999,20.948571428571427,-1.06,0.031,6.432490598706546e-16,1.0,2020,cwma18,NEM,7.35
2021-01-03,68.24014285714286,7,81.244,True,False,False,7.56,21.548571428571428,-0.99,0.051,0.12053668025532314,0.992708874098054,2020,cwma18,inter,2.76
2021-01-10,72.83685714285714,7,101.912,True,False,False,40.5,21.725714285714282,-0.99,0.051,0.12053668025532305,0.992708874098054,2020,cwma18,inter,2.76
2021-01-17,62.338857142857144,7,75.251,True,False,False,2.22,21.34857142857143,-0.99,0.051,0.23931566428755774,0.970941817426052,2020,cwma18,inter,2.76
2021-01-24,52.568285714285715,7,63.932,True,False,False,0.08,21.357142857142858,-0.99,0.051,0.3546048870425356,0.9350162426854148,2020,cwma18,inter,2.76
2021-01-31,48.16457142857143,7,51.819,True,False,False,0.0,21.125714285714285,-0.99,0.051,0.4647231720437685,0.8854560256532099,2020,cwma18,inter,2.76
2021-02-07,57.63207142857143,7,202.261,True,False,False,0.04,21.73428571428571,-0.85,0.243,0.5680647467311558,0.8229838658936564,2020,cwma18,inter,2.2
2021-02-14,12.646428571428572,7,19.553,True,False,False,0.13999999999999999,21.16857142857143,-0.85,0.243,0.6631226582407952,0.7485107481711011,2020,cwma18,inter,2.2
2021-02-21,10.947428571428572,7,28.598,True,False,False,20.700000000000003,21.214285714285715,-0.85,0.243,0.7485107481711011,0.6631226582407953,2020,cwma18,inter,2.2
2021-02-28,66.31492857142857,7,230.102,True,False,False,1.24,22.639999999999997,-0.85,0.243,0.8229838658936564,0.5680647467311558,2020,cwma18,inter,2.2
2021-03-07,23.76442857142857,7,34.238,True,False,False,0.0,23.24285714285714,-0.74,0.267,0.8854560256532098,0.4647231720437686,2020,cwma18,inter,2.2
2021-03-14,16.177357142857144,7,42.0415,True,False,False,0.7799999999999999,23.891428571428573,-0.74,0.267,0.9350162426854148,0.35460488704253557,2020,cwma18,inter,2.2
2021-03-21,17.94892857142857,7,76.633,True,False,False,0.24,24.414285714285715,-0.74,0.267,0.970941817426052,0.23931566428755804,2020,cwma18,inter,2.2
2021-03-28,21.39085714285714,7,27.481,True,False,False,0.74,25.842857142857145,-0.74,0.267,0.992708874098054,0.120536680255323,2020,cwma18,inter,2.2
2021-04-04,48.05885714285714,7,182.521,True,False,False,2.1999999999999997,25.442857142857143,-0.56,0.25,1.0,-1.6081226496766366e-16,2020,cwma18,inter,2.2
2021-04-11,12.90857142857143,7,17.26,True,False,False,2.8600000000000003,25.982857142857142,-0.56,0.25,0.992708874098054,-0.12053668025532288,2020,cwma18,inter,2.2
2021-04-18,14.539142857142858,7,50.0,True,False,False,42.92,24.00857142857143,-0.56,0.25,0.9709418174260521,-0.2393156642875575,2020,cwma18,inter,2.2
2021-04-25,49.98571428571428,7,75.0,True,False,False,41.480000000000004,23.86285714285714,-0.56,0.25,0.9350162426854148,-0.35460488704253545,2020,cwma18,inter,2.2
2021-05-02,50.22571428571428,7,90.28,True,False,False,11.919999999999998,24.80857142857143,-0.4,0.009,0.8854560256532099,-0.4647231720437685,2020,cwma18,inter,2.2
2021-05-09,25.437,7,38.85,True,False,False,26.92,24.631428571428568,-0.4,0.009,0.8229838658936565,-0.5680647467311557,2020,cwma18,inter,2.2
2021-05-16,30.994285714285716,7,70.0,True,False,False,109.07999999999998,23.174285714285713,-0.4,0.009,0.7485107481711013,-0.6631226582407951,2020,cwma18,inter,2.2
2021-05-23,61.26714285714286,7,73.75,True,False,False,60.980000000000004,22.754285714285714,-0.4,0.009,0.6631226582407952,-0.7485107481711012,2020,cwma18,inter,2.2
2021-05-30,55.01857142857143,7,72.87,True,False,False,16.66,22.745714285714286,-0.4,0.009,0.5680647467311558,-0.8229838658936564,2020,cwma18,inter,2.2
2021-06-06,22.288571428571426,7,36.8,True,False,False,48.839999999999996,23.045714285714286,-0.31,-0.002,0.46472317204376906,-0.8854560256532096,2021,cwma18,SWM,9.19
2021-06-13,54.359428571428566,7,73.205,True,False,False,42.72,22.134285714285713,-0.31,-0.002,0.35460488704253584,-0.9350162426854147,2021,cwma18,SWM,9.19
2021-06-20,47.26285714285715,7,51.312,True,False,False,77.2,21.322857142857142,-0.31,-0.002,0.23931566428755768,-0.970941817426052,2021,cwma18,SWM,9.19
2021-06-27,162.32985714285715,7,231.228,True,False,False,18.159999999999997,22.134285714285713,-0.31,-0.002,0.12053668025532308,-0.992708874098054,2021,cwma18,SWM,9.19
2021-07-04,118.29842857142856,7,232.722,True,False,False,22.380000000000003,22.900000000000002,-0.35,-0.229,-3.216245299353273e-16,-1.0,2021,cwma18,SWM,31.24
2021-07-11,109.56157142857144,7,177.378,True,False,False,60.980000000000004,22.140000000000004,-0.35,-0.229,-0.12053668025532283,-0.992708874098054,2021,cwma18,SWM,31.24
2021-07-18,119.66342857142857,7,310.0,True,False,False,165.98000000000002,20.885714285714283,-0.35,-0.229,-0.23931566428755743,-0.9709418174260521,2021,cwma18,SWM,31.24
2021-07-25,426.7301428571428,7,900.0,True,False,False,89.19999999999999,21.24285714285714,-0.35,-0.229,-0.3546048870425356,-0.9350162426854148,2021,cwma18,SWM,31.24
2021-08-01,713.7588571428571,7,991.738,True,False,False,26.96,21.594285714285714,-0.46,-0.099,-0.46472317204376806,-0.8854560256532101,2021,cwma18,SWM,45.95
2021-08-08,149.46257142857144,7,226.372,True,False,False,39.96,21.78,-0.46,-0.099,-0.5680647467311556,-0.8229838658936565,2021,cwma18,SWM,45.95
2021-08-15,254.9192857142857,7,382.515,True,False,False,37.28,21.74857142857143,-0.46,-0.099,-0.663122658240795,-0.7485107481711013,2021,cwma18,SWM,45.95
2021-08-22,190.84799999999998,7,305.0,True,False,False,24.54,21.694285714285716,-0.46,-0.099,-0.7485107481711011,-0.6631226582407952,2021,cwma18,SWM,45.95
2021-08-29,308.7412857142857,7,445.0,True,False,False,103.47999999999999,21.73428571428571,-0.46,-0.099,-0.8229838658936564,-0.5680647467311559,2021,cwma18,SWM,45.95
2021-09-05,468.09342857142855,7,620.0,True,False,False,80.28,21.259999999999998,-0.64,-0.058,-0.8854560256532096,-0.4647231720437691,2021,cwma18,SWM,36.76
2021-09-12,376.7831428571429,7,512.847,True,False,False,62.54,21.32857142857143,-0.64,-0.058,-0.9350162426854147,-0.3546048870425359,2021,cwma18,SWM,36.76
2021-09-19,392.96599999999995,7,533.692,True,False,False,17.54,22.34857142857143,-0.64,-0.058,-0.970941817426052,-0.23931566428755774,2021,cwma18,SWM,36.76
2021-09-26,269.5574285714286,7,344.509,True,False,False,18.8,22.431428571428572,-0.64,-0.058,-0.992708874098054,-0.12053668025532357,2021,cwma18,SWM,36.76
2021-10-03,323.2371428571428,7,400.0,True,False,False,62.980000000000004,22.18857142857143,-0.77,-0.091,-1.0,-1.8369701987210297e-16,2021,cwma18,NEM,20.22
2021-10-10,400.3737142857143,7,494.134,True,False,False,60.800000000000004,22.19142857142857,-0.77,-0.091,-0.992708874098054,0.1205366802553232,2021,cwma18,NEM,20.22
2021-10-17,508.19571428571425,7,713.846,True,False,False,76.88000000000001,21.942857142857143,-0.77,-0.091,-0.9709418174260521,0.23931566428755738,2021,cwma18,NEM,20.22
2021-10-24,557.7685714285715,7,1077.212,True,False,False,58.96,22.085714285714285,-0.77,-0.091,-0.9350162426854148,0.35460488704253557,2021,cwma18,NEM,20.22
2021-10-31,709.9462857142856,7,1161.526,True,False,False,34.86,21.917142857142856,-0.77,-0.091,-0.8854560256532101,0.464723172043768,2021,cwma18,NEM,20.22
2021-11-07,474.0368571428571,7,855.755,True,False,False,65.64,21.34857142857143,-0.91,0.069,-0.822983865893657,0.5680647467311548,2021,cwma18,NEM,13.78
2021-11-14,623.4568571428572,7,960.0,True,False,False,82.74000000000001,20.52,-0.91,0.069,-0.7485107481711011,0.6631226582407953,2021,cwma18,NEM,13.78
2021-11-21,1401.9452857142858,7,1769.679,True,False,False,63.88,21.177142857142858,-0.91,0.069,-0.6631226582407956,0.7485107481711007,2021,cwma18,NEM,13.78
2021-11-28,738.5288571428572,7,1029.229,True,False,False,27.18,21.37714285714286,-0.91,0.069,-0.5680647467311559,0.8229838658936564,2021,cwma18,NEM,13.78
2021-12-05,431.3911428571429,7,569.419,True,False,False,19.38,21.39428571428571,-0.83,-0.12,-0.4647231720437684,0.88545602565321,2021,cwma18,NEM,7.35
2021-12-12,452.4185714285714,7,623.775,True,False,False,3.32,21.41714285714286,-0.83,-0.12,-0.35460488704253595,0.9350162426854147,2021,cwma18,NEM,7.35
2021-12-19,259.42228571428575,7,365.456,True,False,False,0.72,20.345714285714287,-0.83,-0.12,-0.2393156642875578,0.970941817426052,2021,cwma18,NEM,7.35
2021-12-26,160.02328571428572,7,210.0,True,False,False,0.02,19.702857142857145,-0.83,-0.12,-0.12053668025532363,0.992708874098054,2021,cwma18,NEM,7.35
2022-01-02,131.527,7,140.297,True,False,False,1.5,20.717142857142854,-0.76,-0.056,6.432490598706546e-16,1.0,2021,cwma18,inter,2.76
2022-01-09,103.26942857142856,7,130.527,True,False,False,0.48,20.794285714285714,-0.76,-0.056,0.12053668025532305,0.992708874098054,2021,cwma18,inter,2.76
2022-01-16,70.21414285714286,7,81.661,True,False,False,0.16000000000000003,21.208571428571428,-0.76,-0.056,0.23931566428755774,0.970941817426052,2021,cwma18,inter,2.76
2022-01-23,43.96307142857143,7,49.17,True,False,False,1.1600000000000001,21.360000000000003,-0.76,-0.056,0.3546048870425356,0.9350162426854148,2021,cwma18,inter,2.76
2022-01-30,48.59014285714286,7,57.758,True,False,False,0.66,21.194285714285716,-0.76,-0.056,0.4647231720437685,0.8854560256532099,2021,cwma18,inter,2.76
2022-02-06,49.93814285714286,7,56.803,True,False,False,0.02,22.354285714285712,-0.68,-0.082,0.5680647467311558,0.8229838658936564,2021,cwma18,inter,2.2
2022-02-13,29.751571428571427,7,43.715,True,False,False,0.0,22.43142857142857,-0.68,-0.082,0.6631226582407952,0.7485107481711011,2021,cwma18,inter,2.2
2022-02-20,22.180714285714284,7,28.0,True,False,False,0.6599999999999999,22.90285714285714,-0.68,-0.082,0.7485107481711011,0.6631226582407953,2021,cwma18,inter,2.2
2022-02-27,49.792142857142856,7,72.691,True,False,False,0.0,23.24857142857143,-0.68,-0.082,0.8229838658936564,0.5680647467311558,2021,cwma18,inter,2.2
2022-03-06,47.325428571428574,7,50.0,True,False,False,0.0,23.694285714285716,-0.77,-0.093,0.8854560256532098,0.4647231720437686,2021,cwma18,inter,2.2
2022-03-13,46.263714285714286,7,49.718,True,False,False,2.32,24.47714285714286,-0.77,-0.093,0.9350162426854148,0.35460488704253557,2021,cwma18,inter,2.2
2022-03-20,44.74771428571428,7,57.01,True,False,False,5.46,24.90285714285714,-0.77,-0.093,0.970941817426052,0.23931566428755804,2021,cwma18,inter,2.2
2022-03-27,74.77671428571429,7,91.119,True,False,False,15.34,24.15142857142857,-0.77,-0.093,0.992708874098054,0.120536680255323,2021,cwma18,inter,2.2
2022-04-03,73.79285714285713,7,78.46,True,False,False,9.82,25.165714285714284,-0.86,-0.068,1.0,-1.6081226496766366e-16,2021,cwma18,inter,2.2
2022-04-10,44.620999999999995,7,62.35,True,False,False,3.84,25.085714285714285,-0.86,-0.068,0.992708874098054,-0.12053668025532288,2021,cwma18,inter,2.2
2022-04-17,65.81371428571428,7,86.17,True,False,False,42.0,24.125714285714285,-0.86,-0.068,0.9709418174260521,-0.2393156642875575,2021,cwma18,inter,2.2
2022-04-24,95.05428571428571,7,120.07,True,False,False,12.299999999999999,24.86285714285714,-0.86,-0.068,0.9350162426854148,-0.35460488704253545,2021,cwma18,inter,2.2
2022-05-01,57.66428571428571,7,70.42,True,False,False,8.079999999999998,25.791428571428572,-0.83,-0.122,0.8854560256532099,-0.4647231720437685,2021,cwma18,inter,2.2
2022-05-08,139.34142857142857,7,195.0,True,False,False,38.56,24.354285714285716,-0.83,-0.122,0.8229838658936565,-0.5680647467311557,2021,cwma18,inter,2.2
2022-05-15,138.37285714285716,7,210.0,True,False,False,53.080000000000005,22.49142857142857,-0.83,-0.122,0.7485107481711013,-0.6631226582407951,2021,cwma18,inter,2.2
2022-05-22,599.6228571428572,7,1273.58,True,False,False,162.6,21.66857142857143,-0.83,-0.122,0.6631226582407952,-0.7485107481711012,2021,cwma18,inter,2.2
2022-05-29,198.87857142857143,7,304.41,True,False,False,14.620000000000001,23.12285714285714,-0.83,-0.122,0.5680647467311558,-0.8229838658936564,2021,cwma18,inter,2.2
2022-06-05,113.10857142857142,7,140.4,True,False,False,26.799999999999997,23.074285714285715,-0.73,-0.335,0.46472317204376906,-0.8854560256532096,2022,cwma18,SWM,9.19
2022-06-12,272.7142857142857,7,569.5,True,False,False,22.88,22.74857142857143,-0.73,-0.335,0.35460488704253584,-0.9350162426854147,2022,cwma18,SWM,9.19
2022-06-19,174.51571428571427,7,348.4,True,False,False,53.879999999999995,22.359999999999996,-0.73,-0.335,0.23931566428755768,-0.970941817426052,2022,cwma18,SWM,9.19
2022-06-26,173.95714285714286,7,271.9,True,False,False,38.940000000000005,21.639999999999997,-0.73,-0.335,0.12053668025532308,-0.992708874098054,2022,cwma18,SWM,9.19
2022-07-03,101.17428571428572,7,154.9,True,False,False,34.56,21.694285714285712,-0.7,-0.195,-3.216245299353273e-16,-1.0,2022,cwma18,SWM,31.24
2022-07-10,104.19428571428571,7,165.0,True,False,False,158.96,20.525714285714287,-0.7,-0.195,-0.12053668025532283,-0.992708874098054,2022,cwma18,SWM,31.24
2022-07-17,2503.1,7,3215.0,True,False,False,68.12,20.905714285714286,-0.7,-0.195,-0.23931566428755743,-0.9709418174260521,2022,cwma18,SWM,31.24
2022-07-24,1767.9285714285713,7,3208.0,True,False,False,45.98,21.71142857142857,-0.7,-0.195,-0.3546048870425356,-0.9350162426854148,2022,cwma18,SWM,31.24
2022-07-31,588.4571428571428,7,786.1,True,False,False,61.5,22.28,-0.7,-0.195,-0.46472317204376806,-0.8854560256532101,2022,cwma18,SWM,31.24
2022-08-07,3426.714285714286,7,4879.0,True,False,False,163.29999999999998,21.157142857142855,-0.78,-0.246,-0.5680647467311556,-0.8229838658936565,2022,cwma18,SWM,45.95
2022-08-14,3324.714285714286,7,4159.0,True,False,False,36.06,21.237142857142857,-0.78,-0.246,-0.663122658240795,-0.7485107481711013,2022,cwma18,SWM,45.95
2022-08-21,730.7857142857143,7,1912.0,True,False,False,13.260000000000002,22.16,-0.78,-0.246,-0.7485107481711011,-0.6631226582407952,2022,cwma18,SWM,45.95
2022-08-28,1162.1,7,3173.0,True,False,False,85.98,21.16857142857143,-0.78,-0.246,-0.8229838658936564,-0.5680647467311559,2022,cwma18,SWM,45.95
2022-09-04,2452.4285714285716,7,3913.0,True,False,False,84.02,22.125714285714285,-0.87,-0.322,-0.8854560256532096,-0.4647231720437691,2022,cwma18,SWM,36.76
2022-09-11,2286.8571428571427,7,3330.0,True,False,False,69.02,21.634285714285713,-0.87,-0.322,-0.9350162426854147,-0.3546048870425359,2022,cwma18,SWM,36.76
2022-09-18,1137.7285714285715,7,1619.0,True,False,False,17.740000000000002,21.791428571428572,-0.87,-0.322,-0.970941817426052,-0.23931566428755774,2022,cwma18,SWM,36.76
2022-09-25,480.9714285714286,7,759.4,True,False,False,9.94,21.577142857142857,-0.87,-0.322,-0.992708874098054,-0.12053668025532357,2022,cwma18,SWM,36.76
2022-10-02,324.6928571428571,7,376.05,True,False,False,14.940000000000001,21.731428571428573,-0.89,-0.691,-1.0,-1.8369701987210297e-16,2022,cwma18,NEM,20.22
2022-10-09,435.2142857142857,7,489.7,True,False,False,12.919999999999998,21.81714285714286,-0.89,-0.691,-0.992708874098054,0.1205366802553232,2022,cwma18,NEM,20.22
2022-10-16,1669.5571428571427,7,4754.0,True,False,False,108.42,21.634285714285713,-0.89,-0.691,-0.9709418174260521,0.23931566428755738,2022,cwma18,NEM,20.22
2022-10-23,2731.0,7,4587.0,True,False,False,56.32,21.465714285714284,-0.89,-0.691,-0.9350162426854148,0.35460488704253557,2022,cwma18,NEM,20.22
2022-10-30,720.0285714285714,7,1600.0,True,False,False,3.52,20.725714285714282,-0.89,-0.691,-0.8854560256532101,0.464723172043768,2022,cwma18,NEM,20.22
2022-11-06,551.5714285714286,7,759.1,True,False,False,22.880000000000003,21.405714285714286,-0.82,-0.269,-0.822983865893657,0.5680647467311548,2022,cwma18,NEM,13.78
2022-11-13,429.74285714285713,7,570.2,True,False,False,17.259999999999998,20.94,-0.82,-0.269,-0.7485107481711011,0.6631226582407953,2022,cwma18,NEM,13.78
2022-11-20,446.35714285714283,7,667.9,True,False,False,3.1199999999999997,20.354285714285716,-0.82,-0.269,-0.6631226582407956,0.7485107481711007,2022,cwma18,NEM,13.78
2022-11-27,375.2642857142857,7,511.4,True,False,False,13.92,20.854285714285712,-0.82,-0.269,-0.5680647467311559,0.8229838658936564,2022,cwma18,NEM,13.78
2022-12-04,328.74285714285713,7,367.6,True,False,False,6.62,21.46857142857143,-0.7,-0.091,-0.4647231720437684,0.88545602565321,2022,cwma18,NEM,7.35
2022-12-11,286.1,7,372.3,True,False,False,29.839999999999996,20.07428571428571,-0.7,-0.091,-0.35460488704253595,0.9350162426854147,2022,cwma18,NEM,7.35
2022-12-18,385.6857142857143,7,498.6,True,False,False,24.32,20.114285714285717,-0.7,-0.091,-0.2393156642875578,0.970941817426052,2022,cwma18,NEM,7.35
2022-12-25,198.29999999999998,7,236.8,True,False,False,0.49999999999999994,19.928571428571427,-0.7,-0.091,-0.12053668025532363,0.992708874098054,2022,cwma18,NEM,7.35
2023-01-01,150.4,7,159.7,True,False,False,1.22,21.25142857142857,-0.55,0.11,6.432490598706546e-16,1.0,2022,cwma18,inter,2.76
2023-01-08,115.49142857142859,7,141.1,True,False,False,0.0,20.36285714285714,-0.55,0.11,0.12053668025532305,0.992708874098054,2022,cwma18,inter,2.76
2023-01-15,66.36857142857143,7,76.13,True,False,False,0.0,19.437142857142856,-0.55,0.11,0.23931566428755774,0.970941817426052,2022,cwma18,inter,2.76
2023-01-22,48.18714285714286,7,59.66,True,False,False,0.02,20.32,-0.55,0.11,0.3546048870425356,0.9350162426854148,2022,cwma18,inter,2.76
2023-01-29,75.55142857142857,7,88.07,True,False,False,3.92,20.63714285714286,-0.55,0.11,0.4647231720437685,0.8854560256532099,2022,cwma18,inter,2.76
2023-02-05,82.36,7,111.8,True,False,False,0.7600000000000001,22.03142857142857,-0.33,0.157,0.5680647467311558,0.8229838658936564,2022,cwma18,inter,2.2
2023-02-12,53.36,7,72.16,True,False,False,0.0,22.517142857142858,-0.33,0.157,0.6631226582407952,0.7485107481711011,2022,cwma18,inter,2.2
2023-02-19,35.62357142857143,7,53.18,True,False,False,0.0,22.37714285714286,-0.33,0.157,0.7485107481711011,0.6631226582407953,2022,cwma18,inter,2.2
2023-02-26,35.80428571428571,7,48.64,True,False,False,0.0,22.954285714285714,-0.33,0.157,0.8229838658936564,0.5680647467311558,2022,cwma18,inter,2.2
2023-03-05,48.84428571428571,7,61.32,True,False,False,0.45999999999999996,23.40285714285714,-0.11,0.414,0.8854560256532098,0.4647231720437686,2022,cwma18,inter,2.2
2023-03-12,40.84571428571429,7,51.02,True,False,False,0.0,23.928571428571427,-0.11,0.414,0.9350162426854148,0.35460488704253557,2022,cwma18,inter,2.2
2023-03-19,47.22428571428571,7,56.23,True,False,False,5.92,24.234285714285715,-0.11,0.414,0.970941817426052,0.23931566428755804,2022,cwma18,inter,2.2
2023-03-26,47.41285714285714,7,69.0,True,False,False,0.04,24.548571428571428,-0.11,0.414,0.992708874098054,0.120536680255323,2022,cwma18,inter,2.2
2023-04-02,54.40428571428571,7,77.57,True,False,False,0.54,25.368571428571425,0.19,0.56,1.0,-1.6081226496766366e-16,2022,cwma18,inter,2.2
2023-04-09,60.15857142857143,7,78.965,True,False,False,0.76,25.240000000000002,0.19,0.56,0.992708874098054,-0.12053668025532288,2022,cwma18,inter,2.2
2023-04-16,32.09142857142857,7,42.98,True,False,False,0.0,26.442857142857143,0.19,0.56,0.9709418174260521,-0.2393156642875575,2022,cwma18,inter,2.2
2023-04-23,12.560714285714285,7,24.53,True,False,False,4.6,26.062857142857144,0.19,0.56,0.9350162426854148,-0.35460488704253545,2022,cwma18,inter,2.2
2023-04-30,15.132857142857144,7,30.59,True,False,False,39.66,24.591428571428573,0.19,0.56,0.8854560256532099,-0.4647231720437685,2022,cwma18,inter,2.2
2023-05-07,127.06714285714285,7,216.76,True,False,False,26.12,23.75714285714286,0.46,0.443,0.8229838658936565,-0.5680647467311557,2022,cwma18,inter,2.2
2023-05-14,126.91771428571428,7,176.944,True,False,False,40.74,24.514285714285712,0.46,0.443,0.7485107481711013,-0.6631226582407951,2022,cwma18,inter,2.2
2023-05-21,48.205714285714286,7,85.62,True,False,False,19.16,25.47714285714286,0.46,0.443,0.6631226582407952,-0.7485107481711012,2022,cwma18,inter,2.2
2023-05-28,58.307142857142864,7,93.9,True,False,False,24.54,24.342857142857145,0.46,0.443,0.5680647467311558,-0.8229838658936564,2022,cwma18,inter,2.2
2023-06-04,59.62428571428571,7,82.32,True,False,False,33.88,24.594285714285714,0.73,0.665,0.46472317204376906,-0.8854560256532096,2023,cwma18,SWM,9.19
2023-06-11,37.55285714285714,7,49.45,True,False,False,9.719999999999999,24.18857142857143,0.73,0.665,0.35460488704253584,-0.9350162426854147,2023,cwma18,SWM,9.19
2023-06-18,23.298571428571428,7,25.05,True,False,False,15.0,23.728571428571428,0.73,0.665,0.23931566428755768,-0.970941817426052,2023,cwma18,SWM,9.19
2023-06-25,20.868571428571425,7,34.44,True,False,False,41.58,22.84857142857143,0.73,0.665,0.12053668025532308,-0.992708874098054,2023,cwma18,SWM,9.19
2023-07-02,25.60571428571429,7,34.01,True,False,False,30.18,22.522857142857145,1.0,0.498,-3.216245299353273e-16,-1.0,2023,cwma18,SWM,31.24
2023-07-09,14.817142857142857,7,26.34,True,False,False,161.86,21.237142857142857,1.0,0.498,-0.12053668025532283,-0.992708874098054,2023,cwma18,SWM,31.24
2023-07-16,16.666714285714285,7,34.0,True,False,False,23.14,22.259999999999998,1.0,0.498,-0.23931566428755743,-0.9709418174260521,2023,cwma18,SWM,31.24
2023-07-23,30.687142857142856,7,53.34,True,False,False,64.94,21.534285714285716,1.0,0.498,-0.3546048870425356,-0.9350162426854148,2023,cwma18,SWM,31.24
2023-07-30,298.37142857142857,7,535.9,True,False,False,61.84,21.354285714285712,1.0,0.498,-0.46472317204376806,-0.8854560256532101,2023,cwma18,SWM,31.24
2023-08-06,131.35714285714286,7,199.0,True,False,False,17.48,22.314285714285713,1.25,0.826,-0.5680647467311556,-0.8229838658936565,2023,cwma18,SWM,45.95
2023-08-13,180.25714285714284,7,208.0,True,False,False,16.74,22.782857142857143,1.25,0.826,-0.663122658240795,-0.7485107481711013,2023,cwma18,SWM,45.95
2023-08-20,276.92285714285714,7,428.1,True,False,False,13.84,22.548571428571428,1.25,0.826,-0.7485107481711011,-0.6631226582407952,2023,cwma18,SWM,45.95
2023-08-27,288.27142857142854,7,463.4,True,False,False,16.759999999999998,23.24285714285714,1.25,0.826,-0.8229838658936564,-0.5680647467311559,2023,cwma18,SWM,45.95
2023-09-03,182.14857142857142,7,304.1,True,False,False,13.0,23.360000000000003,1.5,0.946,-0.8854560256532096,-0.4647231720437691,2023,cwma18,SWM,36.76
2023-09-10,171.04285714285714,7,229.8,True,False,False,28.98,22.19142857142857,1.5,0.946,-0.9350162426854147,-0.3546048870425359,2023,cwma18,SWM,36.76
2023-09-17,81.35428571428572,7,100.0,True,False,False,23.98,22.451428571428572,1.5,0.946,-0.970941817426052,-0.23931566428755774,2023,cwma18,SWM,36.76
2023-09-24,141.5857142857143,7,218.0,True,False,False,24.86,22.794285714285714,1.5,0.946,-0.992708874098054,-0.12053668025532357,2023,cwma18,SWM,36.76
2023-10-01,153.94285714285712,7,191.8,True,False,False,29.619999999999997,22.445714285714285,1.74,0.804,-1.0,-1.8369701987210297e-16,2023,cwma18,NEM,20.22
2023-10-08,65.99285714285715,7,90.0,True,False,False,25.96,23.228571428571428,1.74,0.804,-0.992708874098054,0.1205366802553232,2023,cwma18,NEM,20.22
2023-10-15,230.31585714285714,7,362.9,True,False,False,39.24,22.979999999999997,1.74,0.804,-0.9709418174260521,0.23931566428755738,2023,cwma18,NEM,20.22
2023-10-22,151.82857142857142,7,196.1,True,False,False,19.78,23.314285714285717,1.74,0.804,-0.9350162426854148,0.35460488704253557,2023,cwma18,NEM,20.22
2023-10-29,123.24285714285715,7,143.0,True,False,False,9.9,23.18,1.74,0.804,-0.8854560256532101,0.464723172043768,2023,cwma18,NEM,20.22
2023-11-05,74.12285714285714,7,102.0,True,False,False,42.0,22.62,1.9,0.92,-0.822983865893657,0.5680647467311548,2023,cwma18,NEM,13.78
2023-11-12,181.19571428571427,7,266.2,True,False,False,27.279999999999998,22.222857142857144,1.9,0.92,-0.7485107481711011,0.6631226582407953,2023,cwma18,NEM,13.78
2023-11-19,93.11285714285714,7,106.0,True,False,False,0.64,22.377142857142854,1.9,0.92,-0.6631226582407956,0.7485107481711007,2023,cwma18,NEM,13.78
2023-11-26,112.81428571428572,7,138.4,True,False,False,12.440000000000001,22.68857142857143,1.9,0.92,-0.5680647467311559,0.8229838658936564,2023,cwma18,NEM,13.78
2023-12-03,92.9557142857143,7,130.0,True,False,False,2.74,22.862857142857145,1.99,0.852,-0.4647231720437684,0.88545602565321,2023,cwma18,NEM,7.35
2023-12-10,74.55,7,92.38,True,False,False,7.08,22.717142857142854,1.99,0.852,-0.35460488704253595,0.9350162426854147,2023,cwma18,NEM,7.35
2023-12-17,69.80714285714285,7,78.11,True,False,False,0.7000000000000001,22.145714285714288,1.99,0.852,-0.2393156642875578,0.970941817426052,2023,cwma18,NEM,7.35
2023-12-24,46.92428571428571,7,52.18,True,False,False,1.24,21.828571428571426,1.99,0.852,-0.12053668025532363,0.992708874098054,2023,cwma18,NEM,7.35
2023-12-31,34.60857142857143,7,45.0,True,False,False,0.02,21.957142857142856,1.99,0.852,6.432490598706546e-16,1.0,2023,cwma18,NEM,7.35
2024-01-07,29.08285714285714,7,31.57,True,False,False,12.38,22.01142857142857,1.84,0.765,0.12053668025532305,0.992708874098054,2023,cwma18,inter,2.76
2024-01-14,28.945714285714285,7,33.59,True,False,False,2.54,21.917142857142856,1.84,0.765,0.23931566428755774,0.970941817426052,2023,cwma18,inter,2.76
2024-01-21,26.788571428571426,7,48.7,True,False,False,0.16,22.197142857142858,1.84,0.765,0.3546048870425356,0.9350162426854148,2023,cwma18,inter,2.76
2024-01-28,32.55142857142857,7,48.0,True,False,False,0.0,22.580000000000002,1.84,0.765,0.4647231720437685,0.8854560256532099,2023,cwma18,inter,2.76
2024-02-04,15.244285714285715,7,19.07,True,False,False,0.0,22.745714285714286,1.53,0.327,0.5680647467311558,0.8229838658936564,2023,cwma18,inter,2.2
2024-02-11,6.677714285714286,7,8.128,True,False,False,0.0,24.117142857142856,1.53,0.327,0.6631226582407952,0.7485107481711011,2023,cwma18,inter,2.2
2024-02-18,9.407714285714286,7,15.64,True,False,False,0.0,24.265714285714285,1.53,0.327,0.7485107481711011,0.6631226582407953,2023,cwma18,inter,2.2
2024-02-25,5.335285714285715,7,6.528,True,False,False,0.17999999999999997,24.857142857142858,1.53,0.327,0.8229838658936564,0.5680647467311558,2023,cwma18,inter,2.2
2024-03-03,4.965571428571429,7,5.475,True,False,False,0.02,25.268571428571427,1.18,0.421,0.8854560256532098,0.4647231720437686,2023,cwma18,inter,2.2
2024-03-10,4.614571428571429,7,5.0,True,False,False,0.13999999999999999,25.97714285714286,1.18,0.421,0.9350162426854148,0.35460488704253557,2023,cwma18,inter,2.2
2024-03-17,25.603,7,63.55,True,False,False,0.6200000000000001,26.359999999999996,1.18,0.421,0.970941817426052,0.23931566428755804,2023,cwma18,inter,2.2
2024-03-24,5.294142857142857,7,6.957,True,False,False,0.64,26.428571428571427,1.18,0.421,0.992708874098054,0.120536680255323,2023,cwma18,inter,2.2
2024-03-31,4.719285714285713,7,11.0,True,False,False,0.33999999999999997,26.982857142857142,1.18,0.421,1.0,-1.6081226496766366e-16,2023,cwma18,inter,2.2
2024-04-07,4.840428571428572,7,7.486,True,False,False,0.28,27.537142857142857,0.77,0.44,0.992708874098054,-0.12053668025532288,2023,cwma18,inter,2.2
2024-04-14,3.7254285714285715,7,5.241,True,False,False,1.96,27.505714285714284,0.77,0.44,0.9709418174260521,-0.2393156642875575,2023,cwma18,inter,2.2
2024-04-21,3.4038571428571425,7,3.759,True,False,False,3.24,27.54,0.77,0.44,0.9350162426854148,-0.35460488704253545,2023,cwma18,inter,2.2
2024-04-28,6.694000000000001,7,11.852,True,False,False,0.38,28.080000000000002,0.77,0.44,0.8854560256532099,-0.4647231720437685,2023,cwma18,inter,2.2
2024-05-05,3.696142857142857,7,4.357,True,False,False,9.74,27.945714285714285,0.43,0.298,0.8229838658936565,-0.5680647467311557,2023,cwma18,inter,2.2
2024-05-12,13.864428571428572,7,25.0,True,False,False,35.4,26.131428571428568,0.43,0.298,0.7485107481711013,-0.6631226582407951,2023,cwma18,inter,2.2
2024-05-19,36.56742857142857,7,62.62,True,False,False,85.22,24.360000000000003,0.43,0.298,0.6631226582407952,-0.7485107481711012,2023,cwma18,inter,2.2
2024-05-26,41.86342857142857,7,57.0,True,False,False,113.97999999999999,23.617142857142856,0.43,0.298,0.5680647467311558,-0.8229838658936564,2023,cwma18,inter,2.2
2024-06-02,36.03171428571429,7,76.09,True,False,False,40.72,24.21142857142857,0.18,0.197,0.46472317204376906,-0.8854560256532096,2024,cwma18,SWM,9.19
2024-06-09,47.465714285714284,7,57.28,True,False,False,55.22,23.240000000000002,0.18,0.197,0.35460488704253584,-0.9350162426854147,2024,cwma18,SWM,9.19
2024-06-16,26.47557142857143,7,44.98,True,False,False,22.259999999999998,22.602857142857143,0.18,0.197,0.23931566428755768,-0.970941817426052,2024,cwma18,SWM,9.19
2024-06-23,16.100142857142856,7,20.243,True,False,False,25.76,22.594285714285714,0.18,0.197,0.12053668025532308,-0.992708874098054,2024,cwma18,SWM,9.19
2024-06-30,14.469142857142856,7,54.0,True,False,False,55.08,22.111428571428572,0.18,0.197,-3.216245299353273e-16,-1.0,2024,cwma18,SWM,9.19
2024-07-07,57.96857142857142,7,88.21,True,False,False,33.44,22.225714285714282,0.06,0.033,-0.12053668025532283,-0.992708874098054,2024,cwma18,SWM,31.24
2024-07-14,113.03571428571429,7,131.07,True,False,False,54.42000000000001,21.985714285714288,0.06,0.033,-0.23931566428755743,-0.9709418174260521,2024,cwma18,SWM,31.24
2024-07-21,950.9,7,1782.44,True,False,False,138.86,21.062857142857144,0.06,0.033,-0.3546048870425356,-0.9350162426854148,2024,cwma18,SWM,31.24
2024-07-28,2173.4,7,4360.0,True,False,False,50.519999999999996,21.705714285714286,0.06,0.033,-0.46472317204376806,-0.8854560256532101,2024,cwma18,SWM,31.24
2024-08-04,3113.2714285714287,7,4946.9,True,False,False,95.14,21.571428571428573,-0.04,0.267,-0.5680647467311556,-0.8229838658936565,2024,cwma18,SWM,45.95
2024-08-11,594.1714285714286,7,1441.2,True,False,False,57.339999999999996,22.01142857142857,-0.04,0.267,-0.663122658240795,-0.7485107481711013,2024,cwma18,SWM,45.95
2024-08-18,671.7857142857143,7,1065.5,True,False,False,73.32,23.074285714285715,-0.04,0.267,-0.7485107481711011,-0.6631226582407952,2024,cwma18,SWM,45.95
2024-08-25,271.5,7,400.1,True,False,False,39.88,22.568571428571428,-0.04,0.267,-0.8229838658936564,-0.5680647467311559,2024,cwma18,SWM,45.95
2024-09-01,263.3857142857143,7,700.0,True,False,False,33.34,21.72,-0.12,0.115,-0.8854560256532096,-0.4647231720437691,2024,cwma18,SWM,36.76
2024-09-08,485.7285714285714,7,562.5,True,False,False,20.28,22.24285714285714,-0.12,0.115,-0.9350162426854147,-0.3546048870425359,2024,cwma18,SWM,36.76
2024-09-15,363.07142857142856,7,485.0,True,False,False,17.88,22.2,-0.12,0.115,-0.970941817426052,-0.23931566428755774,2024,cwma18,SWM,36.76
2024-09-22,187.1757142857143,7,510.2,True,False,False,7.92,22.217142857142857,-0.12,0.115,-0.992708874098054,-0.12053668025532357,2024,cwma18,SWM,36.76
2024-09-29,127.41428571428573,7,144.9,True,False,False,40.14,22.537142857142857,-0.12,0.115,-1.0,-1.8369701987210297e-16,2024,cwma18,SWM,36.76
2024-10-06,307.6435714285714,7,525.0,True,False,False,60.980000000000004,23.00857142857143,-0.19,-0.196,-0.992708874098054,0.1205366802553232,2024,cwma18,NEM,20.22
2024-10-13,262.85714285714283,7,465.0,True,False,False,72.12,21.974285714285713,-0.19,-0.196,-0.9709418174260521,0.23931566428755738,2024,cwma18,NEM,20.22
2024-10-20,422.62857142857143,7,521.8,True,False,False,60.760000000000005,21.48,-0.19,-0.196,-0.9350162426854148,0.35460488704253557,2024,cwma18,NEM,20.22
2024-10-27,749.4285714285714,7,939.7,True,False,False,40.6,21.782857142857143,-0.19,-0.196,-0.8854560256532101,0.464723172043768,2024,cwma18,NEM,20.22
2024-11-03,291.54285714285714,7,474.0,True,False,False,27.700000000000003,21.96,-0.29,-0.382,-0.822983865893657,0.5680647467311548,2024,cwma18,NEM,13.78
2024-11-10,272.5285714285714,7,330.0,True,False,False,3.8000000000000003,21.900000000000002,-0.29,-0.382,-0.7485107481711011,0.6631226582407953,2024,cwma18,NEM,13.78
2024-11-17,196.85714285714286,7,305.0,True,False,False,38.72,22.034285714285712,-0.29,-0.382,-0.6631226582407956,0.7485107481711007,2024,cwma18,NEM,13.78
2024-11-24,241.9,7,309.3,True,False,False,0.46,21.397142857142857,-0.29,-0.382,-0.5680647467311559,0.8229838658936564,2024,cwma18,NEM,13.78
2024-12-01,138.25714285714284,7,152.4,True,False,False,6.859999999999999,21.60571428571429,-0.43,-0.331,-0.4647231720437684,0.88545602565321,2024,cwma18,NEM,7.35
2024-12-08,387.85714285714283,7,783.6,True,False,False,43.540000000000006,21.914285714285715,-0.43,-0.331,-0.35460488704253595,0.9350162426854147,2024,cwma18,NEM,7.35
2024-12-15,184.0,7,214.0,True,False,False,9.72,21.577142857142857,-0.43,-0.331,-0.2393156642875578,0.970941817426052,2024,cwma18,NEM,7.35
2024-12-22,136.31428571428572,7,217.0,True,False,False,0.24,21.18857142857143,-0.43,-0.331,-0.12053668025532363,0.992708874098054,2024,cwma18,NEM,7.35
2024-12-29,78.42,7,86.2,True,False,False,4.34,21.66,-0.43,-0.331,6.432490598706546e-16,1.0,2024,cwma18,NEM,7.35
2025-01-05,67.2,7,106.0,True,False,False,0.02,20.951428571428572,-0.46,-0.196,0.12053668025532305,0.992708874098054,2024,cwma18,inter,2.76
2025-01-12,32.98571428571429,7,39.2,True,False,False,0.12,21.31142857142857,-0.46,-0.196,0.23931566428755774,0.970941817426052,2024,cwma18,inter,2.76
2025-01-19,27.99857142857143,7,49.0,True,False,False,3.9600000000000004,21.80857142857143,-0.46,-0.196,0.3546048870425356,0.9350162426854148,2024,cwma18,inter,2.76
2025-01-26,43.028571428571425,7,49.5,True,False,False,0.0,21.768571428571427,-0.46,-0.196,0.4647231720437685,0.8854560256532099,2024,cwma18,inter,2.76
2025-02-02,27.214285714285715,7,30.1,True,False,False,0.1,22.202857142857145,-0.22,0.017,0.5680647467311558,0.8229838658936564,2024,cwma18,inter,2.2
2025-02-09,17.363857142857142,7,33.9,True,False,False,0.0,22.454285714285714,-0.22,0.017,0.6631226582407952,0.7485107481711011,2024,cwma18,inter,2.2
2025-02-16,22.196,7,42.6,True,False,False,0.0,22.997142857142855,-0.22,0.017,0.7485107481711011,0.6631226582407953,2024,cwma18,inter,2.2
2025-02-23,23.50114285714286,7,40.2,True,False,False,0.18,24.16,-0.22,0.017,0.8229838658936564,0.5680647467311558,2024,cwma18,inter,2.2
2025-03-02,32.77957142857143,7,55.6,True,False,False,0.04,24.434285714285714,-0.08,0.058,0.8854560256532098,0.4647231720437686,2024,cwma18,inter,2.2
2025-03-09,28.885714285714283,7,40.9,True,False,False,0.44,25.36285714285714,-0.08,0.058,0.9350162426854148,0.35460488704253557,2024,cwma18,inter,2.2
2025-03-16,19.827142857142857,7,43.9,True,False,False,5.28,24.997142857142855,-0.08,0.058,0.970941817426052,0.23931566428755804,2024,cwma18,inter,2.2
2025-03-23,31.861428571428572,7,44.9,True,False,False,12.0,25.020000000000003,-0.08,0.058,0.992708874098054,0.120536680255323,2024,cwma18,inter,2.2
2025-03-30,52.357142857142854,7,91.0,True,False,False,2.0,25.268571428571427,-0.08,0.058,1.0,-1.6081226496766366e-16,2024,cwma18,inter,2.2
2025-04-06,27.075714285714287,7,68.2,True,False,False,28.860000000000003,24.33142857142857,0.02,0.149,0.992708874098054,-0.12053668025532288,2024,cwma18,inter,2.2
2025-04-13,41.325714285714284,7,114.0,True,False,False,6.760000000000001,24.657142857142855,0.02,0.149,0.9709418174260521,-0.2393156642875575,2024,cwma18,inter,2.2
2025-04-20,54.42857142857143,7,89.5,True,False,False,10.3,24.722857142857144,0.02,0.149,0.9350162426854148,-0.35460488704253545,2024,cwma18,inter,2.2
2025-04-27,67.1,7,74.6,True,False,False,4.7,25.762857142857143,0.02,0.149,0.8854560256532099,-0.4647231720437685,2024,cwma18,inter,2.2
2025-05-04,84.12857142857142,7,143.0,True,False,False,17.419999999999998,25.271428571428572,-0.04,0.107,0.8229838658936565,-0.5680647467311557,2024,cwma18,inter,2.2
2025-05-11,48.142857142857146,7,108.0,True,False,False,1.6400000000000001,24.502857142857142,-0.04,0.107,0.7485107481711013,-0.6631226582407951,2024,cwma18,inter,2.2
2025-05-18,73.30428571428571,7,114.0,True,False,False,53.879999999999995,23.762857142857143,-0.04,0.107,0.6631226582407952,-0.7485107481711012,2024,cwma18,inter,2.2
2025-05-25,194.85714285714286,7,372.0,True,False,False,105.8,22.408571428571427,-0.04,0.107,0.5680647467311558,-0.8229838658936564,2024,cwma18,inter,2.2
2025-06-01,103.45714285714287,7,150.0,True,False,False,111.75999999999999,21.80857142857143,-0.02,-0.014,0.46472317204376906,-0.8854560256532096,2025,cwma18,SWM,9.19
2025-06-08,148.57142857142858,7,183.0,True,False,False,10.38,22.802857142857142,-0.02,-0.014,0.35460488704253584,-0.9350162426854147,2025,cwma18,SWM,9.19
2025-06-15,187.85714285714286,7,237.0,True,False,False,74.66,22.12285714285714,-0.02,-0.014,0.23931566428755768,-0.970941817426052,2025,cwma18,SWM,9.19
2025-06-22,350.7142857142857,7,642.0,True,False,False,45.32,21.891428571428573,-0.02,-0.014,0.12053668025532308,-0.992708874098054,2025,cwma18,SWM,9.19
2025-06-29,1017.2857142857143,7,1980.0,True,False,False,28.72,21.634285714285713,-0.02,-0.014,-3.216245299353273e-16,-1.0,2025,cwma18,SWM,9.19
2025-07-06,1157.857142857143,7,1800.0,True,False,False,38.44,21.657142857142855,-0.11,-0.072,-0.12053668025532283,-0.992708874098054,2025,cwma18,SWM,31.24
2025-07-13,978.7142857142857,7,1220.0,True,False,False,27.799999999999997,21.97714285714286,-0.11,-0.072,-0.23931566428755743,-0.9709418174260521,2025,cwma18,SWM,31.24
2025-07-20,672.4285714285714,7,1080.0,True,False,False,140.42000000000002,21.234285714285715,-0.11,-0.072,-0.3546048870425356,-0.9350162426854148,2025,cwma18,SWM,31.24
2025-07-27,750.8571428571429,7,1610.0,True,False,False,93.4,20.842857142857145,-0.11,-0.072,-0.46472317204376806,-0.8854560256532101,2025,cwma18,SWM,31.24
2025-08-03,1563.2857142857142,7,3420.0,True,False,False,49.26,21.862857142857145,-0.26,-0.42,-0.5680647467311556,-0.8229838658936565,2025,cwma18,SWM,45.95
2025-08-10,379.14285714285717,7,651.0,True,False,False,65.9,22.051428571428573,-0.26,-0.42,-0.663122658240795,-0.7485107481711013,2025,cwma18,SWM,45.95
2025-08-17,299.7142857142857,7,492.0,True,False,False,65.5,20.945714285714285,-0.26,-0.42,-0.7485107481711011,-0.6631226582407952,2025,cwma18,SWM,45.95
2025-08-24,1126.7142857142858,7,2780.0,True,False,False,27.060000000000002,21.451428571428572,-0.26,-0.42,-0.8229838658936564,-0.5680647467311559,2025,cwma18,SWM,45.95
2025-08-31,337.14285714285717,7,805.0,True,False,False,78.24,21.294285714285714,-0.26,-0.42,-0.8854560256532096,-0.4647231720437691,2025,cwma18,SWM,45.95
2025-09-07,868.4285714285714,7,1130.0,True,False,False,27.36,21.648571428571426,-0.43,-0.467,-0.9350162426854147,-0.3546048870425359,2025,cwma18,SWM,36.76
2025-09-14,486.7142857142857,7,603.0,True,False,False,8.04,22.262857142857143,-0.43,-0.467,-0.970941817426052,-0.23931566428755774,2025,cwma18,SWM,36.76
2025-09-21,292.85714285714283,7,497.0,True,False,False,44.46,21.81714285714286,-0.43,-0.467,-0.992708874098054,-0.12053668025532357,2025,cwma18,SWM,36.76
2025-09-28,256.57142857142856,7,317.0,True,False,False,28.259999999999998,21.502857142857145,-0.43,-0.467,-1.0,-1.8369701987210297e-16,2025,cwma18,SWM,36.76
2025-10-05,182.28571428571428,7,211.0,True,False,False,21.64,22.074285714285715,-0.57,-0.448,-0.992708874098054,0.1205366802553232,2025,cwma18,NEM,20.22
2025-10-12,616.4285714285714,7,1740.0,True,False,False,68.3,22.431428571428572,-0.57,-0.448,-0.9709418174260521,0.23931566428755738,2025,cwma18,NEM,20.22
2025-10-19,358.0,7,500.0,True,False,False,57.900000000000006,22.47142857142857,-0.57,-0.448,-0.9350162426854148,0.35460488704253557,2025,cwma18,NEM,20.22
2025-10-26,1053.0,7,1590.0,True,False,False,68.72,21.857142857142858,-0.57,-0.448,-0.8854560256532101,0.464723172043768,2025,cwma18,NEM,20.22
2025-11-02,361.7142857142857,7,678.0,True,False,False,6.04,21.542857142857144,-0.61,-0.256,-0.822983865893657,0.5680647467311548,2025,cwma18,NEM,13.78
2025-11-09,200.28571428571428,7,204.0,True,False,False,1.8000000000000003,21.845714285714287,-0.61,-0.256,-0.7485107481711011,0.6631226582407953,2025,cwma18,NEM,13.78
2025-11-16,193.14285714285714,7,222.0,True,False,False,2.34,22.177142857142858,-0.61,-0.256,-0.6631226582407956,0.7485107481711007,2025,cwma18,NEM,13.78
2025-11-23,172.0,7,197.0,True,False,False,12.96,22.199999999999996,-0.61,-0.256,-0.5680647467311559,0.8229838658936564,2025,cwma18,NEM,13.78
2025-11-30,179.47142857142856,7,216.0,True,False,False,1.04,21.128571428571426,-0.61,-0.256,-0.4647231720437684,0.88545602565321,2025,cwma18,NEM,13.78
2025-12-07,136.74285714285716,7,159.0,True,False,False,9.58,22.065714285714286,-0.6,-0.017,-0.35460488704253595,0.9350162426854147,2025,cwma18,NEM,7.35
2025-12-14,96.05714285714285,7,136.0,True,False,False,0.0,20.49142857142857,-0.6,-0.017,-0.2393156642875578,0.970941817426052,2025,cwma18,NEM,7.35
2025-12-21,60.028571428571425,7,83.2,True,False,False,0.5199999999999999,19.877142857142854,-0.6,-0.017,-0.12053668025532363,0.992708874098054,2025,cwma18,NEM,7.35
2025-12-28,41.41428571428571,7,52.0,True,False,False,0.0,18.86285714285714,-0.6,-0.017,6.432490598706546e-16,1.0,2025,cwma18,NEM,7.35
2026-01-04,,3,30.4,False,False,False,1.5799999999999998,20.745714285714286,-0.39,0.123,0.12053668025532305,0.992708874098054,2025,cwma18,inter,2.76
